This file contains any messages produced by compilers while
running configure, to aid debugging if configure makes a mistake.

It was created by GNU C Runtime Library configure 1.0, which was
generated by GNU Autoconf 2.64.  Invocation command line was

  $ /jenhome/jenkins/jobs/LE910Cx_Multi_DAILY/workspace/build/apps_proc/poky/build/tmp-glibc/work-shared/gcc-4.9.3-r0/gcc-4.9.3/libgcc/configure --cache-file=./config.cache --with-cross-host=x86_64-linux --prefix=/jenhome/jenkins/jobs/LE910Cx_Multi_DAILY/workspace/build/apps_proc/poky/build/tmp-glibc/sysroots/x86_64-linux/usr --exec_prefix=/jenhome/jenkins/jobs/LE910Cx_Multi_DAILY/workspace/build/apps_proc/poky/build/tmp-glibc/sysroots/x86_64-linux/usr --bindir=/jenhome/jenkins/jobs/LE910Cx_Multi_DAILY/workspace/build/apps_proc/poky/build/tmp-glibc/sysroots/x86_64-linux/usr/bin/arm-oe-linux-gnueabi.gcc-cross-initial-arm --sbindir=/jenhome/jenkins/jobs/LE910Cx_Multi_DAILY/workspace/build/apps_proc/poky/build/tmp-glibc/sysroots/x86_64-linux/usr/bin/arm-oe-linux-gnueabi.gcc-cross-initial-arm --libexecdir=/jenhome/jenkins/jobs/LE910Cx_Multi_DAILY/workspace/build/apps_proc/poky/build/tmp-glibc/sysroots/x86_64-linux/usr/libexec/arm-oe-linux-gnueabi.gcc-cross-initial-arm --datadir=/jenhome/jenkins/jobs/LE910Cx_Multi_DAILY/workspace/build/apps_proc/poky/build/tmp-glibc/sysroots/x86_64-linux/usr/share --sysconfdir=/jenhome/jenkins/jobs/LE910Cx_Multi_DAILY/workspace/build/apps_proc/poky/build/tmp-glibc/sysroots/x86_64-linux/etc --sharedstatedir=/jenhome/jenkins/jobs/LE910Cx_Multi_DAILY/workspace/build/apps_proc/poky/build/tmp-glibc/sysroots/x86_64-linux/com --localstatedir=/jenhome/jenkins/jobs/LE910Cx_Multi_DAILY/workspace/build/apps_proc/poky/build/tmp-glibc/sysroots/x86_64-linux/var --libdir=/jenhome/jenkins/jobs/LE910Cx_Multi_DAILY/workspace/build/apps_proc/poky/build/tmp-glibc/sysroots/x86_64-linux/usr/lib/arm-oe-linux-gnueabi.gcc-cross-initial-arm --includedir=/jenhome/jenkins/jobs/LE910Cx_Multi_DAILY/workspace/build/apps_proc/poky/build/tmp-glibc/sysroots/x86_64-linux/usr/include --oldincludedir=/jenhome/jenkins/jobs/LE910Cx_Multi_DAILY/workspace/build/apps_proc/poky/build/tmp-glibc/sysroots/x86_64-linux/usr/include --infodir=/jenhome/jenkins/jobs/LE910Cx_Multi_DAILY/workspace/build/apps_proc/poky/build/tmp-glibc/sysroots/x86_64-linux/usr/share/info --mandir=/jenhome/jenkins/jobs/LE910Cx_Multi_DAILY/workspace/build/apps_proc/poky/build/tmp-glibc/sysroots/x86_64-linux/usr/share/man --disable-silent-rules --disable-dependency-tracking --with-libtool-sysroot=/jenhome/jenkins/jobs/LE910Cx_Multi_DAILY/workspace/build/apps_proc/poky/build/tmp-glibc/sysroots/x86_64-linux --with-newlib --without-headers --disable-shared --disable-threads --disable-multilib --disable-__cxa_atexit --enable-target-optspace --with-sysroot=/not/exist --with-build-sysroot=/jenhome/jenkins/jobs/LE910Cx_Multi_DAILY/workspace/build/apps_proc/poky/build/tmp-glibc/work/x86_64-linux/gcc-cross-initial-arm/4.9.3-r0/gcc-4.9.3/build.x86_64-linux.arm-oe-linux-gnueabi/tmpsysroot --disable-libmudflap --disable-libgomp --disable-libssp --disable-libquadmath --with-system-zlib --disable-lto --disable-plugin --enable-decimal-float=no --with-ld=/jenhome/jenkins/jobs/LE910Cx_Multi_DAILY/workspace/build/apps_proc/poky/build/tmp-glibc/sysroots/x86_64-linux/usr/bin/arm-oe-linux-gnueabi/arm-oe-linux-gnueabi-ld.bfd --with-native-system-header-dir=/usr/include --disable-nls --with-arch=armv7-a --enable-languages=c --program-transform-name=s&^&arm-oe-linux-gnueabi-& --disable-option-checking --with-target-subdir=arm-oe-linux-gnueabi --build=x86_64-linux --host=arm-oe-linux-gnueabi --target=arm-oe-linux-gnueabi --srcdir=/jenhome/jenkins/jobs/LE910Cx_Multi_DAILY/workspace/build/apps_proc/poky/build/tmp-glibc/work-shared/gcc-4.9.3-r0/gcc-4.9.3/libgcc

## --------- ##
## Platform. ##
## --------- ##

hostname = srv-krs-jen05
uname -m = x86_64
uname -r = 4.4.0-148-generic
uname -s = Linux
uname -v = #174~14.04.1-Ubuntu SMP Thu May 9 08:17:37 UTC 2019

/usr/bin/uname -p = unknown
/bin/uname -X     = unknown

/bin/arch              = unknown
/usr/bin/arch -k       = unknown
/usr/convex/getsysinfo = unknown
/usr/bin/hostinfo      = unknown
/bin/machine           = unknown
/usr/bin/oslevel       = unknown
/bin/universe          = unknown

PATH: /jenhome/jenkins/jobs/LE910Cx_Multi_DAILY/workspace/build/apps_proc/poky/build/tmp-glibc/sysroots/x86_64-linux/usr/bin/texinfo-dummy-native
PATH: /jenhome/jenkins/jobs/LE910Cx_Multi_DAILY/workspace/build/apps_proc/poky/scripts
PATH: /jenhome/jenkins/jobs/LE910Cx_Multi_DAILY/workspace/build/apps_proc/poky/build/tmp-glibc/sysroots/x86_64-linux/usr/bin/arm-oe-linux-gnueabi
PATH: /jenhome/jenkins/jobs/LE910Cx_Multi_DAILY/workspace/build/apps_proc/poky/build/tmp-glibc/sysroots/x86_64-linux/jenhome/jenkins/jobs/LE910Cx_Multi_DAILY/workspace/build/apps_proc/poky/build/tmp-glibc/sysroots/x86_64-linux/usr/bin/arm-oe-linux-gnueabi.gcc-cross-initial-arm/crossscripts
PATH: /jenhome/jenkins/jobs/LE910Cx_Multi_DAILY/workspace/build/apps_proc/poky/build/tmp-glibc/sysroots/x86_64-linux/usr/sbin
PATH: /jenhome/jenkins/jobs/LE910Cx_Multi_DAILY/workspace/build/apps_proc/poky/build/tmp-glibc/sysroots/x86_64-linux/usr/bin
PATH: /jenhome/jenkins/jobs/LE910Cx_Multi_DAILY/workspace/build/apps_proc/poky/build/tmp-glibc/sysroots/x86_64-linux/sbin
PATH: /jenhome/jenkins/jobs/LE910Cx_Multi_DAILY/workspace/build/apps_proc/poky/build/tmp-glibc/sysroots/x86_64-linux/bin
PATH: /jenhome/jenkins/jobs/LE910Cx_Multi_DAILY/workspace/build/apps_proc/poky/scripts
PATH: /jenhome/jenkins/jobs/LE910Cx_Multi_DAILY/workspace/build/apps_proc/poky/bitbake/bin
PATH: /opt/.pyenv/versions/2.7.5/bin
PATH: /home/TMT/svc_krs_jenkins/bin
PATH: ~/bin
PATH: /opt/rational/clearcase/bin
PATH: /usr/local/sbin
PATH: /usr/local/bin
PATH: /usr/sbin
PATH: /usr/bin
PATH: /sbin
PATH: /bin
PATH: /usr/games
PATH: /usr/local/games


## ----------- ##
## Core tests. ##
## ----------- ##

configure:1980: creating cache ./config.cache
configure:2163: checking build system type
configure:2177: result: x86_64-pc-linux-gnu
configure:2197: checking host system type
configure:2210: result: arm-oe-linux-gnueabi
configure:2307: checking for --enable-version-specific-runtime-libs
configure:2320: result: no
configure:2368: checking for a BSD-compatible install
configure:2436: result: /usr/bin/install -c
configure:2452: checking for gawk
configure:2479: result: gawk
configure:2579: checking for arm-oe-linux-gnueabi-ar
configure:2606: result: arm-oe-linux-gnueabi-ar
configure:2671: checking for arm-oe-linux-gnueabi-lipo
configure:2698: result: arm-oe-linux-gnueabi-lipo
configure:2763: checking for arm-oe-linux-gnueabi-nm
configure:2790: result: /jenhome/jenkins/jobs/LE910Cx_Multi_DAILY/workspace/build/apps_proc/poky/build/tmp-glibc/work/x86_64-linux/gcc-cross-initial-arm/4.9.3-r0/gcc-4.9.3/build.x86_64-linux.arm-oe-linux-gnueabi/./gcc/nm
configure:2855: checking for arm-oe-linux-gnueabi-ranlib
configure:2882: result: arm-oe-linux-gnueabi-ranlib
configure:2947: checking for arm-oe-linux-gnueabi-strip
configure:2974: result: arm-oe-linux-gnueabi-strip
configure:3036: checking whether ln -s works
configure:3040: result: yes
configure:3057: checking for arm-oe-linux-gnueabi-gcc
configure:3084: result:  /jenhome/jenkins/jobs/LE910Cx_Multi_DAILY/workspace/build/apps_proc/poky/build/tmp-glibc/work/x86_64-linux/gcc-cross-initial-arm/4.9.3-r0/gcc-4.9.3/build.x86_64-linux.arm-oe-linux-gnueabi/./gcc/xgcc -B/jenhome/jenkins/jobs/LE910Cx_Multi_DAILY/workspace/build/apps_proc/poky/build/tmp-glibc/work/x86_64-linux/gcc-cross-initial-arm/4.9.3-r0/gcc-4.9.3/build.x86_64-linux.arm-oe-linux-gnueabi/./gcc/ -B/jenhome/jenkins/jobs/LE910Cx_Multi_DAILY/workspace/build/apps_proc/poky/build/tmp-glibc/sysroots/x86_64-linux/usr/arm-oe-linux-gnueabi/bin/ -B/jenhome/jenkins/jobs/LE910Cx_Multi_DAILY/workspace/build/apps_proc/poky/build/tmp-glibc/sysroots/x86_64-linux/usr/arm-oe-linux-gnueabi/lib/ -isystem /jenhome/jenkins/jobs/LE910Cx_Multi_DAILY/workspace/build/apps_proc/poky/build/tmp-glibc/sysroots/x86_64-linux/usr/arm-oe-linux-gnueabi/include -isystem /jenhome/jenkins/jobs/LE910Cx_Multi_DAILY/workspace/build/apps_proc/poky/build/tmp-glibc/sysroots/x86_64-linux/usr/arm-oe-linux-gnueabi/sys-include --sysroot=/jenhome/jenkins/jobs/LE910Cx_Multi_DAILY/workspace/build/apps_proc/poky/build/tmp-glibc/work/x86_64-linux/gcc-cross-initial-arm/4.9.3-r0/gcc-4.9.3/build.x86_64-linux.arm-oe-linux-gnueabi/tmpsysroot  
configure:3353: checking for C compiler version
configure:3362:  /jenhome/jenkins/jobs/LE910Cx_Multi_DAILY/workspace/build/apps_proc/poky/build/tmp-glibc/work/x86_64-linux/gcc-cross-initial-arm/4.9.3-r0/gcc-4.9.3/build.x86_64-linux.arm-oe-linux-gnueabi/./gcc/xgcc -B/jenhome/jenkins/jobs/LE910Cx_Multi_DAILY/workspace/build/apps_proc/poky/build/tmp-glibc/work/x86_64-linux/gcc-cross-initial-arm/4.9.3-r0/gcc-4.9.3/build.x86_64-linux.arm-oe-linux-gnueabi/./gcc/ -B/jenhome/jenkins/jobs/LE910Cx_Multi_DAILY/workspace/build/apps_proc/poky/build/tmp-glibc/sysroots/x86_64-linux/usr/arm-oe-linux-gnueabi/bin/ -B/jenhome/jenkins/jobs/LE910Cx_Multi_DAILY/workspace/build/apps_proc/poky/build/tmp-glibc/sysroots/x86_64-linux/usr/arm-oe-linux-gnueabi/lib/ -isystem /jenhome/jenkins/jobs/LE910Cx_Multi_DAILY/workspace/build/apps_proc/poky/build/tmp-glibc/sysroots/x86_64-linux/usr/arm-oe-linux-gnueabi/include -isystem /jenhome/jenkins/jobs/LE910Cx_Multi_DAILY/workspace/build/apps_proc/poky/build/tmp-glibc/sysroots/x86_64-linux/usr/arm-oe-linux-gnueabi/sys-include --sysroot=/jenhome/jenkins/jobs/LE910Cx_Multi_DAILY/workspace/build/apps_proc/poky/build/tmp-glibc/work/x86_64-linux/gcc-cross-initial-arm/4.9.3-r0/gcc-4.9.3/build.x86_64-linux.arm-oe-linux-gnueabi/tmpsysroot   --version >&5
xgcc (GCC) 4.9.3
Copyright (C) 2015 Free Software Foundation, Inc.
This is free software; see the source for copying conditions.  There is NO
warranty; not even for MERCHANTABILITY or FITNESS FOR A PARTICULAR PURPOSE.

configure:3373: $? = 0
configure:3362:  /jenhome/jenkins/jobs/LE910Cx_Multi_DAILY/workspace/build/apps_proc/poky/build/tmp-glibc/work/x86_64-linux/gcc-cross-initial-arm/4.9.3-r0/gcc-4.9.3/build.x86_64-linux.arm-oe-linux-gnueabi/./gcc/xgcc -B/jenhome/jenkins/jobs/LE910Cx_Multi_DAILY/workspace/build/apps_proc/poky/build/tmp-glibc/work/x86_64-linux/gcc-cross-initial-arm/4.9.3-r0/gcc-4.9.3/build.x86_64-linux.arm-oe-linux-gnueabi/./gcc/ -B/jenhome/jenkins/jobs/LE910Cx_Multi_DAILY/workspace/build/apps_proc/poky/build/tmp-glibc/sysroots/x86_64-linux/usr/arm-oe-linux-gnueabi/bin/ -B/jenhome/jenkins/jobs/LE910Cx_Multi_DAILY/workspace/build/apps_proc/poky/build/tmp-glibc/sysroots/x86_64-linux/usr/arm-oe-linux-gnueabi/lib/ -isystem /jenhome/jenkins/jobs/LE910Cx_Multi_DAILY/workspace/build/apps_proc/poky/build/tmp-glibc/sysroots/x86_64-linux/usr/arm-oe-linux-gnueabi/include -isystem /jenhome/jenkins/jobs/LE910Cx_Multi_DAILY/workspace/build/apps_proc/poky/build/tmp-glibc/sysroots/x86_64-linux/usr/arm-oe-linux-gnueabi/sys-include --sysroot=/jenhome/jenkins/jobs/LE910Cx_Multi_DAILY/workspace/build/apps_proc/poky/build/tmp-glibc/work/x86_64-linux/gcc-cross-initial-arm/4.9.3-r0/gcc-4.9.3/build.x86_64-linux.arm-oe-linux-gnueabi/tmpsysroot   -v >&5
Reading specs from /jenhome/jenkins/jobs/LE910Cx_Multi_DAILY/workspace/build/apps_proc/poky/build/tmp-glibc/work/x86_64-linux/gcc-cross-initial-arm/4.9.3-r0/gcc-4.9.3/build.x86_64-linux.arm-oe-linux-gnueabi/./gcc/specs
COLLECT_GCC=/jenhome/jenkins/jobs/LE910Cx_Multi_DAILY/workspace/build/apps_proc/poky/build/tmp-glibc/work/x86_64-linux/gcc-cross-initial-arm/4.9.3-r0/gcc-4.9.3/build.x86_64-linux.arm-oe-linux-gnueabi/./gcc/xgcc
COLLECT_LTO_WRAPPER=/jenhome/jenkins/jobs/LE910Cx_Multi_DAILY/workspace/build/apps_proc/poky/build/tmp-glibc/work/x86_64-linux/gcc-cross-initial-arm/4.9.3-r0/gcc-4.9.3/build.x86_64-linux.arm-oe-linux-gnueabi/./gcc/lto-wrapper
Target: arm-oe-linux-gnueabi
Configured with: /jenhome/jenkins/jobs/LE910Cx_Multi_DAILY/workspace/build/apps_proc/poky/build/tmp-glibc/work-shared/gcc-4.9.3-r0/gcc-4.9.3/configure --build=x86_64-linux --host=x86_64-linux --target=arm-oe-linux-gnueabi --prefix=/jenhome/jenkins/jobs/LE910Cx_Multi_DAILY/workspace/build/apps_proc/poky/build/tmp-glibc/sysroots/x86_64-linux/usr --exec_prefix=/jenhome/jenkins/jobs/LE910Cx_Multi_DAILY/workspace/build/apps_proc/poky/build/tmp-glibc/sysroots/x86_64-linux/usr --bindir=/jenhome/jenkins/jobs/LE910Cx_Multi_DAILY/workspace/build/apps_proc/poky/build/tmp-glibc/sysroots/x86_64-linux/usr/bin/arm-oe-linux-gnueabi.gcc-cross-initial-arm --sbindir=/jenhome/jenkins/jobs/LE910Cx_Multi_DAILY/workspace/build/apps_proc/poky/build/tmp-glibc/sysroots/x86_64-linux/usr/bin/arm-oe-linux-gnueabi.gcc-cross-initial-arm --libexecdir=/jenhome/jenkins/jobs/LE910Cx_Multi_DAILY/workspace/build/apps_proc/poky/build/tmp-glibc/sysroots/x86_64-linux/usr/libexec/arm-oe-linux-gnueabi.gcc-cross-initial-arm --datadir=/jenhome/jenkins/jobs/LE910Cx_Multi_DAILY/workspace/build/apps_proc/poky/build/tmp-glibc/sysroots/x86_64-linux/usr/share --sysconfdir=/jenhome/jenkins/jobs/LE910Cx_Multi_DAILY/workspace/build/apps_proc/poky/build/tmp-glibc/sysroots/x86_64-linux/etc --sharedstatedir=/jenhome/jenkins/jobs/LE910Cx_Multi_DAILY/workspace/build/apps_proc/poky/build/tmp-glibc/sysroots/x86_64-linux/com --localstatedir=/jenhome/jenkins/jobs/LE910Cx_Multi_DAILY/workspace/build/apps_proc/poky/build/tmp-glibc/sysroots/x86_64-linux/var --libdir=/jenhome/jenkins/jobs/LE910Cx_Multi_DAILY/workspace/build/apps_proc/poky/build/tmp-glibc/sysroots/x86_64-linux/usr/lib/arm-oe-linux-gnueabi.gcc-cross-initial-arm --includedir=/jenhome/jenkins/jobs/LE910Cx_Multi_DAILY/workspace/build/apps_proc/poky/build/tmp-glibc/sysroots/x86_64-linux/usr/include --oldincludedir=/jenhome/jenkins/jobs/LE910Cx_Multi_DAILY/workspace/build/apps_proc/poky/build/tmp-glibc/sysroots/x86_64-linux/usr/include --infodir=/jenhome/jenkins/jobs/LE910Cx_Multi_DAILY/workspace/build/apps_proc/poky/build/tmp-glibc/sysroots/x86_64-linux/usr/share/info --mandir=/jenhome/jenkins/jobs/LE910Cx_Multi_DAILY/workspace/build/apps_proc/poky/build/tmp-glibc/sysroots/x86_64-linux/usr/share/man --disable-silent-rules --disable-dependency-tracking --with-libtool-sysroot=/jenhome/jenkins/jobs/LE910Cx_Multi_DAILY/workspace/build/apps_proc/poky/build/tmp-glibc/sysroots/x86_64-linux --with-newlib --without-headers --disable-shared --disable-threads --disable-multilib --disable-__cxa_atexit --enable-languages=c --enable-target-optspace --program-prefix=arm-oe-linux-gnueabi- --with-sysroot=/not/exist --with-build-sysroot=/jenhome/jenkins/jobs/LE910Cx_Multi_DAILY/workspace/build/apps_proc/poky/build/tmp-glibc/work/x86_64-linux/gcc-cross-initial-arm/4.9.3-r0/gcc-4.9.3/build.x86_64-linux.arm-oe-linux-gnueabi/tmpsysroot --disable-libmudflap --disable-libgomp --disable-libssp --disable-libquadmath --with-system-zlib --disable-lto --disable-plugin --enable-decimal-float=no --with-ld=/jenhome/jenkins/jobs/LE910Cx_Multi_DAILY/workspace/build/apps_proc/poky/build/tmp-glibc/sysroots/x86_64-linux/usr/bin/arm-oe-linux-gnueabi/arm-oe-linux-gnueabi-ld.bfd --with-native-system-header-dir=/usr/include --disable-nls --with-arch=armv7-a
Thread model: single
gcc version 4.9.3 (GCC) 
configure:3373: $? = 0
configure:3362:  /jenhome/jenkins/jobs/LE910Cx_Multi_DAILY/workspace/build/apps_proc/poky/build/tmp-glibc/work/x86_64-linux/gcc-cross-initial-arm/4.9.3-r0/gcc-4.9.3/build.x86_64-linux.arm-oe-linux-gnueabi/./gcc/xgcc -B/jenhome/jenkins/jobs/LE910Cx_Multi_DAILY/workspace/build/apps_proc/poky/build/tmp-glibc/work/x86_64-linux/gcc-cross-initial-arm/4.9.3-r0/gcc-4.9.3/build.x86_64-linux.arm-oe-linux-gnueabi/./gcc/ -B/jenhome/jenkins/jobs/LE910Cx_Multi_DAILY/workspace/build/apps_proc/poky/build/tmp-glibc/sysroots/x86_64-linux/usr/arm-oe-linux-gnueabi/bin/ -B/jenhome/jenkins/jobs/LE910Cx_Multi_DAILY/workspace/build/apps_proc/poky/build/tmp-glibc/sysroots/x86_64-linux/usr/arm-oe-linux-gnueabi/lib/ -isystem /jenhome/jenkins/jobs/LE910Cx_Multi_DAILY/workspace/build/apps_proc/poky/build/tmp-glibc/sysroots/x86_64-linux/usr/arm-oe-linux-gnueabi/include -isystem /jenhome/jenkins/jobs/LE910Cx_Multi_DAILY/workspace/build/apps_proc/poky/build/tmp-glibc/sysroots/x86_64-linux/usr/arm-oe-linux-gnueabi/sys-include --sysroot=/jenhome/jenkins/jobs/LE910Cx_Multi_DAILY/workspace/build/apps_proc/poky/build/tmp-glibc/work/x86_64-linux/gcc-cross-initial-arm/4.9.3-r0/gcc-4.9.3/build.x86_64-linux.arm-oe-linux-gnueabi/tmpsysroot   -V >&5
xgcc: error: unrecognized command line option '-V'
xgcc: fatal error: no input files
compilation terminated.
configure:3373: $? = 1
configure:3362:  /jenhome/jenkins/jobs/LE910Cx_Multi_DAILY/workspace/build/apps_proc/poky/build/tmp-glibc/work/x86_64-linux/gcc-cross-initial-arm/4.9.3-r0/gcc-4.9.3/build.x86_64-linux.arm-oe-linux-gnueabi/./gcc/xgcc -B/jenhome/jenkins/jobs/LE910Cx_Multi_DAILY/workspace/build/apps_proc/poky/build/tmp-glibc/work/x86_64-linux/gcc-cross-initial-arm/4.9.3-r0/gcc-4.9.3/build.x86_64-linux.arm-oe-linux-gnueabi/./gcc/ -B/jenhome/jenkins/jobs/LE910Cx_Multi_DAILY/workspace/build/apps_proc/poky/build/tmp-glibc/sysroots/x86_64-linux/usr/arm-oe-linux-gnueabi/bin/ -B/jenhome/jenkins/jobs/LE910Cx_Multi_DAILY/workspace/build/apps_proc/poky/build/tmp-glibc/sysroots/x86_64-linux/usr/arm-oe-linux-gnueabi/lib/ -isystem /jenhome/jenkins/jobs/LE910Cx_Multi_DAILY/workspace/build/apps_proc/poky/build/tmp-glibc/sysroots/x86_64-linux/usr/arm-oe-linux-gnueabi/include -isystem /jenhome/jenkins/jobs/LE910Cx_Multi_DAILY/workspace/build/apps_proc/poky/build/tmp-glibc/sysroots/x86_64-linux/usr/arm-oe-linux-gnueabi/sys-include --sysroot=/jenhome/jenkins/jobs/LE910Cx_Multi_DAILY/workspace/build/apps_proc/poky/build/tmp-glibc/work/x86_64-linux/gcc-cross-initial-arm/4.9.3-r0/gcc-4.9.3/build.x86_64-linux.arm-oe-linux-gnueabi/tmpsysroot   -qversion >&5
xgcc: error: unrecognized command line option '-qversion'
xgcc: fatal error: no input files
compilation terminated.
configure:3373: $? = 1
configure:3389:  /jenhome/jenkins/jobs/LE910Cx_Multi_DAILY/workspace/build/apps_proc/poky/build/tmp-glibc/work/x86_64-linux/gcc-cross-initial-arm/4.9.3-r0/gcc-4.9.3/build.x86_64-linux.arm-oe-linux-gnueabi/./gcc/xgcc -B/jenhome/jenkins/jobs/LE910Cx_Multi_DAILY/workspace/build/apps_proc/poky/build/tmp-glibc/work/x86_64-linux/gcc-cross-initial-arm/4.9.3-r0/gcc-4.9.3/build.x86_64-linux.arm-oe-linux-gnueabi/./gcc/ -B/jenhome/jenkins/jobs/LE910Cx_Multi_DAILY/workspace/build/apps_proc/poky/build/tmp-glibc/sysroots/x86_64-linux/usr/arm-oe-linux-gnueabi/bin/ -B/jenhome/jenkins/jobs/LE910Cx_Multi_DAILY/workspace/build/apps_proc/poky/build/tmp-glibc/sysroots/x86_64-linux/usr/arm-oe-linux-gnueabi/lib/ -isystem /jenhome/jenkins/jobs/LE910Cx_Multi_DAILY/workspace/build/apps_proc/poky/build/tmp-glibc/sysroots/x86_64-linux/usr/arm-oe-linux-gnueabi/include -isystem /jenhome/jenkins/jobs/LE910Cx_Multi_DAILY/workspace/build/apps_proc/poky/build/tmp-glibc/sysroots/x86_64-linux/usr/arm-oe-linux-gnueabi/sys-include --sysroot=/jenhome/jenkins/jobs/LE910Cx_Multi_DAILY/workspace/build/apps_proc/poky/build/tmp-glibc/work/x86_64-linux/gcc-cross-initial-arm/4.9.3-r0/gcc-4.9.3/build.x86_64-linux.arm-oe-linux-gnueabi/tmpsysroot   -o conftest -g -Os  -Wl,-O1 -Wl,--hash-style=gnu -Wl,--as-needed -Wl,-z,relro,-z,now,-z,noexecstack conftest.c  >&5
/jenhome/jenkins/jobs/LE910Cx_Multi_DAILY/workspace/build/apps_proc/poky/build/tmp-glibc/sysroots/x86_64-linux/usr/bin/arm-oe-linux-gnueabi/arm-oe-linux-gnueabi-ld.bfd: cannot find crt1.o: No such file or directory
/jenhome/jenkins/jobs/LE910Cx_Multi_DAILY/workspace/build/apps_proc/poky/build/tmp-glibc/sysroots/x86_64-linux/usr/bin/arm-oe-linux-gnueabi/arm-oe-linux-gnueabi-ld.bfd: cannot find crti.o: No such file or directory
/jenhome/jenkins/jobs/LE910Cx_Multi_DAILY/workspace/build/apps_proc/poky/build/tmp-glibc/sysroots/x86_64-linux/usr/bin/arm-oe-linux-gnueabi/arm-oe-linux-gnueabi-ld.bfd: cannot find crtbegin.o: No such file or directory
/jenhome/jenkins/jobs/LE910Cx_Multi_DAILY/workspace/build/apps_proc/poky/build/tmp-glibc/sysroots/x86_64-linux/usr/bin/arm-oe-linux-gnueabi/arm-oe-linux-gnueabi-ld.bfd: cannot find -lgcc
/jenhome/jenkins/jobs/LE910Cx_Multi_DAILY/workspace/build/apps_proc/poky/build/tmp-glibc/sysroots/x86_64-linux/usr/bin/arm-oe-linux-gnueabi/arm-oe-linux-gnueabi-ld.bfd: cannot find -lc
/jenhome/jenkins/jobs/LE910Cx_Multi_DAILY/workspace/build/apps_proc/poky/build/tmp-glibc/sysroots/x86_64-linux/usr/bin/arm-oe-linux-gnueabi/arm-oe-linux-gnueabi-ld.bfd: cannot find -lgcc
/jenhome/jenkins/jobs/LE910Cx_Multi_DAILY/workspace/build/apps_proc/poky/build/tmp-glibc/sysroots/x86_64-linux/usr/bin/arm-oe-linux-gnueabi/arm-oe-linux-gnueabi-ld.bfd: cannot find crtend.o: No such file or directory
/jenhome/jenkins/jobs/LE910Cx_Multi_DAILY/workspace/build/apps_proc/poky/build/tmp-glibc/sysroots/x86_64-linux/usr/bin/arm-oe-linux-gnueabi/arm-oe-linux-gnueabi-ld.bfd: cannot find crtn.o: No such file or directory
collect2: error: ld returned 1 exit status
configure:3392: $? = 1
configure:3580: checking for suffix of object files
configure:3602:  /jenhome/jenkins/jobs/LE910Cx_Multi_DAILY/workspace/build/apps_proc/poky/build/tmp-glibc/work/x86_64-linux/gcc-cross-initial-arm/4.9.3-r0/gcc-4.9.3/build.x86_64-linux.arm-oe-linux-gnueabi/./gcc/xgcc -B/jenhome/jenkins/jobs/LE910Cx_Multi_DAILY/workspace/build/apps_proc/poky/build/tmp-glibc/work/x86_64-linux/gcc-cross-initial-arm/4.9.3-r0/gcc-4.9.3/build.x86_64-linux.arm-oe-linux-gnueabi/./gcc/ -B/jenhome/jenkins/jobs/LE910Cx_Multi_DAILY/workspace/build/apps_proc/poky/build/tmp-glibc/sysroots/x86_64-linux/usr/arm-oe-linux-gnueabi/bin/ -B/jenhome/jenkins/jobs/LE910Cx_Multi_DAILY/workspace/build/apps_proc/poky/build/tmp-glibc/sysroots/x86_64-linux/usr/arm-oe-linux-gnueabi/lib/ -isystem /jenhome/jenkins/jobs/LE910Cx_Multi_DAILY/workspace/build/apps_proc/poky/build/tmp-glibc/sysroots/x86_64-linux/usr/arm-oe-linux-gnueabi/include -isystem /jenhome/jenkins/jobs/LE910Cx_Multi_DAILY/workspace/build/apps_proc/poky/build/tmp-glibc/sysroots/x86_64-linux/usr/arm-oe-linux-gnueabi/sys-include --sysroot=/jenhome/jenkins/jobs/LE910Cx_Multi_DAILY/workspace/build/apps_proc/poky/build/tmp-glibc/work/x86_64-linux/gcc-cross-initial-arm/4.9.3-r0/gcc-4.9.3/build.x86_64-linux.arm-oe-linux-gnueabi/tmpsysroot   -c -g -Os  conftest.c >&5
configure:3606: $? = 0
configure:3627: result: o
configure:3631: checking whether we are using the GNU C compiler
configure:3650:  /jenhome/jenkins/jobs/LE910Cx_Multi_DAILY/workspace/build/apps_proc/poky/build/tmp-glibc/work/x86_64-linux/gcc-cross-initial-arm/4.9.3-r0/gcc-4.9.3/build.x86_64-linux.arm-oe-linux-gnueabi/./gcc/xgcc -B/jenhome/jenkins/jobs/LE910Cx_Multi_DAILY/workspace/build/apps_proc/poky/build/tmp-glibc/work/x86_64-linux/gcc-cross-initial-arm/4.9.3-r0/gcc-4.9.3/build.x86_64-linux.arm-oe-linux-gnueabi/./gcc/ -B/jenhome/jenkins/jobs/LE910Cx_Multi_DAILY/workspace/build/apps_proc/poky/build/tmp-glibc/sysroots/x86_64-linux/usr/arm-oe-linux-gnueabi/bin/ -B/jenhome/jenkins/jobs/LE910Cx_Multi_DAILY/workspace/build/apps_proc/poky/build/tmp-glibc/sysroots/x86_64-linux/usr/arm-oe-linux-gnueabi/lib/ -isystem /jenhome/jenkins/jobs/LE910Cx_Multi_DAILY/workspace/build/apps_proc/poky/build/tmp-glibc/sysroots/x86_64-linux/usr/arm-oe-linux-gnueabi/include -isystem /jenhome/jenkins/jobs/LE910Cx_Multi_DAILY/workspace/build/apps_proc/poky/build/tmp-glibc/sysroots/x86_64-linux/usr/arm-oe-linux-gnueabi/sys-include --sysroot=/jenhome/jenkins/jobs/LE910Cx_Multi_DAILY/workspace/build/apps_proc/poky/build/tmp-glibc/work/x86_64-linux/gcc-cross-initial-arm/4.9.3-r0/gcc-4.9.3/build.x86_64-linux.arm-oe-linux-gnueabi/tmpsysroot   -c -g -Os  conftest.c >&5
configure:3650: $? = 0
configure:3659: result: yes
configure:3668: checking whether  /jenhome/jenkins/jobs/LE910Cx_Multi_DAILY/workspace/build/apps_proc/poky/build/tmp-glibc/work/x86_64-linux/gcc-cross-initial-arm/4.9.3-r0/gcc-4.9.3/build.x86_64-linux.arm-oe-linux-gnueabi/./gcc/xgcc -B/jenhome/jenkins/jobs/LE910Cx_Multi_DAILY/workspace/build/apps_proc/poky/build/tmp-glibc/work/x86_64-linux/gcc-cross-initial-arm/4.9.3-r0/gcc-4.9.3/build.x86_64-linux.arm-oe-linux-gnueabi/./gcc/ -B/jenhome/jenkins/jobs/LE910Cx_Multi_DAILY/workspace/build/apps_proc/poky/build/tmp-glibc/sysroots/x86_64-linux/usr/arm-oe-linux-gnueabi/bin/ -B/jenhome/jenkins/jobs/LE910Cx_Multi_DAILY/workspace/build/apps_proc/poky/build/tmp-glibc/sysroots/x86_64-linux/usr/arm-oe-linux-gnueabi/lib/ -isystem /jenhome/jenkins/jobs/LE910Cx_Multi_DAILY/workspace/build/apps_proc/poky/build/tmp-glibc/sysroots/x86_64-linux/usr/arm-oe-linux-gnueabi/include -isystem /jenhome/jenkins/jobs/LE910Cx_Multi_DAILY/workspace/build/apps_proc/poky/build/tmp-glibc/sysroots/x86_64-linux/usr/arm-oe-linux-gnueabi/sys-include --sysroot=/jenhome/jenkins/jobs/LE910Cx_Multi_DAILY/workspace/build/apps_proc/poky/build/tmp-glibc/work/x86_64-linux/gcc-cross-initial-arm/4.9.3-r0/gcc-4.9.3/build.x86_64-linux.arm-oe-linux-gnueabi/tmpsysroot   accepts -g
configure:3688:  /jenhome/jenkins/jobs/LE910Cx_Multi_DAILY/workspace/build/apps_proc/poky/build/tmp-glibc/work/x86_64-linux/gcc-cross-initial-arm/4.9.3-r0/gcc-4.9.3/build.x86_64-linux.arm-oe-linux-gnueabi/./gcc/xgcc -B/jenhome/jenkins/jobs/LE910Cx_Multi_DAILY/workspace/build/apps_proc/poky/build/tmp-glibc/work/x86_64-linux/gcc-cross-initial-arm/4.9.3-r0/gcc-4.9.3/build.x86_64-linux.arm-oe-linux-gnueabi/./gcc/ -B/jenhome/jenkins/jobs/LE910Cx_Multi_DAILY/workspace/build/apps_proc/poky/build/tmp-glibc/sysroots/x86_64-linux/usr/arm-oe-linux-gnueabi/bin/ -B/jenhome/jenkins/jobs/LE910Cx_Multi_DAILY/workspace/build/apps_proc/poky/build/tmp-glibc/sysroots/x86_64-linux/usr/arm-oe-linux-gnueabi/lib/ -isystem /jenhome/jenkins/jobs/LE910Cx_Multi_DAILY/workspace/build/apps_proc/poky/build/tmp-glibc/sysroots/x86_64-linux/usr/arm-oe-linux-gnueabi/include -isystem /jenhome/jenkins/jobs/LE910Cx_Multi_DAILY/workspace/build/apps_proc/poky/build/tmp-glibc/sysroots/x86_64-linux/usr/arm-oe-linux-gnueabi/sys-include --sysroot=/jenhome/jenkins/jobs/LE910Cx_Multi_DAILY/workspace/build/apps_proc/poky/build/tmp-glibc/work/x86_64-linux/gcc-cross-initial-arm/4.9.3-r0/gcc-4.9.3/build.x86_64-linux.arm-oe-linux-gnueabi/tmpsysroot   -c -g  conftest.c >&5
configure:3688: $? = 0
configure:3729: result: yes
configure:3746: checking for  /jenhome/jenkins/jobs/LE910Cx_Multi_DAILY/workspace/build/apps_proc/poky/build/tmp-glibc/work/x86_64-linux/gcc-cross-initial-arm/4.9.3-r0/gcc-4.9.3/build.x86_64-linux.arm-oe-linux-gnueabi/./gcc/xgcc -B/jenhome/jenkins/jobs/LE910Cx_Multi_DAILY/workspace/build/apps_proc/poky/build/tmp-glibc/work/x86_64-linux/gcc-cross-initial-arm/4.9.3-r0/gcc-4.9.3/build.x86_64-linux.arm-oe-linux-gnueabi/./gcc/ -B/jenhome/jenkins/jobs/LE910Cx_Multi_DAILY/workspace/build/apps_proc/poky/build/tmp-glibc/sysroots/x86_64-linux/usr/arm-oe-linux-gnueabi/bin/ -B/jenhome/jenkins/jobs/LE910Cx_Multi_DAILY/workspace/build/apps_proc/poky/build/tmp-glibc/sysroots/x86_64-linux/usr/arm-oe-linux-gnueabi/lib/ -isystem /jenhome/jenkins/jobs/LE910Cx_Multi_DAILY/workspace/build/apps_proc/poky/build/tmp-glibc/sysroots/x86_64-linux/usr/arm-oe-linux-gnueabi/include -isystem /jenhome/jenkins/jobs/LE910Cx_Multi_DAILY/workspace/build/apps_proc/poky/build/tmp-glibc/sysroots/x86_64-linux/usr/arm-oe-linux-gnueabi/sys-include --sysroot=/jenhome/jenkins/jobs/LE910Cx_Multi_DAILY/workspace/build/apps_proc/poky/build/tmp-glibc/work/x86_64-linux/gcc-cross-initial-arm/4.9.3-r0/gcc-4.9.3/build.x86_64-linux.arm-oe-linux-gnueabi/tmpsysroot   option to accept ISO C89
configure:3810:  /jenhome/jenkins/jobs/LE910Cx_Multi_DAILY/workspace/build/apps_proc/poky/build/tmp-glibc/work/x86_64-linux/gcc-cross-initial-arm/4.9.3-r0/gcc-4.9.3/build.x86_64-linux.arm-oe-linux-gnueabi/./gcc/xgcc -B/jenhome/jenkins/jobs/LE910Cx_Multi_DAILY/workspace/build/apps_proc/poky/build/tmp-glibc/work/x86_64-linux/gcc-cross-initial-arm/4.9.3-r0/gcc-4.9.3/build.x86_64-linux.arm-oe-linux-gnueabi/./gcc/ -B/jenhome/jenkins/jobs/LE910Cx_Multi_DAILY/workspace/build/apps_proc/poky/build/tmp-glibc/sysroots/x86_64-linux/usr/arm-oe-linux-gnueabi/bin/ -B/jenhome/jenkins/jobs/LE910Cx_Multi_DAILY/workspace/build/apps_proc/poky/build/tmp-glibc/sysroots/x86_64-linux/usr/arm-oe-linux-gnueabi/lib/ -isystem /jenhome/jenkins/jobs/LE910Cx_Multi_DAILY/workspace/build/apps_proc/poky/build/tmp-glibc/sysroots/x86_64-linux/usr/arm-oe-linux-gnueabi/include -isystem /jenhome/jenkins/jobs/LE910Cx_Multi_DAILY/workspace/build/apps_proc/poky/build/tmp-glibc/sysroots/x86_64-linux/usr/arm-oe-linux-gnueabi/sys-include --sysroot=/jenhome/jenkins/jobs/LE910Cx_Multi_DAILY/workspace/build/apps_proc/poky/build/tmp-glibc/work/x86_64-linux/gcc-cross-initial-arm/4.9.3-r0/gcc-4.9.3/build.x86_64-linux.arm-oe-linux-gnueabi/tmpsysroot    -c -g -Os  conftest.c >&5
conftest.c:10:19: fatal error: stdio.h: No such file or directory
 #include <stdio.h>
                   ^
compilation terminated.
configure:3810: $? = 1
configure: failed program was:
| /* confdefs.h */
| #define PACKAGE_NAME "GNU C Runtime Library"
| #define PACKAGE_TARNAME "libgcc"
| #define PACKAGE_VERSION "1.0"
| #define PACKAGE_STRING "GNU C Runtime Library 1.0"
| #define PACKAGE_BUGREPORT ""
| #define PACKAGE_URL "http://www.gnu.org/software/libgcc/"
| /* end confdefs.h.  */
| #include <stdarg.h>
| #include <stdio.h>
| #include <sys/types.h>
| #include <sys/stat.h>
| /* Most of the following tests are stolen from RCS 5.7's src/conf.sh.  */
| struct buf { int x; };
| FILE * (*rcsopen) (struct buf *, struct stat *, int);
| static char *e (p, i)
|      char **p;
|      int i;
| {
|   return p[i];
| }
| static char *f (char * (*g) (char **, int), char **p, ...)
| {
|   char *s;
|   va_list v;
|   va_start (v,p);
|   s = g (p, va_arg (v,int));
|   va_end (v);
|   return s;
| }
| 
| /* OSF 4.0 Compaq cc is some sort of almost-ANSI by default.  It has
|    function prototypes and stuff, but not '\xHH' hex character constants.
|    These don't provoke an error unfortunately, instead are silently treated
|    as 'x'.  The following induces an error, until -std is added to get
|    proper ANSI mode.  Curiously '\x00'!='x' always comes out true, for an
|    array size at least.  It's necessary to write '\x00'==0 to get something
|    that's true only with -std.  */
| int osf4_cc_array ['\x00' == 0 ? 1 : -1];
| 
| /* IBM C 6 for AIX is almost-ANSI by default, but it replaces macro parameters
|    inside strings and character constants.  */
| #define FOO(x) 'x'
| int xlc6_cc_array[FOO(a) == 'x' ? 1 : -1];
| 
| int test (int i, double x);
| struct s1 {int (*f) (int a);};
| struct s2 {int (*f) (double a);};
| int pairnames (int, char **, FILE *(*)(struct buf *, struct stat *, int), int, int);
| int argc;
| char **argv;
| int
| main ()
| {
| return f (e, argv, 0) != argv[0]  ||  f (e, argv, 1) != argv[1];
|   ;
|   return 0;
| }
configure:3810:  /jenhome/jenkins/jobs/LE910Cx_Multi_DAILY/workspace/build/apps_proc/poky/build/tmp-glibc/work/x86_64-linux/gcc-cross-initial-arm/4.9.3-r0/gcc-4.9.3/build.x86_64-linux.arm-oe-linux-gnueabi/./gcc/xgcc -B/jenhome/jenkins/jobs/LE910Cx_Multi_DAILY/workspace/build/apps_proc/poky/build/tmp-glibc/work/x86_64-linux/gcc-cross-initial-arm/4.9.3-r0/gcc-4.9.3/build.x86_64-linux.arm-oe-linux-gnueabi/./gcc/ -B/jenhome/jenkins/jobs/LE910Cx_Multi_DAILY/workspace/build/apps_proc/poky/build/tmp-glibc/sysroots/x86_64-linux/usr/arm-oe-linux-gnueabi/bin/ -B/jenhome/jenkins/jobs/LE910Cx_Multi_DAILY/workspace/build/apps_proc/poky/build/tmp-glibc/sysroots/x86_64-linux/usr/arm-oe-linux-gnueabi/lib/ -isystem /jenhome/jenkins/jobs/LE910Cx_Multi_DAILY/workspace/build/apps_proc/poky/build/tmp-glibc/sysroots/x86_64-linux/usr/arm-oe-linux-gnueabi/include -isystem /jenhome/jenkins/jobs/LE910Cx_Multi_DAILY/workspace/build/apps_proc/poky/build/tmp-glibc/sysroots/x86_64-linux/usr/arm-oe-linux-gnueabi/sys-include --sysroot=/jenhome/jenkins/jobs/LE910Cx_Multi_DAILY/workspace/build/apps_proc/poky/build/tmp-glibc/work/x86_64-linux/gcc-cross-initial-arm/4.9.3-r0/gcc-4.9.3/build.x86_64-linux.arm-oe-linux-gnueabi/tmpsysroot   -qlanglvl=extc89 -c -g -Os  conftest.c >&5
xgcc: error: unrecognized command line option '-qlanglvl=extc89'
configure:3810: $? = 1
configure: failed program was:
| /* confdefs.h */
| #define PACKAGE_NAME "GNU C Runtime Library"
| #define PACKAGE_TARNAME "libgcc"
| #define PACKAGE_VERSION "1.0"
| #define PACKAGE_STRING "GNU C Runtime Library 1.0"
| #define PACKAGE_BUGREPORT ""
| #define PACKAGE_URL "http://www.gnu.org/software/libgcc/"
| /* end confdefs.h.  */
| #include <stdarg.h>
| #include <stdio.h>
| #include <sys/types.h>
| #include <sys/stat.h>
| /* Most of the following tests are stolen from RCS 5.7's src/conf.sh.  */
| struct buf { int x; };
| FILE * (*rcsopen) (struct buf *, struct stat *, int);
| static char *e (p, i)
|      char **p;
|      int i;
| {
|   return p[i];
| }
| static char *f (char * (*g) (char **, int), char **p, ...)
| {
|   char *s;
|   va_list v;
|   va_start (v,p);
|   s = g (p, va_arg (v,int));
|   va_end (v);
|   return s;
| }
| 
| /* OSF 4.0 Compaq cc is some sort of almost-ANSI by default.  It has
|    function prototypes and stuff, but not '\xHH' hex character constants.
|    These don't provoke an error unfortunately, instead are silently treated
|    as 'x'.  The following induces an error, until -std is added to get
|    proper ANSI mode.  Curiously '\x00'!='x' always comes out true, for an
|    array size at least.  It's necessary to write '\x00'==0 to get something
|    that's true only with -std.  */
| int osf4_cc_array ['\x00' == 0 ? 1 : -1];
| 
| /* IBM C 6 for AIX is almost-ANSI by default, but it replaces macro parameters
|    inside strings and character constants.  */
| #define FOO(x) 'x'
| int xlc6_cc_array[FOO(a) == 'x' ? 1 : -1];
| 
| int test (int i, double x);
| struct s1 {int (*f) (int a);};
| struct s2 {int (*f) (double a);};
| int pairnames (int, char **, FILE *(*)(struct buf *, struct stat *, int), int, int);
| int argc;
| char **argv;
| int
| main ()
| {
| return f (e, argv, 0) != argv[0]  ||  f (e, argv, 1) != argv[1];
|   ;
|   return 0;
| }
configure:3810:  /jenhome/jenkins/jobs/LE910Cx_Multi_DAILY/workspace/build/apps_proc/poky/build/tmp-glibc/work/x86_64-linux/gcc-cross-initial-arm/4.9.3-r0/gcc-4.9.3/build.x86_64-linux.arm-oe-linux-gnueabi/./gcc/xgcc -B/jenhome/jenkins/jobs/LE910Cx_Multi_DAILY/workspace/build/apps_proc/poky/build/tmp-glibc/work/x86_64-linux/gcc-cross-initial-arm/4.9.3-r0/gcc-4.9.3/build.x86_64-linux.arm-oe-linux-gnueabi/./gcc/ -B/jenhome/jenkins/jobs/LE910Cx_Multi_DAILY/workspace/build/apps_proc/poky/build/tmp-glibc/sysroots/x86_64-linux/usr/arm-oe-linux-gnueabi/bin/ -B/jenhome/jenkins/jobs/LE910Cx_Multi_DAILY/workspace/build/apps_proc/poky/build/tmp-glibc/sysroots/x86_64-linux/usr/arm-oe-linux-gnueabi/lib/ -isystem /jenhome/jenkins/jobs/LE910Cx_Multi_DAILY/workspace/build/apps_proc/poky/build/tmp-glibc/sysroots/x86_64-linux/usr/arm-oe-linux-gnueabi/include -isystem /jenhome/jenkins/jobs/LE910Cx_Multi_DAILY/workspace/build/apps_proc/poky/build/tmp-glibc/sysroots/x86_64-linux/usr/arm-oe-linux-gnueabi/sys-include --sysroot=/jenhome/jenkins/jobs/LE910Cx_Multi_DAILY/workspace/build/apps_proc/poky/build/tmp-glibc/work/x86_64-linux/gcc-cross-initial-arm/4.9.3-r0/gcc-4.9.3/build.x86_64-linux.arm-oe-linux-gnueabi/tmpsysroot   -qlanglvl=ansi -c -g -Os  conftest.c >&5
xgcc: error: unrecognized command line option '-qlanglvl=ansi'
configure:3810: $? = 1
configure: failed program was:
| /* confdefs.h */
| #define PACKAGE_NAME "GNU C Runtime Library"
| #define PACKAGE_TARNAME "libgcc"
| #define PACKAGE_VERSION "1.0"
| #define PACKAGE_STRING "GNU C Runtime Library 1.0"
| #define PACKAGE_BUGREPORT ""
| #define PACKAGE_URL "http://www.gnu.org/software/libgcc/"
| /* end confdefs.h.  */
| #include <stdarg.h>
| #include <stdio.h>
| #include <sys/types.h>
| #include <sys/stat.h>
| /* Most of the following tests are stolen from RCS 5.7's src/conf.sh.  */
| struct buf { int x; };
| FILE * (*rcsopen) (struct buf *, struct stat *, int);
| static char *e (p, i)
|      char **p;
|      int i;
| {
|   return p[i];
| }
| static char *f (char * (*g) (char **, int), char **p, ...)
| {
|   char *s;
|   va_list v;
|   va_start (v,p);
|   s = g (p, va_arg (v,int));
|   va_end (v);
|   return s;
| }
| 
| /* OSF 4.0 Compaq cc is some sort of almost-ANSI by default.  It has
|    function prototypes and stuff, but not '\xHH' hex character constants.
|    These don't provoke an error unfortunately, instead are silently treated
|    as 'x'.  The following induces an error, until -std is added to get
|    proper ANSI mode.  Curiously '\x00'!='x' always comes out true, for an
|    array size at least.  It's necessary to write '\x00'==0 to get something
|    that's true only with -std.  */
| int osf4_cc_array ['\x00' == 0 ? 1 : -1];
| 
| /* IBM C 6 for AIX is almost-ANSI by default, but it replaces macro parameters
|    inside strings and character constants.  */
| #define FOO(x) 'x'
| int xlc6_cc_array[FOO(a) == 'x' ? 1 : -1];
| 
| int test (int i, double x);
| struct s1 {int (*f) (int a);};
| struct s2 {int (*f) (double a);};
| int pairnames (int, char **, FILE *(*)(struct buf *, struct stat *, int), int, int);
| int argc;
| char **argv;
| int
| main ()
| {
| return f (e, argv, 0) != argv[0]  ||  f (e, argv, 1) != argv[1];
|   ;
|   return 0;
| }
configure:3810:  /jenhome/jenkins/jobs/LE910Cx_Multi_DAILY/workspace/build/apps_proc/poky/build/tmp-glibc/work/x86_64-linux/gcc-cross-initial-arm/4.9.3-r0/gcc-4.9.3/build.x86_64-linux.arm-oe-linux-gnueabi/./gcc/xgcc -B/jenhome/jenkins/jobs/LE910Cx_Multi_DAILY/workspace/build/apps_proc/poky/build/tmp-glibc/work/x86_64-linux/gcc-cross-initial-arm/4.9.3-r0/gcc-4.9.3/build.x86_64-linux.arm-oe-linux-gnueabi/./gcc/ -B/jenhome/jenkins/jobs/LE910Cx_Multi_DAILY/workspace/build/apps_proc/poky/build/tmp-glibc/sysroots/x86_64-linux/usr/arm-oe-linux-gnueabi/bin/ -B/jenhome/jenkins/jobs/LE910Cx_Multi_DAILY/workspace/build/apps_proc/poky/build/tmp-glibc/sysroots/x86_64-linux/usr/arm-oe-linux-gnueabi/lib/ -isystem /jenhome/jenkins/jobs/LE910Cx_Multi_DAILY/workspace/build/apps_proc/poky/build/tmp-glibc/sysroots/x86_64-linux/usr/arm-oe-linux-gnueabi/include -isystem /jenhome/jenkins/jobs/LE910Cx_Multi_DAILY/workspace/build/apps_proc/poky/build/tmp-glibc/sysroots/x86_64-linux/usr/arm-oe-linux-gnueabi/sys-include --sysroot=/jenhome/jenkins/jobs/LE910Cx_Multi_DAILY/workspace/build/apps_proc/poky/build/tmp-glibc/work/x86_64-linux/gcc-cross-initial-arm/4.9.3-r0/gcc-4.9.3/build.x86_64-linux.arm-oe-linux-gnueabi/tmpsysroot   -std -c -g -Os  conftest.c >&5
xgcc: error: unrecognized command line option '-std'
configure:3810: $? = 1
configure: failed program was:
| /* confdefs.h */
| #define PACKAGE_NAME "GNU C Runtime Library"
| #define PACKAGE_TARNAME "libgcc"
| #define PACKAGE_VERSION "1.0"
| #define PACKAGE_STRING "GNU C Runtime Library 1.0"
| #define PACKAGE_BUGREPORT ""
| #define PACKAGE_URL "http://www.gnu.org/software/libgcc/"
| /* end confdefs.h.  */
| #include <stdarg.h>
| #include <stdio.h>
| #include <sys/types.h>
| #include <sys/stat.h>
| /* Most of the following tests are stolen from RCS 5.7's src/conf.sh.  */
| struct buf { int x; };
| FILE * (*rcsopen) (struct buf *, struct stat *, int);
| static char *e (p, i)
|      char **p;
|      int i;
| {
|   return p[i];
| }
| static char *f (char * (*g) (char **, int), char **p, ...)
| {
|   char *s;
|   va_list v;
|   va_start (v,p);
|   s = g (p, va_arg (v,int));
|   va_end (v);
|   return s;
| }
| 
| /* OSF 4.0 Compaq cc is some sort of almost-ANSI by default.  It has
|    function prototypes and stuff, but not '\xHH' hex character constants.
|    These don't provoke an error unfortunately, instead are silently treated
|    as 'x'.  The following induces an error, until -std is added to get
|    proper ANSI mode.  Curiously '\x00'!='x' always comes out true, for an
|    array size at least.  It's necessary to write '\x00'==0 to get something
|    that's true only with -std.  */
| int osf4_cc_array ['\x00' == 0 ? 1 : -1];
| 
| /* IBM C 6 for AIX is almost-ANSI by default, but it replaces macro parameters
|    inside strings and character constants.  */
| #define FOO(x) 'x'
| int xlc6_cc_array[FOO(a) == 'x' ? 1 : -1];
| 
| int test (int i, double x);
| struct s1 {int (*f) (int a);};
| struct s2 {int (*f) (double a);};
| int pairnames (int, char **, FILE *(*)(struct buf *, struct stat *, int), int, int);
| int argc;
| char **argv;
| int
| main ()
| {
| return f (e, argv, 0) != argv[0]  ||  f (e, argv, 1) != argv[1];
|   ;
|   return 0;
| }
configure:3810:  /jenhome/jenkins/jobs/LE910Cx_Multi_DAILY/workspace/build/apps_proc/poky/build/tmp-glibc/work/x86_64-linux/gcc-cross-initial-arm/4.9.3-r0/gcc-4.9.3/build.x86_64-linux.arm-oe-linux-gnueabi/./gcc/xgcc -B/jenhome/jenkins/jobs/LE910Cx_Multi_DAILY/workspace/build/apps_proc/poky/build/tmp-glibc/work/x86_64-linux/gcc-cross-initial-arm/4.9.3-r0/gcc-4.9.3/build.x86_64-linux.arm-oe-linux-gnueabi/./gcc/ -B/jenhome/jenkins/jobs/LE910Cx_Multi_DAILY/workspace/build/apps_proc/poky/build/tmp-glibc/sysroots/x86_64-linux/usr/arm-oe-linux-gnueabi/bin/ -B/jenhome/jenkins/jobs/LE910Cx_Multi_DAILY/workspace/build/apps_proc/poky/build/tmp-glibc/sysroots/x86_64-linux/usr/arm-oe-linux-gnueabi/lib/ -isystem /jenhome/jenkins/jobs/LE910Cx_Multi_DAILY/workspace/build/apps_proc/poky/build/tmp-glibc/sysroots/x86_64-linux/usr/arm-oe-linux-gnueabi/include -isystem /jenhome/jenkins/jobs/LE910Cx_Multi_DAILY/workspace/build/apps_proc/poky/build/tmp-glibc/sysroots/x86_64-linux/usr/arm-oe-linux-gnueabi/sys-include --sysroot=/jenhome/jenkins/jobs/LE910Cx_Multi_DAILY/workspace/build/apps_proc/poky/build/tmp-glibc/work/x86_64-linux/gcc-cross-initial-arm/4.9.3-r0/gcc-4.9.3/build.x86_64-linux.arm-oe-linux-gnueabi/tmpsysroot   -Ae -c -g -Os  conftest.c >&5
<command-line>:0:1: error: missing '(' after predicate
conftest.c:10:19: fatal error: stdio.h: No such file or directory
 #include <stdio.h>
                   ^
compilation terminated.
configure:3810: $? = 1
configure: failed program was:
| /* confdefs.h */
| #define PACKAGE_NAME "GNU C Runtime Library"
| #define PACKAGE_TARNAME "libgcc"
| #define PACKAGE_VERSION "1.0"
| #define PACKAGE_STRING "GNU C Runtime Library 1.0"
| #define PACKAGE_BUGREPORT ""
| #define PACKAGE_URL "http://www.gnu.org/software/libgcc/"
| /* end confdefs.h.  */
| #include <stdarg.h>
| #include <stdio.h>
| #include <sys/types.h>
| #include <sys/stat.h>
| /* Most of the following tests are stolen from RCS 5.7's src/conf.sh.  */
| struct buf { int x; };
| FILE * (*rcsopen) (struct buf *, struct stat *, int);
| static char *e (p, i)
|      char **p;
|      int i;
| {
|   return p[i];
| }
| static char *f (char * (*g) (char **, int), char **p, ...)
| {
|   char *s;
|   va_list v;
|   va_start (v,p);
|   s = g (p, va_arg (v,int));
|   va_end (v);
|   return s;
| }
| 
| /* OSF 4.0 Compaq cc is some sort of almost-ANSI by default.  It has
|    function prototypes and stuff, but not '\xHH' hex character constants.
|    These don't provoke an error unfortunately, instead are silently treated
|    as 'x'.  The following induces an error, until -std is added to get
|    proper ANSI mode.  Curiously '\x00'!='x' always comes out true, for an
|    array size at least.  It's necessary to write '\x00'==0 to get something
|    that's true only with -std.  */
| int osf4_cc_array ['\x00' == 0 ? 1 : -1];
| 
| /* IBM C 6 for AIX is almost-ANSI by default, but it replaces macro parameters
|    inside strings and character constants.  */
| #define FOO(x) 'x'
| int xlc6_cc_array[FOO(a) == 'x' ? 1 : -1];
| 
| int test (int i, double x);
| struct s1 {int (*f) (int a);};
| struct s2 {int (*f) (double a);};
| int pairnames (int, char **, FILE *(*)(struct buf *, struct stat *, int), int, int);
| int argc;
| char **argv;
| int
| main ()
| {
| return f (e, argv, 0) != argv[0]  ||  f (e, argv, 1) != argv[1];
|   ;
|   return 0;
| }
configure:3810:  /jenhome/jenkins/jobs/LE910Cx_Multi_DAILY/workspace/build/apps_proc/poky/build/tmp-glibc/work/x86_64-linux/gcc-cross-initial-arm/4.9.3-r0/gcc-4.9.3/build.x86_64-linux.arm-oe-linux-gnueabi/./gcc/xgcc -B/jenhome/jenkins/jobs/LE910Cx_Multi_DAILY/workspace/build/apps_proc/poky/build/tmp-glibc/work/x86_64-linux/gcc-cross-initial-arm/4.9.3-r0/gcc-4.9.3/build.x86_64-linux.arm-oe-linux-gnueabi/./gcc/ -B/jenhome/jenkins/jobs/LE910Cx_Multi_DAILY/workspace/build/apps_proc/poky/build/tmp-glibc/sysroots/x86_64-linux/usr/arm-oe-linux-gnueabi/bin/ -B/jenhome/jenkins/jobs/LE910Cx_Multi_DAILY/workspace/build/apps_proc/poky/build/tmp-glibc/sysroots/x86_64-linux/usr/arm-oe-linux-gnueabi/lib/ -isystem /jenhome/jenkins/jobs/LE910Cx_Multi_DAILY/workspace/build/apps_proc/poky/build/tmp-glibc/sysroots/x86_64-linux/usr/arm-oe-linux-gnueabi/include -isystem /jenhome/jenkins/jobs/LE910Cx_Multi_DAILY/workspace/build/apps_proc/poky/build/tmp-glibc/sysroots/x86_64-linux/usr/arm-oe-linux-gnueabi/sys-include --sysroot=/jenhome/jenkins/jobs/LE910Cx_Multi_DAILY/workspace/build/apps_proc/poky/build/tmp-glibc/work/x86_64-linux/gcc-cross-initial-arm/4.9.3-r0/gcc-4.9.3/build.x86_64-linux.arm-oe-linux-gnueabi/tmpsysroot   -Aa -D_HPUX_SOURCE -c -g -Os  conftest.c >&5
<command-line>:0:1: error: missing '(' after predicate
conftest.c:10:19: fatal error: stdio.h: No such file or directory
 #include <stdio.h>
                   ^
compilation terminated.
configure:3810: $? = 1
configure: failed program was:
| /* confdefs.h */
| #define PACKAGE_NAME "GNU C Runtime Library"
| #define PACKAGE_TARNAME "libgcc"
| #define PACKAGE_VERSION "1.0"
| #define PACKAGE_STRING "GNU C Runtime Library 1.0"
| #define PACKAGE_BUGREPORT ""
| #define PACKAGE_URL "http://www.gnu.org/software/libgcc/"
| /* end confdefs.h.  */
| #include <stdarg.h>
| #include <stdio.h>
| #include <sys/types.h>
| #include <sys/stat.h>
| /* Most of the following tests are stolen from RCS 5.7's src/conf.sh.  */
| struct buf { int x; };
| FILE * (*rcsopen) (struct buf *, struct stat *, int);
| static char *e (p, i)
|      char **p;
|      int i;
| {
|   return p[i];
| }
| static char *f (char * (*g) (char **, int), char **p, ...)
| {
|   char *s;
|   va_list v;
|   va_start (v,p);
|   s = g (p, va_arg (v,int));
|   va_end (v);
|   return s;
| }
| 
| /* OSF 4.0 Compaq cc is some sort of almost-ANSI by default.  It has
|    function prototypes and stuff, but not '\xHH' hex character constants.
|    These don't provoke an error unfortunately, instead are silently treated
|    as 'x'.  The following induces an error, until -std is added to get
|    proper ANSI mode.  Curiously '\x00'!='x' always comes out true, for an
|    array size at least.  It's necessary to write '\x00'==0 to get something
|    that's true only with -std.  */
| int osf4_cc_array ['\x00' == 0 ? 1 : -1];
| 
| /* IBM C 6 for AIX is almost-ANSI by default, but it replaces macro parameters
|    inside strings and character constants.  */
| #define FOO(x) 'x'
| int xlc6_cc_array[FOO(a) == 'x' ? 1 : -1];
| 
| int test (int i, double x);
| struct s1 {int (*f) (int a);};
| struct s2 {int (*f) (double a);};
| int pairnames (int, char **, FILE *(*)(struct buf *, struct stat *, int), int, int);
| int argc;
| char **argv;
| int
| main ()
| {
| return f (e, argv, 0) != argv[0]  ||  f (e, argv, 1) != argv[1];
|   ;
|   return 0;
| }
configure:3810:  /jenhome/jenkins/jobs/LE910Cx_Multi_DAILY/workspace/build/apps_proc/poky/build/tmp-glibc/work/x86_64-linux/gcc-cross-initial-arm/4.9.3-r0/gcc-4.9.3/build.x86_64-linux.arm-oe-linux-gnueabi/./gcc/xgcc -B/jenhome/jenkins/jobs/LE910Cx_Multi_DAILY/workspace/build/apps_proc/poky/build/tmp-glibc/work/x86_64-linux/gcc-cross-initial-arm/4.9.3-r0/gcc-4.9.3/build.x86_64-linux.arm-oe-linux-gnueabi/./gcc/ -B/jenhome/jenkins/jobs/LE910Cx_Multi_DAILY/workspace/build/apps_proc/poky/build/tmp-glibc/sysroots/x86_64-linux/usr/arm-oe-linux-gnueabi/bin/ -B/jenhome/jenkins/jobs/LE910Cx_Multi_DAILY/workspace/build/apps_proc/poky/build/tmp-glibc/sysroots/x86_64-linux/usr/arm-oe-linux-gnueabi/lib/ -isystem /jenhome/jenkins/jobs/LE910Cx_Multi_DAILY/workspace/build/apps_proc/poky/build/tmp-glibc/sysroots/x86_64-linux/usr/arm-oe-linux-gnueabi/include -isystem /jenhome/jenkins/jobs/LE910Cx_Multi_DAILY/workspace/build/apps_proc/poky/build/tmp-glibc/sysroots/x86_64-linux/usr/arm-oe-linux-gnueabi/sys-include --sysroot=/jenhome/jenkins/jobs/LE910Cx_Multi_DAILY/workspace/build/apps_proc/poky/build/tmp-glibc/work/x86_64-linux/gcc-cross-initial-arm/4.9.3-r0/gcc-4.9.3/build.x86_64-linux.arm-oe-linux-gnueabi/tmpsysroot   -Xc -D__EXTENSIONS__ -c -g -Os  conftest.c >&5
xgcc: error: unrecognized command line option '-Xc'
configure:3810: $? = 1
configure: failed program was:
| /* confdefs.h */
| #define PACKAGE_NAME "GNU C Runtime Library"
| #define PACKAGE_TARNAME "libgcc"
| #define PACKAGE_VERSION "1.0"
| #define PACKAGE_STRING "GNU C Runtime Library 1.0"
| #define PACKAGE_BUGREPORT ""
| #define PACKAGE_URL "http://www.gnu.org/software/libgcc/"
| /* end confdefs.h.  */
| #include <stdarg.h>
| #include <stdio.h>
| #include <sys/types.h>
| #include <sys/stat.h>
| /* Most of the following tests are stolen from RCS 5.7's src/conf.sh.  */
| struct buf { int x; };
| FILE * (*rcsopen) (struct buf *, struct stat *, int);
| static char *e (p, i)
|      char **p;
|      int i;
| {
|   return p[i];
| }
| static char *f (char * (*g) (char **, int), char **p, ...)
| {
|   char *s;
|   va_list v;
|   va_start (v,p);
|   s = g (p, va_arg (v,int));
|   va_end (v);
|   return s;
| }
| 
| /* OSF 4.0 Compaq cc is some sort of almost-ANSI by default.  It has
|    function prototypes and stuff, but not '\xHH' hex character constants.
|    These don't provoke an error unfortunately, instead are silently treated
|    as 'x'.  The following induces an error, until -std is added to get
|    proper ANSI mode.  Curiously '\x00'!='x' always comes out true, for an
|    array size at least.  It's necessary to write '\x00'==0 to get something
|    that's true only with -std.  */
| int osf4_cc_array ['\x00' == 0 ? 1 : -1];
| 
| /* IBM C 6 for AIX is almost-ANSI by default, but it replaces macro parameters
|    inside strings and character constants.  */
| #define FOO(x) 'x'
| int xlc6_cc_array[FOO(a) == 'x' ? 1 : -1];
| 
| int test (int i, double x);
| struct s1 {int (*f) (int a);};
| struct s2 {int (*f) (double a);};
| int pairnames (int, char **, FILE *(*)(struct buf *, struct stat *, int), int, int);
| int argc;
| char **argv;
| int
| main ()
| {
| return f (e, argv, 0) != argv[0]  ||  f (e, argv, 1) != argv[1];
|   ;
|   return 0;
| }
configure:3826: result: unsupported
configure:3848: checking how to run the C preprocessor
configure:3918: result: gcc -E 
configure:3938: gcc -E   conftest.c
configure:3938: $? = 0
configure:3952: gcc -E   conftest.c
conftest.c:9:28: fatal error: ac_nonexistent.h: No such file or directory
 #include <ac_nonexistent.h>
                            ^
compilation terminated.
configure:3952: $? = 1
configure: failed program was:
| /* confdefs.h */
| #define PACKAGE_NAME "GNU C Runtime Library"
| #define PACKAGE_TARNAME "libgcc"
| #define PACKAGE_VERSION "1.0"
| #define PACKAGE_STRING "GNU C Runtime Library 1.0"
| #define PACKAGE_BUGREPORT ""
| #define PACKAGE_URL "http://www.gnu.org/software/libgcc/"
| /* end confdefs.h.  */
| #include <ac_nonexistent.h>
configure:3989: checking size of double
configure:3994:  /jenhome/jenkins/jobs/LE910Cx_Multi_DAILY/workspace/build/apps_proc/poky/build/tmp-glibc/work/x86_64-linux/gcc-cross-initial-arm/4.9.3-r0/gcc-4.9.3/build.x86_64-linux.arm-oe-linux-gnueabi/./gcc/xgcc -B/jenhome/jenkins/jobs/LE910Cx_Multi_DAILY/workspace/build/apps_proc/poky/build/tmp-glibc/work/x86_64-linux/gcc-cross-initial-arm/4.9.3-r0/gcc-4.9.3/build.x86_64-linux.arm-oe-linux-gnueabi/./gcc/ -B/jenhome/jenkins/jobs/LE910Cx_Multi_DAILY/workspace/build/apps_proc/poky/build/tmp-glibc/sysroots/x86_64-linux/usr/arm-oe-linux-gnueabi/bin/ -B/jenhome/jenkins/jobs/LE910Cx_Multi_DAILY/workspace/build/apps_proc/poky/build/tmp-glibc/sysroots/x86_64-linux/usr/arm-oe-linux-gnueabi/lib/ -isystem /jenhome/jenkins/jobs/LE910Cx_Multi_DAILY/workspace/build/apps_proc/poky/build/tmp-glibc/sysroots/x86_64-linux/usr/arm-oe-linux-gnueabi/include -isystem /jenhome/jenkins/jobs/LE910Cx_Multi_DAILY/workspace/build/apps_proc/poky/build/tmp-glibc/sysroots/x86_64-linux/usr/arm-oe-linux-gnueabi/sys-include --sysroot=/jenhome/jenkins/jobs/LE910Cx_Multi_DAILY/workspace/build/apps_proc/poky/build/tmp-glibc/work/x86_64-linux/gcc-cross-initial-arm/4.9.3-r0/gcc-4.9.3/build.x86_64-linux.arm-oe-linux-gnueabi/tmpsysroot   -c -g -Os  conftest.c >&5
configure:3994: $? = 0
configure:3994:  /jenhome/jenkins/jobs/LE910Cx_Multi_DAILY/workspace/build/apps_proc/poky/build/tmp-glibc/work/x86_64-linux/gcc-cross-initial-arm/4.9.3-r0/gcc-4.9.3/build.x86_64-linux.arm-oe-linux-gnueabi/./gcc/xgcc -B/jenhome/jenkins/jobs/LE910Cx_Multi_DAILY/workspace/build/apps_proc/poky/build/tmp-glibc/work/x86_64-linux/gcc-cross-initial-arm/4.9.3-r0/gcc-4.9.3/build.x86_64-linux.arm-oe-linux-gnueabi/./gcc/ -B/jenhome/jenkins/jobs/LE910Cx_Multi_DAILY/workspace/build/apps_proc/poky/build/tmp-glibc/sysroots/x86_64-linux/usr/arm-oe-linux-gnueabi/bin/ -B/jenhome/jenkins/jobs/LE910Cx_Multi_DAILY/workspace/build/apps_proc/poky/build/tmp-glibc/sysroots/x86_64-linux/usr/arm-oe-linux-gnueabi/lib/ -isystem /jenhome/jenkins/jobs/LE910Cx_Multi_DAILY/workspace/build/apps_proc/poky/build/tmp-glibc/sysroots/x86_64-linux/usr/arm-oe-linux-gnueabi/include -isystem /jenhome/jenkins/jobs/LE910Cx_Multi_DAILY/workspace/build/apps_proc/poky/build/tmp-glibc/sysroots/x86_64-linux/usr/arm-oe-linux-gnueabi/sys-include --sysroot=/jenhome/jenkins/jobs/LE910Cx_Multi_DAILY/workspace/build/apps_proc/poky/build/tmp-glibc/work/x86_64-linux/gcc-cross-initial-arm/4.9.3-r0/gcc-4.9.3/build.x86_64-linux.arm-oe-linux-gnueabi/tmpsysroot   -c -g -Os  conftest.c >&5
conftest.c: In function 'main':
conftest.c:13:12: error: size of array 'test_array' is negative
 static int test_array [1 - 2 * !(((long int) (sizeof (double))) <= 0)];
            ^
configure:3994: $? = 1
configure: failed program was:
| /* confdefs.h */
| #define PACKAGE_NAME "GNU C Runtime Library"
| #define PACKAGE_TARNAME "libgcc"
| #define PACKAGE_VERSION "1.0"
| #define PACKAGE_STRING "GNU C Runtime Library 1.0"
| #define PACKAGE_BUGREPORT ""
| #define PACKAGE_URL "http://www.gnu.org/software/libgcc/"
| /* end confdefs.h.  */
| /* none */
| int
| main ()
| {
| static int test_array [1 - 2 * !(((long int) (sizeof (double))) <= 0)];
| test_array [0] = 0
| 
|   ;
|   return 0;
| }
configure:3994:  /jenhome/jenkins/jobs/LE910Cx_Multi_DAILY/workspace/build/apps_proc/poky/build/tmp-glibc/work/x86_64-linux/gcc-cross-initial-arm/4.9.3-r0/gcc-4.9.3/build.x86_64-linux.arm-oe-linux-gnueabi/./gcc/xgcc -B/jenhome/jenkins/jobs/LE910Cx_Multi_DAILY/workspace/build/apps_proc/poky/build/tmp-glibc/work/x86_64-linux/gcc-cross-initial-arm/4.9.3-r0/gcc-4.9.3/build.x86_64-linux.arm-oe-linux-gnueabi/./gcc/ -B/jenhome/jenkins/jobs/LE910Cx_Multi_DAILY/workspace/build/apps_proc/poky/build/tmp-glibc/sysroots/x86_64-linux/usr/arm-oe-linux-gnueabi/bin/ -B/jenhome/jenkins/jobs/LE910Cx_Multi_DAILY/workspace/build/apps_proc/poky/build/tmp-glibc/sysroots/x86_64-linux/usr/arm-oe-linux-gnueabi/lib/ -isystem /jenhome/jenkins/jobs/LE910Cx_Multi_DAILY/workspace/build/apps_proc/poky/build/tmp-glibc/sysroots/x86_64-linux/usr/arm-oe-linux-gnueabi/include -isystem /jenhome/jenkins/jobs/LE910Cx_Multi_DAILY/workspace/build/apps_proc/poky/build/tmp-glibc/sysroots/x86_64-linux/usr/arm-oe-linux-gnueabi/sys-include --sysroot=/jenhome/jenkins/jobs/LE910Cx_Multi_DAILY/workspace/build/apps_proc/poky/build/tmp-glibc/work/x86_64-linux/gcc-cross-initial-arm/4.9.3-r0/gcc-4.9.3/build.x86_64-linux.arm-oe-linux-gnueabi/tmpsysroot   -c -g -Os  conftest.c >&5
conftest.c: In function 'main':
conftest.c:13:12: error: size of array 'test_array' is negative
 static int test_array [1 - 2 * !(((long int) (sizeof (double))) <= 1)];
            ^
configure:3994: $? = 1
configure: failed program was:
| /* confdefs.h */
| #define PACKAGE_NAME "GNU C Runtime Library"
| #define PACKAGE_TARNAME "libgcc"
| #define PACKAGE_VERSION "1.0"
| #define PACKAGE_STRING "GNU C Runtime Library 1.0"
| #define PACKAGE_BUGREPORT ""
| #define PACKAGE_URL "http://www.gnu.org/software/libgcc/"
| /* end confdefs.h.  */
| /* none */
| int
| main ()
| {
| static int test_array [1 - 2 * !(((long int) (sizeof (double))) <= 1)];
| test_array [0] = 0
| 
|   ;
|   return 0;
| }
configure:3994:  /jenhome/jenkins/jobs/LE910Cx_Multi_DAILY/workspace/build/apps_proc/poky/build/tmp-glibc/work/x86_64-linux/gcc-cross-initial-arm/4.9.3-r0/gcc-4.9.3/build.x86_64-linux.arm-oe-linux-gnueabi/./gcc/xgcc -B/jenhome/jenkins/jobs/LE910Cx_Multi_DAILY/workspace/build/apps_proc/poky/build/tmp-glibc/work/x86_64-linux/gcc-cross-initial-arm/4.9.3-r0/gcc-4.9.3/build.x86_64-linux.arm-oe-linux-gnueabi/./gcc/ -B/jenhome/jenkins/jobs/LE910Cx_Multi_DAILY/workspace/build/apps_proc/poky/build/tmp-glibc/sysroots/x86_64-linux/usr/arm-oe-linux-gnueabi/bin/ -B/jenhome/jenkins/jobs/LE910Cx_Multi_DAILY/workspace/build/apps_proc/poky/build/tmp-glibc/sysroots/x86_64-linux/usr/arm-oe-linux-gnueabi/lib/ -isystem /jenhome/jenkins/jobs/LE910Cx_Multi_DAILY/workspace/build/apps_proc/poky/build/tmp-glibc/sysroots/x86_64-linux/usr/arm-oe-linux-gnueabi/include -isystem /jenhome/jenkins/jobs/LE910Cx_Multi_DAILY/workspace/build/apps_proc/poky/build/tmp-glibc/sysroots/x86_64-linux/usr/arm-oe-linux-gnueabi/sys-include --sysroot=/jenhome/jenkins/jobs/LE910Cx_Multi_DAILY/workspace/build/apps_proc/poky/build/tmp-glibc/work/x86_64-linux/gcc-cross-initial-arm/4.9.3-r0/gcc-4.9.3/build.x86_64-linux.arm-oe-linux-gnueabi/tmpsysroot   -c -g -Os  conftest.c >&5
conftest.c: In function 'main':
conftest.c:13:12: error: size of array 'test_array' is negative
 static int test_array [1 - 2 * !(((long int) (sizeof (double))) <= 3)];
            ^
configure:3994: $? = 1
configure: failed program was:
| /* confdefs.h */
| #define PACKAGE_NAME "GNU C Runtime Library"
| #define PACKAGE_TARNAME "libgcc"
| #define PACKAGE_VERSION "1.0"
| #define PACKAGE_STRING "GNU C Runtime Library 1.0"
| #define PACKAGE_BUGREPORT ""
| #define PACKAGE_URL "http://www.gnu.org/software/libgcc/"
| /* end confdefs.h.  */
| /* none */
| int
| main ()
| {
| static int test_array [1 - 2 * !(((long int) (sizeof (double))) <= 3)];
| test_array [0] = 0
| 
|   ;
|   return 0;
| }
configure:3994:  /jenhome/jenkins/jobs/LE910Cx_Multi_DAILY/workspace/build/apps_proc/poky/build/tmp-glibc/work/x86_64-linux/gcc-cross-initial-arm/4.9.3-r0/gcc-4.9.3/build.x86_64-linux.arm-oe-linux-gnueabi/./gcc/xgcc -B/jenhome/jenkins/jobs/LE910Cx_Multi_DAILY/workspace/build/apps_proc/poky/build/tmp-glibc/work/x86_64-linux/gcc-cross-initial-arm/4.9.3-r0/gcc-4.9.3/build.x86_64-linux.arm-oe-linux-gnueabi/./gcc/ -B/jenhome/jenkins/jobs/LE910Cx_Multi_DAILY/workspace/build/apps_proc/poky/build/tmp-glibc/sysroots/x86_64-linux/usr/arm-oe-linux-gnueabi/bin/ -B/jenhome/jenkins/jobs/LE910Cx_Multi_DAILY/workspace/build/apps_proc/poky/build/tmp-glibc/sysroots/x86_64-linux/usr/arm-oe-linux-gnueabi/lib/ -isystem /jenhome/jenkins/jobs/LE910Cx_Multi_DAILY/workspace/build/apps_proc/poky/build/tmp-glibc/sysroots/x86_64-linux/usr/arm-oe-linux-gnueabi/include -isystem /jenhome/jenkins/jobs/LE910Cx_Multi_DAILY/workspace/build/apps_proc/poky/build/tmp-glibc/sysroots/x86_64-linux/usr/arm-oe-linux-gnueabi/sys-include --sysroot=/jenhome/jenkins/jobs/LE910Cx_Multi_DAILY/workspace/build/apps_proc/poky/build/tmp-glibc/work/x86_64-linux/gcc-cross-initial-arm/4.9.3-r0/gcc-4.9.3/build.x86_64-linux.arm-oe-linux-gnueabi/tmpsysroot   -c -g -Os  conftest.c >&5
conftest.c: In function 'main':
conftest.c:13:12: error: size of array 'test_array' is negative
 static int test_array [1 - 2 * !(((long int) (sizeof (double))) <= 7)];
            ^
configure:3994: $? = 1
configure: failed program was:
| /* confdefs.h */
| #define PACKAGE_NAME "GNU C Runtime Library"
| #define PACKAGE_TARNAME "libgcc"
| #define PACKAGE_VERSION "1.0"
| #define PACKAGE_STRING "GNU C Runtime Library 1.0"
| #define PACKAGE_BUGREPORT ""
| #define PACKAGE_URL "http://www.gnu.org/software/libgcc/"
| /* end confdefs.h.  */
| /* none */
| int
| main ()
| {
| static int test_array [1 - 2 * !(((long int) (sizeof (double))) <= 7)];
| test_array [0] = 0
| 
|   ;
|   return 0;
| }
configure:3994:  /jenhome/jenkins/jobs/LE910Cx_Multi_DAILY/workspace/build/apps_proc/poky/build/tmp-glibc/work/x86_64-linux/gcc-cross-initial-arm/4.9.3-r0/gcc-4.9.3/build.x86_64-linux.arm-oe-linux-gnueabi/./gcc/xgcc -B/jenhome/jenkins/jobs/LE910Cx_Multi_DAILY/workspace/build/apps_proc/poky/build/tmp-glibc/work/x86_64-linux/gcc-cross-initial-arm/4.9.3-r0/gcc-4.9.3/build.x86_64-linux.arm-oe-linux-gnueabi/./gcc/ -B/jenhome/jenkins/jobs/LE910Cx_Multi_DAILY/workspace/build/apps_proc/poky/build/tmp-glibc/sysroots/x86_64-linux/usr/arm-oe-linux-gnueabi/bin/ -B/jenhome/jenkins/jobs/LE910Cx_Multi_DAILY/workspace/build/apps_proc/poky/build/tmp-glibc/sysroots/x86_64-linux/usr/arm-oe-linux-gnueabi/lib/ -isystem /jenhome/jenkins/jobs/LE910Cx_Multi_DAILY/workspace/build/apps_proc/poky/build/tmp-glibc/sysroots/x86_64-linux/usr/arm-oe-linux-gnueabi/include -isystem /jenhome/jenkins/jobs/LE910Cx_Multi_DAILY/workspace/build/apps_proc/poky/build/tmp-glibc/sysroots/x86_64-linux/usr/arm-oe-linux-gnueabi/sys-include --sysroot=/jenhome/jenkins/jobs/LE910Cx_Multi_DAILY/workspace/build/apps_proc/poky/build/tmp-glibc/work/x86_64-linux/gcc-cross-initial-arm/4.9.3-r0/gcc-4.9.3/build.x86_64-linux.arm-oe-linux-gnueabi/tmpsysroot   -c -g -Os  conftest.c >&5
configure:3994: $? = 0
configure:3994:  /jenhome/jenkins/jobs/LE910Cx_Multi_DAILY/workspace/build/apps_proc/poky/build/tmp-glibc/work/x86_64-linux/gcc-cross-initial-arm/4.9.3-r0/gcc-4.9.3/build.x86_64-linux.arm-oe-linux-gnueabi/./gcc/xgcc -B/jenhome/jenkins/jobs/LE910Cx_Multi_DAILY/workspace/build/apps_proc/poky/build/tmp-glibc/work/x86_64-linux/gcc-cross-initial-arm/4.9.3-r0/gcc-4.9.3/build.x86_64-linux.arm-oe-linux-gnueabi/./gcc/ -B/jenhome/jenkins/jobs/LE910Cx_Multi_DAILY/workspace/build/apps_proc/poky/build/tmp-glibc/sysroots/x86_64-linux/usr/arm-oe-linux-gnueabi/bin/ -B/jenhome/jenkins/jobs/LE910Cx_Multi_DAILY/workspace/build/apps_proc/poky/build/tmp-glibc/sysroots/x86_64-linux/usr/arm-oe-linux-gnueabi/lib/ -isystem /jenhome/jenkins/jobs/LE910Cx_Multi_DAILY/workspace/build/apps_proc/poky/build/tmp-glibc/sysroots/x86_64-linux/usr/arm-oe-linux-gnueabi/include -isystem /jenhome/jenkins/jobs/LE910Cx_Multi_DAILY/workspace/build/apps_proc/poky/build/tmp-glibc/sysroots/x86_64-linux/usr/arm-oe-linux-gnueabi/sys-include --sysroot=/jenhome/jenkins/jobs/LE910Cx_Multi_DAILY/workspace/build/apps_proc/poky/build/tmp-glibc/work/x86_64-linux/gcc-cross-initial-arm/4.9.3-r0/gcc-4.9.3/build.x86_64-linux.arm-oe-linux-gnueabi/tmpsysroot   -c -g -Os  conftest.c >&5
configure:3994: $? = 0
configure:3994:  /jenhome/jenkins/jobs/LE910Cx_Multi_DAILY/workspace/build/apps_proc/poky/build/tmp-glibc/work/x86_64-linux/gcc-cross-initial-arm/4.9.3-r0/gcc-4.9.3/build.x86_64-linux.arm-oe-linux-gnueabi/./gcc/xgcc -B/jenhome/jenkins/jobs/LE910Cx_Multi_DAILY/workspace/build/apps_proc/poky/build/tmp-glibc/work/x86_64-linux/gcc-cross-initial-arm/4.9.3-r0/gcc-4.9.3/build.x86_64-linux.arm-oe-linux-gnueabi/./gcc/ -B/jenhome/jenkins/jobs/LE910Cx_Multi_DAILY/workspace/build/apps_proc/poky/build/tmp-glibc/sysroots/x86_64-linux/usr/arm-oe-linux-gnueabi/bin/ -B/jenhome/jenkins/jobs/LE910Cx_Multi_DAILY/workspace/build/apps_proc/poky/build/tmp-glibc/sysroots/x86_64-linux/usr/arm-oe-linux-gnueabi/lib/ -isystem /jenhome/jenkins/jobs/LE910Cx_Multi_DAILY/workspace/build/apps_proc/poky/build/tmp-glibc/sysroots/x86_64-linux/usr/arm-oe-linux-gnueabi/include -isystem /jenhome/jenkins/jobs/LE910Cx_Multi_DAILY/workspace/build/apps_proc/poky/build/tmp-glibc/sysroots/x86_64-linux/usr/arm-oe-linux-gnueabi/sys-include --sysroot=/jenhome/jenkins/jobs/LE910Cx_Multi_DAILY/workspace/build/apps_proc/poky/build/tmp-glibc/work/x86_64-linux/gcc-cross-initial-arm/4.9.3-r0/gcc-4.9.3/build.x86_64-linux.arm-oe-linux-gnueabi/tmpsysroot   -c -g -Os  conftest.c >&5
configure:3994: $? = 0
configure:3994:  /jenhome/jenkins/jobs/LE910Cx_Multi_DAILY/workspace/build/apps_proc/poky/build/tmp-glibc/work/x86_64-linux/gcc-cross-initial-arm/4.9.3-r0/gcc-4.9.3/build.x86_64-linux.arm-oe-linux-gnueabi/./gcc/xgcc -B/jenhome/jenkins/jobs/LE910Cx_Multi_DAILY/workspace/build/apps_proc/poky/build/tmp-glibc/work/x86_64-linux/gcc-cross-initial-arm/4.9.3-r0/gcc-4.9.3/build.x86_64-linux.arm-oe-linux-gnueabi/./gcc/ -B/jenhome/jenkins/jobs/LE910Cx_Multi_DAILY/workspace/build/apps_proc/poky/build/tmp-glibc/sysroots/x86_64-linux/usr/arm-oe-linux-gnueabi/bin/ -B/jenhome/jenkins/jobs/LE910Cx_Multi_DAILY/workspace/build/apps_proc/poky/build/tmp-glibc/sysroots/x86_64-linux/usr/arm-oe-linux-gnueabi/lib/ -isystem /jenhome/jenkins/jobs/LE910Cx_Multi_DAILY/workspace/build/apps_proc/poky/build/tmp-glibc/sysroots/x86_64-linux/usr/arm-oe-linux-gnueabi/include -isystem /jenhome/jenkins/jobs/LE910Cx_Multi_DAILY/workspace/build/apps_proc/poky/build/tmp-glibc/sysroots/x86_64-linux/usr/arm-oe-linux-gnueabi/sys-include --sysroot=/jenhome/jenkins/jobs/LE910Cx_Multi_DAILY/workspace/build/apps_proc/poky/build/tmp-glibc/work/x86_64-linux/gcc-cross-initial-arm/4.9.3-r0/gcc-4.9.3/build.x86_64-linux.arm-oe-linux-gnueabi/tmpsysroot   -c -g -Os  conftest.c >&5
configure:3994: $? = 0
configure:4009: result: 8
configure:4023: checking size of long double
configure:4028:  /jenhome/jenkins/jobs/LE910Cx_Multi_DAILY/workspace/build/apps_proc/poky/build/tmp-glibc/work/x86_64-linux/gcc-cross-initial-arm/4.9.3-r0/gcc-4.9.3/build.x86_64-linux.arm-oe-linux-gnueabi/./gcc/xgcc -B/jenhome/jenkins/jobs/LE910Cx_Multi_DAILY/workspace/build/apps_proc/poky/build/tmp-glibc/work/x86_64-linux/gcc-cross-initial-arm/4.9.3-r0/gcc-4.9.3/build.x86_64-linux.arm-oe-linux-gnueabi/./gcc/ -B/jenhome/jenkins/jobs/LE910Cx_Multi_DAILY/workspace/build/apps_proc/poky/build/tmp-glibc/sysroots/x86_64-linux/usr/arm-oe-linux-gnueabi/bin/ -B/jenhome/jenkins/jobs/LE910Cx_Multi_DAILY/workspace/build/apps_proc/poky/build/tmp-glibc/sysroots/x86_64-linux/usr/arm-oe-linux-gnueabi/lib/ -isystem /jenhome/jenkins/jobs/LE910Cx_Multi_DAILY/workspace/build/apps_proc/poky/build/tmp-glibc/sysroots/x86_64-linux/usr/arm-oe-linux-gnueabi/include -isystem /jenhome/jenkins/jobs/LE910Cx_Multi_DAILY/workspace/build/apps_proc/poky/build/tmp-glibc/sysroots/x86_64-linux/usr/arm-oe-linux-gnueabi/sys-include --sysroot=/jenhome/jenkins/jobs/LE910Cx_Multi_DAILY/workspace/build/apps_proc/poky/build/tmp-glibc/work/x86_64-linux/gcc-cross-initial-arm/4.9.3-r0/gcc-4.9.3/build.x86_64-linux.arm-oe-linux-gnueabi/tmpsysroot   -c -g -Os  conftest.c >&5
configure:4028: $? = 0
configure:4028:  /jenhome/jenkins/jobs/LE910Cx_Multi_DAILY/workspace/build/apps_proc/poky/build/tmp-glibc/work/x86_64-linux/gcc-cross-initial-arm/4.9.3-r0/gcc-4.9.3/build.x86_64-linux.arm-oe-linux-gnueabi/./gcc/xgcc -B/jenhome/jenkins/jobs/LE910Cx_Multi_DAILY/workspace/build/apps_proc/poky/build/tmp-glibc/work/x86_64-linux/gcc-cross-initial-arm/4.9.3-r0/gcc-4.9.3/build.x86_64-linux.arm-oe-linux-gnueabi/./gcc/ -B/jenhome/jenkins/jobs/LE910Cx_Multi_DAILY/workspace/build/apps_proc/poky/build/tmp-glibc/sysroots/x86_64-linux/usr/arm-oe-linux-gnueabi/bin/ -B/jenhome/jenkins/jobs/LE910Cx_Multi_DAILY/workspace/build/apps_proc/poky/build/tmp-glibc/sysroots/x86_64-linux/usr/arm-oe-linux-gnueabi/lib/ -isystem /jenhome/jenkins/jobs/LE910Cx_Multi_DAILY/workspace/build/apps_proc/poky/build/tmp-glibc/sysroots/x86_64-linux/usr/arm-oe-linux-gnueabi/include -isystem /jenhome/jenkins/jobs/LE910Cx_Multi_DAILY/workspace/build/apps_proc/poky/build/tmp-glibc/sysroots/x86_64-linux/usr/arm-oe-linux-gnueabi/sys-include --sysroot=/jenhome/jenkins/jobs/LE910Cx_Multi_DAILY/workspace/build/apps_proc/poky/build/tmp-glibc/work/x86_64-linux/gcc-cross-initial-arm/4.9.3-r0/gcc-4.9.3/build.x86_64-linux.arm-oe-linux-gnueabi/tmpsysroot   -c -g -Os  conftest.c >&5
conftest.c: In function 'main':
conftest.c:14:12: error: size of array 'test_array' is negative
 static int test_array [1 - 2 * !(((long int) (sizeof (long double))) <= 0)];
            ^
configure:4028: $? = 1
configure: failed program was:
| /* confdefs.h */
| #define PACKAGE_NAME "GNU C Runtime Library"
| #define PACKAGE_TARNAME "libgcc"
| #define PACKAGE_VERSION "1.0"
| #define PACKAGE_STRING "GNU C Runtime Library 1.0"
| #define PACKAGE_BUGREPORT ""
| #define PACKAGE_URL "http://www.gnu.org/software/libgcc/"
| #define SIZEOF_DOUBLE 8
| /* end confdefs.h.  */
| /* none */
| int
| main ()
| {
| static int test_array [1 - 2 * !(((long int) (sizeof (long double))) <= 0)];
| test_array [0] = 0
| 
|   ;
|   return 0;
| }
configure:4028:  /jenhome/jenkins/jobs/LE910Cx_Multi_DAILY/workspace/build/apps_proc/poky/build/tmp-glibc/work/x86_64-linux/gcc-cross-initial-arm/4.9.3-r0/gcc-4.9.3/build.x86_64-linux.arm-oe-linux-gnueabi/./gcc/xgcc -B/jenhome/jenkins/jobs/LE910Cx_Multi_DAILY/workspace/build/apps_proc/poky/build/tmp-glibc/work/x86_64-linux/gcc-cross-initial-arm/4.9.3-r0/gcc-4.9.3/build.x86_64-linux.arm-oe-linux-gnueabi/./gcc/ -B/jenhome/jenkins/jobs/LE910Cx_Multi_DAILY/workspace/build/apps_proc/poky/build/tmp-glibc/sysroots/x86_64-linux/usr/arm-oe-linux-gnueabi/bin/ -B/jenhome/jenkins/jobs/LE910Cx_Multi_DAILY/workspace/build/apps_proc/poky/build/tmp-glibc/sysroots/x86_64-linux/usr/arm-oe-linux-gnueabi/lib/ -isystem /jenhome/jenkins/jobs/LE910Cx_Multi_DAILY/workspace/build/apps_proc/poky/build/tmp-glibc/sysroots/x86_64-linux/usr/arm-oe-linux-gnueabi/include -isystem /jenhome/jenkins/jobs/LE910Cx_Multi_DAILY/workspace/build/apps_proc/poky/build/tmp-glibc/sysroots/x86_64-linux/usr/arm-oe-linux-gnueabi/sys-include --sysroot=/jenhome/jenkins/jobs/LE910Cx_Multi_DAILY/workspace/build/apps_proc/poky/build/tmp-glibc/work/x86_64-linux/gcc-cross-initial-arm/4.9.3-r0/gcc-4.9.3/build.x86_64-linux.arm-oe-linux-gnueabi/tmpsysroot   -c -g -Os  conftest.c >&5
conftest.c: In function 'main':
conftest.c:14:12: error: size of array 'test_array' is negative
 static int test_array [1 - 2 * !(((long int) (sizeof (long double))) <= 1)];
            ^
configure:4028: $? = 1
configure: failed program was:
| /* confdefs.h */
| #define PACKAGE_NAME "GNU C Runtime Library"
| #define PACKAGE_TARNAME "libgcc"
| #define PACKAGE_VERSION "1.0"
| #define PACKAGE_STRING "GNU C Runtime Library 1.0"
| #define PACKAGE_BUGREPORT ""
| #define PACKAGE_URL "http://www.gnu.org/software/libgcc/"
| #define SIZEOF_DOUBLE 8
| /* end confdefs.h.  */
| /* none */
| int
| main ()
| {
| static int test_array [1 - 2 * !(((long int) (sizeof (long double))) <= 1)];
| test_array [0] = 0
| 
|   ;
|   return 0;
| }
configure:4028:  /jenhome/jenkins/jobs/LE910Cx_Multi_DAILY/workspace/build/apps_proc/poky/build/tmp-glibc/work/x86_64-linux/gcc-cross-initial-arm/4.9.3-r0/gcc-4.9.3/build.x86_64-linux.arm-oe-linux-gnueabi/./gcc/xgcc -B/jenhome/jenkins/jobs/LE910Cx_Multi_DAILY/workspace/build/apps_proc/poky/build/tmp-glibc/work/x86_64-linux/gcc-cross-initial-arm/4.9.3-r0/gcc-4.9.3/build.x86_64-linux.arm-oe-linux-gnueabi/./gcc/ -B/jenhome/jenkins/jobs/LE910Cx_Multi_DAILY/workspace/build/apps_proc/poky/build/tmp-glibc/sysroots/x86_64-linux/usr/arm-oe-linux-gnueabi/bin/ -B/jenhome/jenkins/jobs/LE910Cx_Multi_DAILY/workspace/build/apps_proc/poky/build/tmp-glibc/sysroots/x86_64-linux/usr/arm-oe-linux-gnueabi/lib/ -isystem /jenhome/jenkins/jobs/LE910Cx_Multi_DAILY/workspace/build/apps_proc/poky/build/tmp-glibc/sysroots/x86_64-linux/usr/arm-oe-linux-gnueabi/include -isystem /jenhome/jenkins/jobs/LE910Cx_Multi_DAILY/workspace/build/apps_proc/poky/build/tmp-glibc/sysroots/x86_64-linux/usr/arm-oe-linux-gnueabi/sys-include --sysroot=/jenhome/jenkins/jobs/LE910Cx_Multi_DAILY/workspace/build/apps_proc/poky/build/tmp-glibc/work/x86_64-linux/gcc-cross-initial-arm/4.9.3-r0/gcc-4.9.3/build.x86_64-linux.arm-oe-linux-gnueabi/tmpsysroot   -c -g -Os  conftest.c >&5
conftest.c: In function 'main':
conftest.c:14:12: error: size of array 'test_array' is negative
 static int test_array [1 - 2 * !(((long int) (sizeof (long double))) <= 3)];
            ^
configure:4028: $? = 1
configure: failed program was:
| /* confdefs.h */
| #define PACKAGE_NAME "GNU C Runtime Library"
| #define PACKAGE_TARNAME "libgcc"
| #define PACKAGE_VERSION "1.0"
| #define PACKAGE_STRING "GNU C Runtime Library 1.0"
| #define PACKAGE_BUGREPORT ""
| #define PACKAGE_URL "http://www.gnu.org/software/libgcc/"
| #define SIZEOF_DOUBLE 8
| /* end confdefs.h.  */
| /* none */
| int
| main ()
| {
| static int test_array [1 - 2 * !(((long int) (sizeof (long double))) <= 3)];
| test_array [0] = 0
| 
|   ;
|   return 0;
| }
configure:4028:  /jenhome/jenkins/jobs/LE910Cx_Multi_DAILY/workspace/build/apps_proc/poky/build/tmp-glibc/work/x86_64-linux/gcc-cross-initial-arm/4.9.3-r0/gcc-4.9.3/build.x86_64-linux.arm-oe-linux-gnueabi/./gcc/xgcc -B/jenhome/jenkins/jobs/LE910Cx_Multi_DAILY/workspace/build/apps_proc/poky/build/tmp-glibc/work/x86_64-linux/gcc-cross-initial-arm/4.9.3-r0/gcc-4.9.3/build.x86_64-linux.arm-oe-linux-gnueabi/./gcc/ -B/jenhome/jenkins/jobs/LE910Cx_Multi_DAILY/workspace/build/apps_proc/poky/build/tmp-glibc/sysroots/x86_64-linux/usr/arm-oe-linux-gnueabi/bin/ -B/jenhome/jenkins/jobs/LE910Cx_Multi_DAILY/workspace/build/apps_proc/poky/build/tmp-glibc/sysroots/x86_64-linux/usr/arm-oe-linux-gnueabi/lib/ -isystem /jenhome/jenkins/jobs/LE910Cx_Multi_DAILY/workspace/build/apps_proc/poky/build/tmp-glibc/sysroots/x86_64-linux/usr/arm-oe-linux-gnueabi/include -isystem /jenhome/jenkins/jobs/LE910Cx_Multi_DAILY/workspace/build/apps_proc/poky/build/tmp-glibc/sysroots/x86_64-linux/usr/arm-oe-linux-gnueabi/sys-include --sysroot=/jenhome/jenkins/jobs/LE910Cx_Multi_DAILY/workspace/build/apps_proc/poky/build/tmp-glibc/work/x86_64-linux/gcc-cross-initial-arm/4.9.3-r0/gcc-4.9.3/build.x86_64-linux.arm-oe-linux-gnueabi/tmpsysroot   -c -g -Os  conftest.c >&5
conftest.c: In function 'main':
conftest.c:14:12: error: size of array 'test_array' is negative
 static int test_array [1 - 2 * !(((long int) (sizeof (long double))) <= 7)];
            ^
configure:4028: $? = 1
configure: failed program was:
| /* confdefs.h */
| #define PACKAGE_NAME "GNU C Runtime Library"
| #define PACKAGE_TARNAME "libgcc"
| #define PACKAGE_VERSION "1.0"
| #define PACKAGE_STRING "GNU C Runtime Library 1.0"
| #define PACKAGE_BUGREPORT ""
| #define PACKAGE_URL "http://www.gnu.org/software/libgcc/"
| #define SIZEOF_DOUBLE 8
| /* end confdefs.h.  */
| /* none */
| int
| main ()
| {
| static int test_array [1 - 2 * !(((long int) (sizeof (long double))) <= 7)];
| test_array [0] = 0
| 
|   ;
|   return 0;
| }
configure:4028:  /jenhome/jenkins/jobs/LE910Cx_Multi_DAILY/workspace/build/apps_proc/poky/build/tmp-glibc/work/x86_64-linux/gcc-cross-initial-arm/4.9.3-r0/gcc-4.9.3/build.x86_64-linux.arm-oe-linux-gnueabi/./gcc/xgcc -B/jenhome/jenkins/jobs/LE910Cx_Multi_DAILY/workspace/build/apps_proc/poky/build/tmp-glibc/work/x86_64-linux/gcc-cross-initial-arm/4.9.3-r0/gcc-4.9.3/build.x86_64-linux.arm-oe-linux-gnueabi/./gcc/ -B/jenhome/jenkins/jobs/LE910Cx_Multi_DAILY/workspace/build/apps_proc/poky/build/tmp-glibc/sysroots/x86_64-linux/usr/arm-oe-linux-gnueabi/bin/ -B/jenhome/jenkins/jobs/LE910Cx_Multi_DAILY/workspace/build/apps_proc/poky/build/tmp-glibc/sysroots/x86_64-linux/usr/arm-oe-linux-gnueabi/lib/ -isystem /jenhome/jenkins/jobs/LE910Cx_Multi_DAILY/workspace/build/apps_proc/poky/build/tmp-glibc/sysroots/x86_64-linux/usr/arm-oe-linux-gnueabi/include -isystem /jenhome/jenkins/jobs/LE910Cx_Multi_DAILY/workspace/build/apps_proc/poky/build/tmp-glibc/sysroots/x86_64-linux/usr/arm-oe-linux-gnueabi/sys-include --sysroot=/jenhome/jenkins/jobs/LE910Cx_Multi_DAILY/workspace/build/apps_proc/poky/build/tmp-glibc/work/x86_64-linux/gcc-cross-initial-arm/4.9.3-r0/gcc-4.9.3/build.x86_64-linux.arm-oe-linux-gnueabi/tmpsysroot   -c -g -Os  conftest.c >&5
configure:4028: $? = 0
configure:4028:  /jenhome/jenkins/jobs/LE910Cx_Multi_DAILY/workspace/build/apps_proc/poky/build/tmp-glibc/work/x86_64-linux/gcc-cross-initial-arm/4.9.3-r0/gcc-4.9.3/build.x86_64-linux.arm-oe-linux-gnueabi/./gcc/xgcc -B/jenhome/jenkins/jobs/LE910Cx_Multi_DAILY/workspace/build/apps_proc/poky/build/tmp-glibc/work/x86_64-linux/gcc-cross-initial-arm/4.9.3-r0/gcc-4.9.3/build.x86_64-linux.arm-oe-linux-gnueabi/./gcc/ -B/jenhome/jenkins/jobs/LE910Cx_Multi_DAILY/workspace/build/apps_proc/poky/build/tmp-glibc/sysroots/x86_64-linux/usr/arm-oe-linux-gnueabi/bin/ -B/jenhome/jenkins/jobs/LE910Cx_Multi_DAILY/workspace/build/apps_proc/poky/build/tmp-glibc/sysroots/x86_64-linux/usr/arm-oe-linux-gnueabi/lib/ -isystem /jenhome/jenkins/jobs/LE910Cx_Multi_DAILY/workspace/build/apps_proc/poky/build/tmp-glibc/sysroots/x86_64-linux/usr/arm-oe-linux-gnueabi/include -isystem /jenhome/jenkins/jobs/LE910Cx_Multi_DAILY/workspace/build/apps_proc/poky/build/tmp-glibc/sysroots/x86_64-linux/usr/arm-oe-linux-gnueabi/sys-include --sysroot=/jenhome/jenkins/jobs/LE910Cx_Multi_DAILY/workspace/build/apps_proc/poky/build/tmp-glibc/work/x86_64-linux/gcc-cross-initial-arm/4.9.3-r0/gcc-4.9.3/build.x86_64-linux.arm-oe-linux-gnueabi/tmpsysroot   -c -g -Os  conftest.c >&5
configure:4028: $? = 0
configure:4028:  /jenhome/jenkins/jobs/LE910Cx_Multi_DAILY/workspace/build/apps_proc/poky/build/tmp-glibc/work/x86_64-linux/gcc-cross-initial-arm/4.9.3-r0/gcc-4.9.3/build.x86_64-linux.arm-oe-linux-gnueabi/./gcc/xgcc -B/jenhome/jenkins/jobs/LE910Cx_Multi_DAILY/workspace/build/apps_proc/poky/build/tmp-glibc/work/x86_64-linux/gcc-cross-initial-arm/4.9.3-r0/gcc-4.9.3/build.x86_64-linux.arm-oe-linux-gnueabi/./gcc/ -B/jenhome/jenkins/jobs/LE910Cx_Multi_DAILY/workspace/build/apps_proc/poky/build/tmp-glibc/sysroots/x86_64-linux/usr/arm-oe-linux-gnueabi/bin/ -B/jenhome/jenkins/jobs/LE910Cx_Multi_DAILY/workspace/build/apps_proc/poky/build/tmp-glibc/sysroots/x86_64-linux/usr/arm-oe-linux-gnueabi/lib/ -isystem /jenhome/jenkins/jobs/LE910Cx_Multi_DAILY/workspace/build/apps_proc/poky/build/tmp-glibc/sysroots/x86_64-linux/usr/arm-oe-linux-gnueabi/include -isystem /jenhome/jenkins/jobs/LE910Cx_Multi_DAILY/workspace/build/apps_proc/poky/build/tmp-glibc/sysroots/x86_64-linux/usr/arm-oe-linux-gnueabi/sys-include --sysroot=/jenhome/jenkins/jobs/LE910Cx_Multi_DAILY/workspace/build/apps_proc/poky/build/tmp-glibc/work/x86_64-linux/gcc-cross-initial-arm/4.9.3-r0/gcc-4.9.3/build.x86_64-linux.arm-oe-linux-gnueabi/tmpsysroot   -c -g -Os  conftest.c >&5
configure:4028: $? = 0
configure:4028:  /jenhome/jenkins/jobs/LE910Cx_Multi_DAILY/workspace/build/apps_proc/poky/build/tmp-glibc/work/x86_64-linux/gcc-cross-initial-arm/4.9.3-r0/gcc-4.9.3/build.x86_64-linux.arm-oe-linux-gnueabi/./gcc/xgcc -B/jenhome/jenkins/jobs/LE910Cx_Multi_DAILY/workspace/build/apps_proc/poky/build/tmp-glibc/work/x86_64-linux/gcc-cross-initial-arm/4.9.3-r0/gcc-4.9.3/build.x86_64-linux.arm-oe-linux-gnueabi/./gcc/ -B/jenhome/jenkins/jobs/LE910Cx_Multi_DAILY/workspace/build/apps_proc/poky/build/tmp-glibc/sysroots/x86_64-linux/usr/arm-oe-linux-gnueabi/bin/ -B/jenhome/jenkins/jobs/LE910Cx_Multi_DAILY/workspace/build/apps_proc/poky/build/tmp-glibc/sysroots/x86_64-linux/usr/arm-oe-linux-gnueabi/lib/ -isystem /jenhome/jenkins/jobs/LE910Cx_Multi_DAILY/workspace/build/apps_proc/poky/build/tmp-glibc/sysroots/x86_64-linux/usr/arm-oe-linux-gnueabi/include -isystem /jenhome/jenkins/jobs/LE910Cx_Multi_DAILY/workspace/build/apps_proc/poky/build/tmp-glibc/sysroots/x86_64-linux/usr/arm-oe-linux-gnueabi/sys-include --sysroot=/jenhome/jenkins/jobs/LE910Cx_Multi_DAILY/workspace/build/apps_proc/poky/build/tmp-glibc/work/x86_64-linux/gcc-cross-initial-arm/4.9.3-r0/gcc-4.9.3/build.x86_64-linux.arm-oe-linux-gnueabi/tmpsysroot   -c -g -Os  conftest.c >&5
configure:4028: $? = 0
configure:4043: result: 8
configure:4059: checking whether decimal floating point is supported
configure:4081:  /jenhome/jenkins/jobs/LE910Cx_Multi_DAILY/workspace/build/apps_proc/poky/build/tmp-glibc/work/x86_64-linux/gcc-cross-initial-arm/4.9.3-r0/gcc-4.9.3/build.x86_64-linux.arm-oe-linux-gnueabi/./gcc/xgcc -B/jenhome/jenkins/jobs/LE910Cx_Multi_DAILY/workspace/build/apps_proc/poky/build/tmp-glibc/work/x86_64-linux/gcc-cross-initial-arm/4.9.3-r0/gcc-4.9.3/build.x86_64-linux.arm-oe-linux-gnueabi/./gcc/ -B/jenhome/jenkins/jobs/LE910Cx_Multi_DAILY/workspace/build/apps_proc/poky/build/tmp-glibc/sysroots/x86_64-linux/usr/arm-oe-linux-gnueabi/bin/ -B/jenhome/jenkins/jobs/LE910Cx_Multi_DAILY/workspace/build/apps_proc/poky/build/tmp-glibc/sysroots/x86_64-linux/usr/arm-oe-linux-gnueabi/lib/ -isystem /jenhome/jenkins/jobs/LE910Cx_Multi_DAILY/workspace/build/apps_proc/poky/build/tmp-glibc/sysroots/x86_64-linux/usr/arm-oe-linux-gnueabi/include -isystem /jenhome/jenkins/jobs/LE910Cx_Multi_DAILY/workspace/build/apps_proc/poky/build/tmp-glibc/sysroots/x86_64-linux/usr/arm-oe-linux-gnueabi/sys-include --sysroot=/jenhome/jenkins/jobs/LE910Cx_Multi_DAILY/workspace/build/apps_proc/poky/build/tmp-glibc/work/x86_64-linux/gcc-cross-initial-arm/4.9.3-r0/gcc-4.9.3/build.x86_64-linux.arm-oe-linux-gnueabi/tmpsysroot   -c -g -Os  conftest.c >&5
conftest.c:12:18: fatal error: fenv.h: No such file or directory
 #include <fenv.h>
                  ^
compilation terminated.
configure:4081: $? = 1
configure: failed program was:
| /* confdefs.h */
| #define PACKAGE_NAME "GNU C Runtime Library"
| #define PACKAGE_TARNAME "libgcc"
| #define PACKAGE_VERSION "1.0"
| #define PACKAGE_STRING "GNU C Runtime Library 1.0"
| #define PACKAGE_BUGREPORT ""
| #define PACKAGE_URL "http://www.gnu.org/software/libgcc/"
| #define SIZEOF_DOUBLE 8
| #define SIZEOF_LONG_DOUBLE 8
| /* end confdefs.h.  */
| 
| #include <fenv.h>
| 
| int
| main ()
| {
| 
| _Decimal32 x;
| int fe_except =
|   FE_INVALID|FE_DIVBYZERO|FE_OVERFLOW|FE_UNDERFLOW|FE_INEXACT;
| 
|   ;
|   return 0;
| }
configure:4088: result: no
configure:4146: checking whether fixed-point is supported
configure:4155:  /jenhome/jenkins/jobs/LE910Cx_Multi_DAILY/workspace/build/apps_proc/poky/build/tmp-glibc/work/x86_64-linux/gcc-cross-initial-arm/4.9.3-r0/gcc-4.9.3/build.x86_64-linux.arm-oe-linux-gnueabi/./gcc/xgcc -B/jenhome/jenkins/jobs/LE910Cx_Multi_DAILY/workspace/build/apps_proc/poky/build/tmp-glibc/work/x86_64-linux/gcc-cross-initial-arm/4.9.3-r0/gcc-4.9.3/build.x86_64-linux.arm-oe-linux-gnueabi/./gcc/ -B/jenhome/jenkins/jobs/LE910Cx_Multi_DAILY/workspace/build/apps_proc/poky/build/tmp-glibc/sysroots/x86_64-linux/usr/arm-oe-linux-gnueabi/bin/ -B/jenhome/jenkins/jobs/LE910Cx_Multi_DAILY/workspace/build/apps_proc/poky/build/tmp-glibc/sysroots/x86_64-linux/usr/arm-oe-linux-gnueabi/lib/ -isystem /jenhome/jenkins/jobs/LE910Cx_Multi_DAILY/workspace/build/apps_proc/poky/build/tmp-glibc/sysroots/x86_64-linux/usr/arm-oe-linux-gnueabi/include -isystem /jenhome/jenkins/jobs/LE910Cx_Multi_DAILY/workspace/build/apps_proc/poky/build/tmp-glibc/sysroots/x86_64-linux/usr/arm-oe-linux-gnueabi/sys-include --sysroot=/jenhome/jenkins/jobs/LE910Cx_Multi_DAILY/workspace/build/apps_proc/poky/build/tmp-glibc/work/x86_64-linux/gcc-cross-initial-arm/4.9.3-r0/gcc-4.9.3/build.x86_64-linux.arm-oe-linux-gnueabi/tmpsysroot   -c -g -Os  conftest.c >&5
configure:4155: $? = 0
configure:4162: result: yes
configure:4222: checking whether to use setjmp/longjmp exceptions
configure:4241:  /jenhome/jenkins/jobs/LE910Cx_Multi_DAILY/workspace/build/apps_proc/poky/build/tmp-glibc/work/x86_64-linux/gcc-cross-initial-arm/4.9.3-r0/gcc-4.9.3/build.x86_64-linux.arm-oe-linux-gnueabi/./gcc/xgcc -B/jenhome/jenkins/jobs/LE910Cx_Multi_DAILY/workspace/build/apps_proc/poky/build/tmp-glibc/work/x86_64-linux/gcc-cross-initial-arm/4.9.3-r0/gcc-4.9.3/build.x86_64-linux.arm-oe-linux-gnueabi/./gcc/ -B/jenhome/jenkins/jobs/LE910Cx_Multi_DAILY/workspace/build/apps_proc/poky/build/tmp-glibc/sysroots/x86_64-linux/usr/arm-oe-linux-gnueabi/bin/ -B/jenhome/jenkins/jobs/LE910Cx_Multi_DAILY/workspace/build/apps_proc/poky/build/tmp-glibc/sysroots/x86_64-linux/usr/arm-oe-linux-gnueabi/lib/ -isystem /jenhome/jenkins/jobs/LE910Cx_Multi_DAILY/workspace/build/apps_proc/poky/build/tmp-glibc/sysroots/x86_64-linux/usr/arm-oe-linux-gnueabi/include -isystem /jenhome/jenkins/jobs/LE910Cx_Multi_DAILY/workspace/build/apps_proc/poky/build/tmp-glibc/sysroots/x86_64-linux/usr/arm-oe-linux-gnueabi/sys-include --sysroot=/jenhome/jenkins/jobs/LE910Cx_Multi_DAILY/workspace/build/apps_proc/poky/build/tmp-glibc/work/x86_64-linux/gcc-cross-initial-arm/4.9.3-r0/gcc-4.9.3/build.x86_64-linux.arm-oe-linux-gnueabi/tmpsysroot   -fexceptions -S conftest.c -o conftest.s 1>&5
configure:4244: $? = 0
configure:4255: result: no
configure:4275: checking if the linker (/jenhome/jenkins/jobs/LE910Cx_Multi_DAILY/workspace/build/apps_proc/poky/build/tmp-glibc/work/x86_64-linux/gcc-cross-initial-arm/4.9.3-r0/gcc-4.9.3/build.x86_64-linux.arm-oe-linux-gnueabi/./gcc/collect-ld) is GNU ld
GNU ld (GNU Binutils) 2.25.1
configure:4287: result: yes
configure:4292: checking for thread model used by GCC
configure:4295: result: single
configure:4299: checking whether assembler supports CFI directives
configure:4312:  /jenhome/jenkins/jobs/LE910Cx_Multi_DAILY/workspace/build/apps_proc/poky/build/tmp-glibc/work/x86_64-linux/gcc-cross-initial-arm/4.9.3-r0/gcc-4.9.3/build.x86_64-linux.arm-oe-linux-gnueabi/./gcc/xgcc -B/jenhome/jenkins/jobs/LE910Cx_Multi_DAILY/workspace/build/apps_proc/poky/build/tmp-glibc/work/x86_64-linux/gcc-cross-initial-arm/4.9.3-r0/gcc-4.9.3/build.x86_64-linux.arm-oe-linux-gnueabi/./gcc/ -B/jenhome/jenkins/jobs/LE910Cx_Multi_DAILY/workspace/build/apps_proc/poky/build/tmp-glibc/sysroots/x86_64-linux/usr/arm-oe-linux-gnueabi/bin/ -B/jenhome/jenkins/jobs/LE910Cx_Multi_DAILY/workspace/build/apps_proc/poky/build/tmp-glibc/sysroots/x86_64-linux/usr/arm-oe-linux-gnueabi/lib/ -isystem /jenhome/jenkins/jobs/LE910Cx_Multi_DAILY/workspace/build/apps_proc/poky/build/tmp-glibc/sysroots/x86_64-linux/usr/arm-oe-linux-gnueabi/include -isystem /jenhome/jenkins/jobs/LE910Cx_Multi_DAILY/workspace/build/apps_proc/poky/build/tmp-glibc/sysroots/x86_64-linux/usr/arm-oe-linux-gnueabi/sys-include --sysroot=/jenhome/jenkins/jobs/LE910Cx_Multi_DAILY/workspace/build/apps_proc/poky/build/tmp-glibc/work/x86_64-linux/gcc-cross-initial-arm/4.9.3-r0/gcc-4.9.3/build.x86_64-linux.arm-oe-linux-gnueabi/tmpsysroot   -c -g -Os  conftest.c >&5
configure:4312: $? = 0
configure:4319: result: yes
configure:4387: checking for __attribute__((visibility("hidden")))
configure:4396:  /jenhome/jenkins/jobs/LE910Cx_Multi_DAILY/workspace/build/apps_proc/poky/build/tmp-glibc/work/x86_64-linux/gcc-cross-initial-arm/4.9.3-r0/gcc-4.9.3/build.x86_64-linux.arm-oe-linux-gnueabi/./gcc/xgcc -B/jenhome/jenkins/jobs/LE910Cx_Multi_DAILY/workspace/build/apps_proc/poky/build/tmp-glibc/work/x86_64-linux/gcc-cross-initial-arm/4.9.3-r0/gcc-4.9.3/build.x86_64-linux.arm-oe-linux-gnueabi/./gcc/ -B/jenhome/jenkins/jobs/LE910Cx_Multi_DAILY/workspace/build/apps_proc/poky/build/tmp-glibc/sysroots/x86_64-linux/usr/arm-oe-linux-gnueabi/bin/ -B/jenhome/jenkins/jobs/LE910Cx_Multi_DAILY/workspace/build/apps_proc/poky/build/tmp-glibc/sysroots/x86_64-linux/usr/arm-oe-linux-gnueabi/lib/ -isystem /jenhome/jenkins/jobs/LE910Cx_Multi_DAILY/workspace/build/apps_proc/poky/build/tmp-glibc/sysroots/x86_64-linux/usr/arm-oe-linux-gnueabi/include -isystem /jenhome/jenkins/jobs/LE910Cx_Multi_DAILY/workspace/build/apps_proc/poky/build/tmp-glibc/sysroots/x86_64-linux/usr/arm-oe-linux-gnueabi/sys-include --sysroot=/jenhome/jenkins/jobs/LE910Cx_Multi_DAILY/workspace/build/apps_proc/poky/build/tmp-glibc/work/x86_64-linux/gcc-cross-initial-arm/4.9.3-r0/gcc-4.9.3/build.x86_64-linux.arm-oe-linux-gnueabi/tmpsysroot   -Werror -S conftest.c -o conftest.s 1>&5
configure:4399: $? = 0
configure:4408: result: yes
configure:4436: checking whether the target assembler supports thread-local storage
configure:4446:  /jenhome/jenkins/jobs/LE910Cx_Multi_DAILY/workspace/build/apps_proc/poky/build/tmp-glibc/work/x86_64-linux/gcc-cross-initial-arm/4.9.3-r0/gcc-4.9.3/build.x86_64-linux.arm-oe-linux-gnueabi/./gcc/xgcc -B/jenhome/jenkins/jobs/LE910Cx_Multi_DAILY/workspace/build/apps_proc/poky/build/tmp-glibc/work/x86_64-linux/gcc-cross-initial-arm/4.9.3-r0/gcc-4.9.3/build.x86_64-linux.arm-oe-linux-gnueabi/./gcc/ -B/jenhome/jenkins/jobs/LE910Cx_Multi_DAILY/workspace/build/apps_proc/poky/build/tmp-glibc/sysroots/x86_64-linux/usr/arm-oe-linux-gnueabi/bin/ -B/jenhome/jenkins/jobs/LE910Cx_Multi_DAILY/workspace/build/apps_proc/poky/build/tmp-glibc/sysroots/x86_64-linux/usr/arm-oe-linux-gnueabi/lib/ -isystem /jenhome/jenkins/jobs/LE910Cx_Multi_DAILY/workspace/build/apps_proc/poky/build/tmp-glibc/sysroots/x86_64-linux/usr/arm-oe-linux-gnueabi/include -isystem /jenhome/jenkins/jobs/LE910Cx_Multi_DAILY/workspace/build/apps_proc/poky/build/tmp-glibc/sysroots/x86_64-linux/usr/arm-oe-linux-gnueabi/sys-include --sysroot=/jenhome/jenkins/jobs/LE910Cx_Multi_DAILY/workspace/build/apps_proc/poky/build/tmp-glibc/work/x86_64-linux/gcc-cross-initial-arm/4.9.3-r0/gcc-4.9.3/build.x86_64-linux.arm-oe-linux-gnueabi/tmpsysroot   -c -g -Os  conftest.c >&5
configure:4446: $? = 0
configure:4454: result: yes
configure:4464: checking whether the thread-local storage support is from emutls
configure:4473:  /jenhome/jenkins/jobs/LE910Cx_Multi_DAILY/workspace/build/apps_proc/poky/build/tmp-glibc/work/x86_64-linux/gcc-cross-initial-arm/4.9.3-r0/gcc-4.9.3/build.x86_64-linux.arm-oe-linux-gnueabi/./gcc/xgcc -B/jenhome/jenkins/jobs/LE910Cx_Multi_DAILY/workspace/build/apps_proc/poky/build/tmp-glibc/work/x86_64-linux/gcc-cross-initial-arm/4.9.3-r0/gcc-4.9.3/build.x86_64-linux.arm-oe-linux-gnueabi/./gcc/ -B/jenhome/jenkins/jobs/LE910Cx_Multi_DAILY/workspace/build/apps_proc/poky/build/tmp-glibc/sysroots/x86_64-linux/usr/arm-oe-linux-gnueabi/bin/ -B/jenhome/jenkins/jobs/LE910Cx_Multi_DAILY/workspace/build/apps_proc/poky/build/tmp-glibc/sysroots/x86_64-linux/usr/arm-oe-linux-gnueabi/lib/ -isystem /jenhome/jenkins/jobs/LE910Cx_Multi_DAILY/workspace/build/apps_proc/poky/build/tmp-glibc/sysroots/x86_64-linux/usr/arm-oe-linux-gnueabi/include -isystem /jenhome/jenkins/jobs/LE910Cx_Multi_DAILY/workspace/build/apps_proc/poky/build/tmp-glibc/sysroots/x86_64-linux/usr/arm-oe-linux-gnueabi/sys-include --sysroot=/jenhome/jenkins/jobs/LE910Cx_Multi_DAILY/workspace/build/apps_proc/poky/build/tmp-glibc/work/x86_64-linux/gcc-cross-initial-arm/4.9.3-r0/gcc-4.9.3/build.x86_64-linux.arm-oe-linux-gnueabi/tmpsysroot   -Werror -S -o conftest.s conftest.c 1>&5
configure:4476: $? = 0
configure:4485: result: no
configure:4498: checking for init priority support
configure:4515:  /jenhome/jenkins/jobs/LE910Cx_Multi_DAILY/workspace/build/apps_proc/poky/build/tmp-glibc/work/x86_64-linux/gcc-cross-initial-arm/4.9.3-r0/gcc-4.9.3/build.x86_64-linux.arm-oe-linux-gnueabi/./gcc/xgcc -B/jenhome/jenkins/jobs/LE910Cx_Multi_DAILY/workspace/build/apps_proc/poky/build/tmp-glibc/work/x86_64-linux/gcc-cross-initial-arm/4.9.3-r0/gcc-4.9.3/build.x86_64-linux.arm-oe-linux-gnueabi/./gcc/ -B/jenhome/jenkins/jobs/LE910Cx_Multi_DAILY/workspace/build/apps_proc/poky/build/tmp-glibc/sysroots/x86_64-linux/usr/arm-oe-linux-gnueabi/bin/ -B/jenhome/jenkins/jobs/LE910Cx_Multi_DAILY/workspace/build/apps_proc/poky/build/tmp-glibc/sysroots/x86_64-linux/usr/arm-oe-linux-gnueabi/lib/ -isystem /jenhome/jenkins/jobs/LE910Cx_Multi_DAILY/workspace/build/apps_proc/poky/build/tmp-glibc/sysroots/x86_64-linux/usr/arm-oe-linux-gnueabi/include -isystem /jenhome/jenkins/jobs/LE910Cx_Multi_DAILY/workspace/build/apps_proc/poky/build/tmp-glibc/sysroots/x86_64-linux/usr/arm-oe-linux-gnueabi/sys-include --sysroot=/jenhome/jenkins/jobs/LE910Cx_Multi_DAILY/workspace/build/apps_proc/poky/build/tmp-glibc/work/x86_64-linux/gcc-cross-initial-arm/4.9.3-r0/gcc-4.9.3/build.x86_64-linux.arm-oe-linux-gnueabi/tmpsysroot   -c -g -Os  conftest.c >&5
conftest.c: In function 'main':
conftest.c:16:1: warning: constructor priorities from 0 to 100 are reserved for the implementation
 void ip (void) __attribute__ ((constructor (1)));
 ^
configure:4515: $? = 0
configure:4522: result: yes
configure:4665: updating cache ./config.cache
configure:4702: creating ./config.status

## ---------------------- ##
## Running config.status. ##
## ---------------------- ##

This file was extended by GNU C Runtime Library config.status 1.0, which was
generated by GNU Autoconf 2.64.  Invocation command line was

  CONFIG_FILES    = 
  CONFIG_HEADERS  = 
  CONFIG_LINKS    = 
  CONFIG_COMMANDS = 
  $ ./config.status 

on srv-krs-jen05

config.status:885: creating Makefile
config.status:885: creating auto-target.h
config.status:1070: linking /jenhome/jenkins/jobs/LE910Cx_Multi_DAILY/workspace/build/apps_proc/poky/build/tmp-glibc/work-shared/gcc-4.9.3-r0/gcc-4.9.3/libgcc/enable-execute-stack-empty.c to enable-execute-stack.c
config.status:1070: linking /jenhome/jenkins/jobs/LE910Cx_Multi_DAILY/workspace/build/apps_proc/poky/build/tmp-glibc/work-shared/gcc-4.9.3-r0/gcc-4.9.3/libgcc/config/arm/unwind-arm.h to unwind.h
config.status:1070: linking /jenhome/jenkins/jobs/LE910Cx_Multi_DAILY/workspace/build/apps_proc/poky/build/tmp-glibc/work-shared/gcc-4.9.3-r0/gcc-4.9.3/libgcc/config/no-unwind.h to md-unwind-support.h
config.status:1070: linking /jenhome/jenkins/jobs/LE910Cx_Multi_DAILY/workspace/build/apps_proc/poky/build/tmp-glibc/work-shared/gcc-4.9.3-r0/gcc-4.9.3/libgcc/config/arm/sfp-machine.h to sfp-machine.h
config.status:1070: linking /jenhome/jenkins/jobs/LE910Cx_Multi_DAILY/workspace/build/apps_proc/poky/build/tmp-glibc/work-shared/gcc-4.9.3-r0/gcc-4.9.3/libgcc/gthr-single.h to gthr-default.h
config.status:1089: executing default commands

## ---------------- ##
## Cache variables. ##
## ---------------- ##

ac_cv_build=x86_64-pc-linux-gnu
ac_cv_c_compiler_gnu=yes
ac_cv_env_CC_set=set
ac_cv_env_CC_value=' /jenhome/jenkins/jobs/LE910Cx_Multi_DAILY/workspace/build/apps_proc/poky/build/tmp-glibc/work/x86_64-linux/gcc-cross-initial-arm/4.9.3-r0/gcc-4.9.3/build.x86_64-linux.arm-oe-linux-gnueabi/./gcc/xgcc -B/jenhome/jenkins/jobs/LE910Cx_Multi_DAILY/workspace/build/apps_proc/poky/build/tmp-glibc/work/x86_64-linux/gcc-cross-initial-arm/4.9.3-r0/gcc-4.9.3/build.x86_64-linux.arm-oe-linux-gnueabi/./gcc/ -B/jenhome/jenkins/jobs/LE910Cx_Multi_DAILY/workspace/build/apps_proc/poky/build/tmp-glibc/sysroots/x86_64-linux/usr/arm-oe-linux-gnueabi/bin/ -B/jenhome/jenkins/jobs/LE910Cx_Multi_DAILY/workspace/build/apps_proc/poky/build/tmp-glibc/sysroots/x86_64-linux/usr/arm-oe-linux-gnueabi/lib/ -isystem /jenhome/jenkins/jobs/LE910Cx_Multi_DAILY/workspace/build/apps_proc/poky/build/tmp-glibc/sysroots/x86_64-linux/usr/arm-oe-linux-gnueabi/include -isystem /jenhome/jenkins/jobs/LE910Cx_Multi_DAILY/workspace/build/apps_proc/poky/build/tmp-glibc/sysroots/x86_64-linux/usr/arm-oe-linux-gnueabi/sys-include --sysroot=/jenhome/jenkins/jobs/LE910Cx_Multi_DAILY/workspace/build/apps_proc/poky/build/tmp-glibc/work/x86_64-linux/gcc-cross-initial-arm/4.9.3-r0/gcc-4.9.3/build.x86_64-linux.arm-oe-linux-gnueabi/tmpsysroot  '
ac_cv_env_CFLAGS_set=set
ac_cv_env_CFLAGS_value='-g -Os'
ac_cv_env_CPPFLAGS_set=set
ac_cv_env_CPPFLAGS_value=
ac_cv_env_CPP_set=set
ac_cv_env_CPP_value='gcc -E '
ac_cv_env_LDFLAGS_set=set
ac_cv_env_LDFLAGS_value='-Wl,-O1 -Wl,--hash-style=gnu -Wl,--as-needed -Wl,-z,relro,-z,now,-z,noexecstack'
ac_cv_env_LIBS_set=
ac_cv_env_LIBS_value=
ac_cv_env_build_alias_set=set
ac_cv_env_build_alias_value=x86_64-linux
ac_cv_env_host_alias_set=set
ac_cv_env_host_alias_value=arm-oe-linux-gnueabi
ac_cv_env_target_alias_set=set
ac_cv_env_target_alias_value=arm-oe-linux-gnueabi
ac_cv_host=arm-oe-linux-gnueabi
ac_cv_objext=o
ac_cv_path_install='/usr/bin/install -c'
ac_cv_prog_AR=arm-oe-linux-gnueabi-ar
ac_cv_prog_AWK=gawk
ac_cv_prog_CC=' /jenhome/jenkins/jobs/LE910Cx_Multi_DAILY/workspace/build/apps_proc/poky/build/tmp-glibc/work/x86_64-linux/gcc-cross-initial-arm/4.9.3-r0/gcc-4.9.3/build.x86_64-linux.arm-oe-linux-gnueabi/./gcc/xgcc -B/jenhome/jenkins/jobs/LE910Cx_Multi_DAILY/workspace/build/apps_proc/poky/build/tmp-glibc/work/x86_64-linux/gcc-cross-initial-arm/4.9.3-r0/gcc-4.9.3/build.x86_64-linux.arm-oe-linux-gnueabi/./gcc/ -B/jenhome/jenkins/jobs/LE910Cx_Multi_DAILY/workspace/build/apps_proc/poky/build/tmp-glibc/sysroots/x86_64-linux/usr/arm-oe-linux-gnueabi/bin/ -B/jenhome/jenkins/jobs/LE910Cx_Multi_DAILY/workspace/build/apps_proc/poky/build/tmp-glibc/sysroots/x86_64-linux/usr/arm-oe-linux-gnueabi/lib/ -isystem /jenhome/jenkins/jobs/LE910Cx_Multi_DAILY/workspace/build/apps_proc/poky/build/tmp-glibc/sysroots/x86_64-linux/usr/arm-oe-linux-gnueabi/include -isystem /jenhome/jenkins/jobs/LE910Cx_Multi_DAILY/workspace/build/apps_proc/poky/build/tmp-glibc/sysroots/x86_64-linux/usr/arm-oe-linux-gnueabi/sys-include --sysroot=/jenhome/jenkins/jobs/LE910Cx_Multi_DAILY/workspace/build/apps_proc/poky/build/tmp-glibc/work/x86_64-linux/gcc-cross-initial-arm/4.9.3-r0/gcc-4.9.3/build.x86_64-linux.arm-oe-linux-gnueabi/tmpsysroot  '
ac_cv_prog_CPP='gcc -E '
ac_cv_prog_LIPO=arm-oe-linux-gnueabi-lipo
ac_cv_prog_NM=/jenhome/jenkins/jobs/LE910Cx_Multi_DAILY/workspace/build/apps_proc/poky/build/tmp-glibc/work/x86_64-linux/gcc-cross-initial-arm/4.9.3-r0/gcc-4.9.3/build.x86_64-linux.arm-oe-linux-gnueabi/./gcc/nm
ac_cv_prog_RANLIB=arm-oe-linux-gnueabi-ranlib
ac_cv_prog_STRIP=arm-oe-linux-gnueabi-strip
ac_cv_prog_cc_c89=no
ac_cv_prog_cc_g=yes
ac_cv_sizeof_double=8
ac_cv_sizeof_long_double=8
acl_cv_prog_gnu_ld=yes
gcc_cv_collect2_libs='none required'
gcc_cv_have_cc_tls=yes
gcc_cv_use_emutls=no
libgcc_cv_cfi=yes
libgcc_cv_dfp=no
libgcc_cv_fixed_point=yes
libgcc_cv_hidden_visibility_attribute=yes
libgcc_cv_init_priority=yes
libgcc_cv_lib_sjlj_exceptions=no
lt_cv_sys_lib_dlsearch_path_spec='/jenhome/jenkins/jobs/LE910Cx_Multi_DAILY/workspace/build/apps_proc/poky/build/tmp-glibc/sysroots/x86_64-linux/usr/lib/arm-oe-linux-gnueabi.gcc-cross-initial-arm /jenhome/jenkins/jobs/LE910Cx_Multi_DAILY/workspace/build/apps_proc/poky/build/tmp-glibc/sysroots/x86_64-linux/lib'

## ----------------- ##
## Output variables. ##
## ----------------- ##

AR='arm-oe-linux-gnueabi-ar'
AWK='gawk'
CC=' /jenhome/jenkins/jobs/LE910Cx_Multi_DAILY/workspace/build/apps_proc/poky/build/tmp-glibc/work/x86_64-linux/gcc-cross-initial-arm/4.9.3-r0/gcc-4.9.3/build.x86_64-linux.arm-oe-linux-gnueabi/./gcc/xgcc -B/jenhome/jenkins/jobs/LE910Cx_Multi_DAILY/workspace/build/apps_proc/poky/build/tmp-glibc/work/x86_64-linux/gcc-cross-initial-arm/4.9.3-r0/gcc-4.9.3/build.x86_64-linux.arm-oe-linux-gnueabi/./gcc/ -B/jenhome/jenkins/jobs/LE910Cx_Multi_DAILY/workspace/build/apps_proc/poky/build/tmp-glibc/sysroots/x86_64-linux/usr/arm-oe-linux-gnueabi/bin/ -B/jenhome/jenkins/jobs/LE910Cx_Multi_DAILY/workspace/build/apps_proc/poky/build/tmp-glibc/sysroots/x86_64-linux/usr/arm-oe-linux-gnueabi/lib/ -isystem /jenhome/jenkins/jobs/LE910Cx_Multi_DAILY/workspace/build/apps_proc/poky/build/tmp-glibc/sysroots/x86_64-linux/usr/arm-oe-linux-gnueabi/include -isystem /jenhome/jenkins/jobs/LE910Cx_Multi_DAILY/workspace/build/apps_proc/poky/build/tmp-glibc/sysroots/x86_64-linux/usr/arm-oe-linux-gnueabi/sys-include --sysroot=/jenhome/jenkins/jobs/LE910Cx_Multi_DAILY/workspace/build/apps_proc/poky/build/tmp-glibc/work/x86_64-linux/gcc-cross-initial-arm/4.9.3-r0/gcc-4.9.3/build.x86_64-linux.arm-oe-linux-gnueabi/tmpsysroot  '
CFLAGS='-g -Os'
CPP='gcc -E '
CPPFLAGS=''
DEFS='-DHAVE_CONFIG_H'
ECHO_C=''
ECHO_N='-n'
ECHO_T=''
EXEEXT=''
INSTALL_DATA='${INSTALL} -m 644'
INSTALL_PROGRAM='${INSTALL}'
INSTALL_SCRIPT='${INSTALL}'
LDFLAGS='-Wl,-O1 -Wl,--hash-style=gnu -Wl,--as-needed -Wl,-z,relro,-z,now,-z,noexecstack'
LIBOBJS=''
LIBS=''
LIPO='arm-oe-linux-gnueabi-lipo'
LN_S='ln -s'
LTLIBOBJS=''
MAINT='#'
NM='/jenhome/jenkins/jobs/LE910Cx_Multi_DAILY/workspace/build/apps_proc/poky/build/tmp-glibc/work/x86_64-linux/gcc-cross-initial-arm/4.9.3-r0/gcc-4.9.3/build.x86_64-linux.arm-oe-linux-gnueabi/./gcc/nm'
OBJEXT='o'
PACKAGE_BUGREPORT=''
PACKAGE_NAME='GNU C Runtime Library'
PACKAGE_STRING='GNU C Runtime Library 1.0'
PACKAGE_TARNAME='libgcc'
PACKAGE_URL='http://www.gnu.org/software/libgcc/'
PACKAGE_VERSION='1.0'
PATH_SEPARATOR=':'
PICFLAG='-fPIC'
RANLIB='arm-oe-linux-gnueabi-ranlib'
SHELL='/bin/sh'
STRIP='arm-oe-linux-gnueabi-strip'
ac_ct_CC=''
asm_hidden_op='.hidden'
bindir='/jenhome/jenkins/jobs/LE910Cx_Multi_DAILY/workspace/build/apps_proc/poky/build/tmp-glibc/sysroots/x86_64-linux/usr/bin/arm-oe-linux-gnueabi.gcc-cross-initial-arm'
build='x86_64-pc-linux-gnu'
build_alias='x86_64-linux'
build_cpu='x86_64'
build_libsubdir='build-x86_64-linux'
build_os='linux-gnu'
build_subdir='build-x86_64-linux'
build_vendor='pc'
cpu_type='arm'
datadir='/jenhome/jenkins/jobs/LE910Cx_Multi_DAILY/workspace/build/apps_proc/poky/build/tmp-glibc/sysroots/x86_64-linux/usr/share'
datarootdir='${prefix}/share'
decimal_float='no'
docdir='${datarootdir}/doc/${PACKAGE_TARNAME}'
double_type_size='64'
dvidir='${docdir}'
enable_decimal_float='no'
enable_shared='no'
enable_vtable_verify='no'
exec_prefix='/jenhome/jenkins/jobs/LE910Cx_Multi_DAILY/workspace/build/apps_proc/poky/build/tmp-glibc/sysroots/x86_64-linux/usr'
extra_parts='crtbegin.o crtbeginS.o crtbeginT.o crtend.o crtendS.o'
fixed_point='yes'
host='arm-oe-linux-gnueabi'
host_alias='arm-oe-linux-gnueabi'
host_cpu='arm'
host_noncanonical='arm-oe-linux-gnueabi'
host_os='linux-gnueabi'
host_subdir='.'
host_vendor='oe'
htmldir='${docdir}'
includedir='/jenhome/jenkins/jobs/LE910Cx_Multi_DAILY/workspace/build/apps_proc/poky/build/tmp-glibc/sysroots/x86_64-linux/usr/include'
infodir='/jenhome/jenkins/jobs/LE910Cx_Multi_DAILY/workspace/build/apps_proc/poky/build/tmp-glibc/sysroots/x86_64-linux/usr/share/info'
libdir='/jenhome/jenkins/jobs/LE910Cx_Multi_DAILY/workspace/build/apps_proc/poky/build/tmp-glibc/sysroots/x86_64-linux/usr/lib/arm-oe-linux-gnueabi.gcc-cross-initial-arm'
libexecdir='/jenhome/jenkins/jobs/LE910Cx_Multi_DAILY/workspace/build/apps_proc/poky/build/tmp-glibc/sysroots/x86_64-linux/usr/libexec/arm-oe-linux-gnueabi.gcc-cross-initial-arm'
libgcc_topdir='/jenhome/jenkins/jobs/LE910Cx_Multi_DAILY/workspace/build/apps_proc/poky/build/tmp-glibc/work-shared/gcc-4.9.3-r0/gcc-4.9.3/libgcc/..'
localedir='${datarootdir}/locale'
localstatedir='/jenhome/jenkins/jobs/LE910Cx_Multi_DAILY/workspace/build/apps_proc/poky/build/tmp-glibc/sysroots/x86_64-linux/var'
long_double_type_size='64'
mandir='/jenhome/jenkins/jobs/LE910Cx_Multi_DAILY/workspace/build/apps_proc/poky/build/tmp-glibc/sysroots/x86_64-linux/usr/share/man'
oldincludedir='/jenhome/jenkins/jobs/LE910Cx_Multi_DAILY/workspace/build/apps_proc/poky/build/tmp-glibc/sysroots/x86_64-linux/usr/include'
pdfdir='${docdir}'
prefix='/jenhome/jenkins/jobs/LE910Cx_Multi_DAILY/workspace/build/apps_proc/poky/build/tmp-glibc/sysroots/x86_64-linux/usr'
program_transform_name='s&^&arm-oe-linux-gnueabi-&'
psdir='${docdir}'
sbindir='/jenhome/jenkins/jobs/LE910Cx_Multi_DAILY/workspace/build/apps_proc/poky/build/tmp-glibc/sysroots/x86_64-linux/usr/bin/arm-oe-linux-gnueabi.gcc-cross-initial-arm'
set_have_cc_tls='-DHAVE_CC_TLS'
set_use_emutls=''
sfp_machine_header='arm/sfp-machine.h'
sharedstatedir='/jenhome/jenkins/jobs/LE910Cx_Multi_DAILY/workspace/build/apps_proc/poky/build/tmp-glibc/sysroots/x86_64-linux/com'
slibdir='$(exec_prefix)/$(host_noncanonical)/lib'
sysconfdir='/jenhome/jenkins/jobs/LE910Cx_Multi_DAILY/workspace/build/apps_proc/poky/build/tmp-glibc/sysroots/x86_64-linux/etc'
target_alias='arm-oe-linux-gnueabi'
target_noncanonical='arm-oe-linux-gnueabi'
target_subdir='arm-oe-linux-gnueabi'
thread_header='gthr-single.h'
tm_defines=''
tm_file=' $(srcdir)/config/arm/bpabi-lib.h'
tmake_file=' $(srcdir)/config/t-crtstuff-pic $(srcdir)/config/t-libgcc-pic $(srcdir)/config/t-eh-dw2-dip $(srcdir)/config/t-slibgcc $(srcdir)/config/t-slibgcc-gld $(srcdir)/config/t-slibgcc-elf-ver $(srcdir)/config/t-linux $(srcdir)/config/arm/t-arm $(srcdir)/config/t-fixedpoint-gnu-prefix $(srcdir)/config/arm/t-elf $(srcdir)/config/arm/t-bpabi $(srcdir)/config/arm/t-linux-eabi $(srcdir)/config/t-slibgcc-libgcc $(srcdir)/config/t-softfp-sfdf $(srcdir)/config/t-softfp-excl $(srcdir)/config/arm/t-softfp $(srcdir)/config/t-softfp'
toolexecdir='$(exec_prefix)/$(target_noncanonical)'
toolexeclibdir='$(toolexecdir)/lib'
vis_hide='-fvisibility=hidden -DHIDE_EXPORTS'

## ----------- ##
## confdefs.h. ##
## ----------- ##

/* confdefs.h */
#define PACKAGE_NAME "GNU C Runtime Library"
#define PACKAGE_TARNAME "libgcc"
#define PACKAGE_VERSION "1.0"
#define PACKAGE_STRING "GNU C Runtime Library 1.0"
#define PACKAGE_BUGREPORT ""
#define PACKAGE_URL "http://www.gnu.org/software/libgcc/"
#define SIZEOF_DOUBLE 8
#define SIZEOF_LONG_DOUBLE 8
#define HAVE_GETIPINFO 1
#define HAVE_INIT_PRIORITY 1

configure: exit 0
