This file contains any messages produced by compilers while
running configure, to aid debugging if configure makes a mistake.

It was created by cpplib configure  , which was
generated by GNU Autoconf 2.64.  Invocation command line was

  $ /jenhome/jenkins/jobs/LE910Cx_Multi_DAILY/workspace/build/apps_proc/poky/build/tmp-glibc/work-shared/gcc-4.9.3-r0/gcc-4.9.3/libcpp/configure --cache-file=./config.cache --with-system-zlib --prefix=/jenhome/jenkins/jobs/LE910Cx_Multi_DAILY/workspace/build/apps_proc/poky/build/tmp-glibc/sysroots/x86_64-linux/usr --exec_prefix=/jenhome/jenkins/jobs/LE910Cx_Multi_DAILY/workspace/build/apps_proc/poky/build/tmp-glibc/sysroots/x86_64-linux/usr --bindir=/jenhome/jenkins/jobs/LE910Cx_Multi_DAILY/workspace/build/apps_proc/poky/build/tmp-glibc/sysroots/x86_64-linux/usr/bin/arm-oe-linux-gnueabi --sbindir=/jenhome/jenkins/jobs/LE910Cx_Multi_DAILY/workspace/build/apps_proc/poky/build/tmp-glibc/sysroots/x86_64-linux/usr/bin/arm-oe-linux-gnueabi --libexecdir=/jenhome/jenkins/jobs/LE910Cx_Multi_DAILY/workspace/build/apps_proc/poky/build/tmp-glibc/sysroots/x86_64-linux/usr/libexec/arm-oe-linux-gnueabi --datadir=/jenhome/jenkins/jobs/LE910Cx_Multi_DAILY/workspace/build/apps_proc/poky/build/tmp-glibc/sysroots/x86_64-linux/usr/share --sysconfdir=/jenhome/jenkins/jobs/LE910Cx_Multi_DAILY/workspace/build/apps_proc/poky/build/tmp-glibc/sysroots/x86_64-linux/etc --sharedstatedir=/jenhome/jenkins/jobs/LE910Cx_Multi_DAILY/workspace/build/apps_proc/poky/build/tmp-glibc/sysroots/x86_64-linux/com --localstatedir=/jenhome/jenkins/jobs/LE910Cx_Multi_DAILY/workspace/build/apps_proc/poky/build/tmp-glibc/sysroots/x86_64-linux/var --libdir=/jenhome/jenkins/jobs/LE910Cx_Multi_DAILY/workspace/build/apps_proc/poky/build/tmp-glibc/sysroots/x86_64-linux/usr/lib/arm-oe-linux-gnueabi --includedir=/jenhome/jenkins/jobs/LE910Cx_Multi_DAILY/workspace/build/apps_proc/poky/build/tmp-glibc/sysroots/x86_64-linux/usr/include --oldincludedir=/jenhome/jenkins/jobs/LE910Cx_Multi_DAILY/workspace/build/apps_proc/poky/build/tmp-glibc/sysroots/x86_64-linux/usr/include --infodir=/jenhome/jenkins/jobs/LE910Cx_Multi_DAILY/workspace/build/apps_proc/poky/build/tmp-glibc/sysroots/x86_64-linux/usr/share/info --mandir=/jenhome/jenkins/jobs/LE910Cx_Multi_DAILY/workspace/build/apps_proc/poky/build/tmp-glibc/sysroots/x86_64-linux/usr/share/man --disable-silent-rules --disable-dependency-tracking --with-libtool-sysroot=/jenhome/jenkins/jobs/LE910Cx_Multi_DAILY/workspace/build/apps_proc/poky/build/tmp-glibc/sysroots/x86_64-linux --enable-clocale=generic --with-gnu-ld --enable-shared --enable-threads=posix --disable-multilib --enable-c99 --enable-long-long --enable-symvers=gnu --enable-libstdcxx-pch --without-local-prefix --enable-target-optspace --enable-lto --enable-libssp --disable-bootstrap --disable-libmudflap --with-linker-hash-style=gnu --enable-linker-build-id --with-ppl=no --with-cloog=no --enable-checking=release --enable-cheaders=c_global --with-gxx-include-dir=/not/exist/usr/include/c++/4.9.3 --with-sysroot=/not/exist --with-build-sysroot=/jenhome/jenkins/jobs/LE910Cx_Multi_DAILY/workspace/build/apps_proc/poky/build/tmp-glibc/sysroots/mdm9607 --enable-poison-system-directories --with-mpfr=/jenhome/jenkins/jobs/LE910Cx_Multi_DAILY/workspace/build/apps_proc/poky/build/tmp-glibc/sysroots/x86_64-linux/usr --with-system-zlib --disable-nls --with-arch=armv7-a --enable-languages=c,c++,lto --program-transform-name=s&^&arm-oe-linux-gnueabi-& --disable-option-checking --build=x86_64-linux --host=x86_64-linux --target=arm-oe-linux-gnueabi --srcdir=/jenhome/jenkins/jobs/LE910Cx_Multi_DAILY/workspace/build/apps_proc/poky/build/tmp-glibc/work-shared/gcc-4.9.3-r0/gcc-4.9.3/libcpp

## --------- ##
## Platform. ##
## --------- ##

hostname = srv-krs-jen05
uname -m = x86_64
uname -r = 4.4.0-148-generic
uname -s = Linux
uname -v = #174~14.04.1-Ubuntu SMP Thu May 9 08:17:37 UTC 2019

/usr/bin/uname -p = unknown
/bin/uname -X     = unknown

/bin/arch              = unknown
/usr/bin/arch -k       = unknown
/usr/convex/getsysinfo = unknown
/usr/bin/hostinfo      = unknown
/bin/machine           = unknown
/usr/bin/oslevel       = unknown
/bin/universe          = unknown

PATH: /jenhome/jenkins/jobs/LE910Cx_Multi_DAILY/workspace/build/apps_proc/poky/build/tmp-glibc/sysroots/x86_64-linux/usr/bin/texinfo-dummy-native
PATH: /jenhome/jenkins/jobs/LE910Cx_Multi_DAILY/workspace/build/apps_proc/poky/scripts
PATH: /jenhome/jenkins/jobs/LE910Cx_Multi_DAILY/workspace/build/apps_proc/poky/build/tmp-glibc/sysroots/x86_64-linux/usr/bin/arm-oe-linux-gnueabi
PATH: /jenhome/jenkins/jobs/LE910Cx_Multi_DAILY/workspace/build/apps_proc/poky/build/tmp-glibc/sysroots/x86_64-linux/jenhome/jenkins/jobs/LE910Cx_Multi_DAILY/workspace/build/apps_proc/poky/build/tmp-glibc/sysroots/x86_64-linux/usr/bin/arm-oe-linux-gnueabi/crossscripts
PATH: /jenhome/jenkins/jobs/LE910Cx_Multi_DAILY/workspace/build/apps_proc/poky/build/tmp-glibc/sysroots/x86_64-linux/usr/sbin
PATH: /jenhome/jenkins/jobs/LE910Cx_Multi_DAILY/workspace/build/apps_proc/poky/build/tmp-glibc/sysroots/x86_64-linux/usr/bin
PATH: /jenhome/jenkins/jobs/LE910Cx_Multi_DAILY/workspace/build/apps_proc/poky/build/tmp-glibc/sysroots/x86_64-linux/sbin
PATH: /jenhome/jenkins/jobs/LE910Cx_Multi_DAILY/workspace/build/apps_proc/poky/build/tmp-glibc/sysroots/x86_64-linux/bin
PATH: /jenhome/jenkins/jobs/LE910Cx_Multi_DAILY/workspace/build/apps_proc/poky/scripts
PATH: /jenhome/jenkins/jobs/LE910Cx_Multi_DAILY/workspace/build/apps_proc/poky/bitbake/bin
PATH: /opt/.pyenv/versions/2.7.5/bin
PATH: /home/TMT/svc_krs_jenkins/bin
PATH: ~/bin
PATH: /opt/rational/clearcase/bin
PATH: /usr/local/sbin
PATH: /usr/local/bin
PATH: /usr/sbin
PATH: /usr/bin
PATH: /sbin
PATH: /bin
PATH: /usr/games
PATH: /usr/local/games


## ----------- ##
## Core tests. ##
## ----------- ##

configure:2438: creating cache ./config.cache
configure:2543: checking build system type
configure:2557: result: x86_64-pc-linux-gnu
configure:2577: checking host system type
configure:2590: result: x86_64-pc-linux-gnu
configure:2610: checking target system type
configure:2623: result: arm-oe-linux-gnueabi
configure:2652: checking whether make sets $(MAKE)
configure:2674: result: yes
configure:2697: checking for a BSD-compatible install
configure:2765: result: /usr/bin/install -c
configure:2784: checking for x86_64-linux-gcc
configure:2811: result: gcc 
configure:3080: checking for C compiler version
configure:3089: gcc  --version >&5
gcc (Ubuntu 4.8.4-2ubuntu1~14.04.4) 4.8.4
Copyright (C) 2013 Free Software Foundation, Inc.
This is free software; see the source for copying conditions.  There is NO
warranty; not even for MERCHANTABILITY or FITNESS FOR A PARTICULAR PURPOSE.

configure:3100: $? = 0
configure:3089: gcc  -v >&5
Using built-in specs.
COLLECT_GCC=gcc
COLLECT_LTO_WRAPPER=/usr/lib/gcc/x86_64-linux-gnu/4.8/lto-wrapper
Target: x86_64-linux-gnu
Configured with: ../src/configure -v --with-pkgversion='Ubuntu 4.8.4-2ubuntu1~14.04.4' --with-bugurl=file:///usr/share/doc/gcc-4.8/README.Bugs --enable-languages=c,c++,java,go,d,fortran,objc,obj-c++ --prefix=/usr --program-suffix=-4.8 --enable-shared --enable-linker-build-id --libexecdir=/usr/lib --without-included-gettext --enable-threads=posix --with-gxx-include-dir=/usr/include/c++/4.8 --libdir=/usr/lib --enable-nls --with-sysroot=/ --enable-clocale=gnu --enable-libstdcxx-debug --enable-libstdcxx-time=yes --enable-gnu-unique-object --disable-libmudflap --enable-plugin --with-system-zlib --disable-browser-plugin --enable-java-awt=gtk --enable-gtk-cairo --with-java-home=/usr/lib/jvm/java-1.5.0-gcj-4.8-amd64/jre --enable-java-home --with-jvm-root-dir=/usr/lib/jvm/java-1.5.0-gcj-4.8-amd64 --with-jvm-jar-dir=/usr/lib/jvm-exports/java-1.5.0-gcj-4.8-amd64 --with-arch-directory=amd64 --with-ecj-jar=/usr/share/java/eclipse-ecj.jar --enable-objc-gc --enable-multiarch --disable-werror --with-arch-32=i686 --with-abi=m64 --with-multilib-list=m32,m64,mx32 --with-tune=generic --enable-checking=release --build=x86_64-linux-gnu --host=x86_64-linux-gnu --target=x86_64-linux-gnu
Thread model: posix
gcc version 4.8.4 (Ubuntu 4.8.4-2ubuntu1~14.04.4) 
configure:3100: $? = 0
configure:3089: gcc  -V >&5
gcc: error: unrecognized command line option '-V'
gcc: fatal error: no input files
compilation terminated.
configure:3100: $? = 4
configure:3089: gcc  -qversion >&5
gcc: error: unrecognized command line option '-qversion'
gcc: fatal error: no input files
compilation terminated.
configure:3100: $? = 4
configure:3120: checking for C compiler default output file name
configure:3142: gcc  -isystem/jenhome/jenkins/jobs/LE910Cx_Multi_DAILY/workspace/build/apps_proc/poky/build/tmp-glibc/sysroots/x86_64-linux/usr/include -O2 -pipe  -static-libstdc++ -static-libgcc -L/jenhome/jenkins/jobs/LE910Cx_Multi_DAILY/workspace/build/apps_proc/poky/build/tmp-glibc/sysroots/x86_64-linux/usr/lib -L/jenhome/jenkins/jobs/LE910Cx_Multi_DAILY/workspace/build/apps_proc/poky/build/tmp-glibc/sysroots/x86_64-linux/lib -Wl,-rpath-link,/jenhome/jenkins/jobs/LE910Cx_Multi_DAILY/workspace/build/apps_proc/poky/build/tmp-glibc/sysroots/x86_64-linux/usr/lib -Wl,-rpath-link,/jenhome/jenkins/jobs/LE910Cx_Multi_DAILY/workspace/build/apps_proc/poky/build/tmp-glibc/sysroots/x86_64-linux/lib -Wl,-rpath,/jenhome/jenkins/jobs/LE910Cx_Multi_DAILY/workspace/build/apps_proc/poky/build/tmp-glibc/sysroots/x86_64-linux/usr/lib -Wl,-rpath,/jenhome/jenkins/jobs/LE910Cx_Multi_DAILY/workspace/build/apps_proc/poky/build/tmp-glibc/sysroots/x86_64-linux/lib -Wl,-O1 conftest.c  >&5
configure:3146: $? = 0
configure:3183: result: a.out
configure:3199: checking whether the C compiler works
configure:3208: ./a.out
configure:3212: $? = 0
configure:3227: result: yes
configure:3234: checking whether we are cross compiling
configure:3236: result: no
configure:3239: checking for suffix of executables
configure:3246: gcc  -o conftest -isystem/jenhome/jenkins/jobs/LE910Cx_Multi_DAILY/workspace/build/apps_proc/poky/build/tmp-glibc/sysroots/x86_64-linux/usr/include -O2 -pipe  -static-libstdc++ -static-libgcc -L/jenhome/jenkins/jobs/LE910Cx_Multi_DAILY/workspace/build/apps_proc/poky/build/tmp-glibc/sysroots/x86_64-linux/usr/lib -L/jenhome/jenkins/jobs/LE910Cx_Multi_DAILY/workspace/build/apps_proc/poky/build/tmp-glibc/sysroots/x86_64-linux/lib -Wl,-rpath-link,/jenhome/jenkins/jobs/LE910Cx_Multi_DAILY/workspace/build/apps_proc/poky/build/tmp-glibc/sysroots/x86_64-linux/usr/lib -Wl,-rpath-link,/jenhome/jenkins/jobs/LE910Cx_Multi_DAILY/workspace/build/apps_proc/poky/build/tmp-glibc/sysroots/x86_64-linux/lib -Wl,-rpath,/jenhome/jenkins/jobs/LE910Cx_Multi_DAILY/workspace/build/apps_proc/poky/build/tmp-glibc/sysroots/x86_64-linux/usr/lib -Wl,-rpath,/jenhome/jenkins/jobs/LE910Cx_Multi_DAILY/workspace/build/apps_proc/poky/build/tmp-glibc/sysroots/x86_64-linux/lib -Wl,-O1 conftest.c  >&5
configure:3250: $? = 0
configure:3272: result: 
configure:3278: checking for suffix of object files
configure:3300: gcc  -c -isystem/jenhome/jenkins/jobs/LE910Cx_Multi_DAILY/workspace/build/apps_proc/poky/build/tmp-glibc/sysroots/x86_64-linux/usr/include -O2 -pipe  conftest.c >&5
configure:3304: $? = 0
configure:3325: result: o
configure:3329: checking whether we are using the GNU C compiler
configure:3348: gcc  -c -isystem/jenhome/jenkins/jobs/LE910Cx_Multi_DAILY/workspace/build/apps_proc/poky/build/tmp-glibc/sysroots/x86_64-linux/usr/include -O2 -pipe  conftest.c >&5
configure:3348: $? = 0
configure:3357: result: yes
configure:3366: checking whether gcc  accepts -g
configure:3386: gcc  -c -g  conftest.c >&5
configure:3386: $? = 0
configure:3427: result: yes
configure:3444: checking for gcc  option to accept ISO C89
configure:3508: gcc   -c -isystem/jenhome/jenkins/jobs/LE910Cx_Multi_DAILY/workspace/build/apps_proc/poky/build/tmp-glibc/sysroots/x86_64-linux/usr/include -O2 -pipe  conftest.c >&5
configure:3508: $? = 0
configure:3521: result: none needed
configure:3653: checking for C++ compiler version
configure:3662: g++  --version >&5
g++ (Ubuntu 4.8.4-2ubuntu1~14.04.4) 4.8.4
Copyright (C) 2013 Free Software Foundation, Inc.
This is free software; see the source for copying conditions.  There is NO
warranty; not even for MERCHANTABILITY or FITNESS FOR A PARTICULAR PURPOSE.

configure:3673: $? = 0
configure:3662: g++  -v >&5
Using built-in specs.
COLLECT_GCC=g++
COLLECT_LTO_WRAPPER=/usr/lib/gcc/x86_64-linux-gnu/4.8/lto-wrapper
Target: x86_64-linux-gnu
Configured with: ../src/configure -v --with-pkgversion='Ubuntu 4.8.4-2ubuntu1~14.04.4' --with-bugurl=file:///usr/share/doc/gcc-4.8/README.Bugs --enable-languages=c,c++,java,go,d,fortran,objc,obj-c++ --prefix=/usr --program-suffix=-4.8 --enable-shared --enable-linker-build-id --libexecdir=/usr/lib --without-included-gettext --enable-threads=posix --with-gxx-include-dir=/usr/include/c++/4.8 --libdir=/usr/lib --enable-nls --with-sysroot=/ --enable-clocale=gnu --enable-libstdcxx-debug --enable-libstdcxx-time=yes --enable-gnu-unique-object --disable-libmudflap --enable-plugin --with-system-zlib --disable-browser-plugin --enable-java-awt=gtk --enable-gtk-cairo --with-java-home=/usr/lib/jvm/java-1.5.0-gcj-4.8-amd64/jre --enable-java-home --with-jvm-root-dir=/usr/lib/jvm/java-1.5.0-gcj-4.8-amd64 --with-jvm-jar-dir=/usr/lib/jvm-exports/java-1.5.0-gcj-4.8-amd64 --with-arch-directory=amd64 --with-ecj-jar=/usr/share/java/eclipse-ecj.jar --enable-objc-gc --enable-multiarch --disable-werror --with-arch-32=i686 --with-abi=m64 --with-multilib-list=m32,m64,mx32 --with-tune=generic --enable-checking=release --build=x86_64-linux-gnu --host=x86_64-linux-gnu --target=x86_64-linux-gnu
Thread model: posix
gcc version 4.8.4 (Ubuntu 4.8.4-2ubuntu1~14.04.4) 
configure:3673: $? = 0
configure:3662: g++  -V >&5
g++: error: unrecognized command line option '-V'
g++: fatal error: no input files
compilation terminated.
configure:3673: $? = 4
configure:3662: g++  -qversion >&5
g++: error: unrecognized command line option '-qversion'
g++: fatal error: no input files
compilation terminated.
configure:3673: $? = 4
configure:3677: checking whether we are using the GNU C++ compiler
configure:3696: g++  -c -isystem/jenhome/jenkins/jobs/LE910Cx_Multi_DAILY/workspace/build/apps_proc/poky/build/tmp-glibc/sysroots/x86_64-linux/usr/include -O2 -pipe  conftest.cpp >&5
configure:3696: $? = 0
configure:3705: result: yes
configure:3714: checking whether g++  accepts -g
configure:3734: g++  -c -g  conftest.cpp >&5
configure:3734: $? = 0
configure:3775: result: yes
configure:3801: checking for x86_64-linux-ranlib
configure:3828: result: ranlib
configure:3897: checking how to run the C preprocessor
configure:3967: result: gcc -E 
configure:3987: gcc -E   conftest.c
configure:3987: $? = 0
configure:4001: gcc -E   conftest.c
conftest.c:9:28: fatal error: ac_nonexistent.h: No such file or directory
 #include <ac_nonexistent.h>
                            ^
compilation terminated.
configure:4001: $? = 1
configure: failed program was:
| /* confdefs.h */
| #define PACKAGE_NAME "cpplib"
| #define PACKAGE_TARNAME "cpplib"
| #define PACKAGE_VERSION " "
| #define PACKAGE_STRING "cpplib  "
| #define PACKAGE_BUGREPORT "gcc-bugs@gcc.gnu.org"
| #define PACKAGE_URL ""
| /* end confdefs.h.  */
| #include <ac_nonexistent.h>
configure:4030: checking for grep that handles long lines and -e
configure:4088: result: /bin/grep
configure:4093: checking for egrep
configure:4155: result: /bin/grep -E
configure:4160: checking for ANSI C header files
configure:4180: gcc  -c -isystem/jenhome/jenkins/jobs/LE910Cx_Multi_DAILY/workspace/build/apps_proc/poky/build/tmp-glibc/sysroots/x86_64-linux/usr/include -O2 -pipe  conftest.c >&5
configure:4180: $? = 0
configure:4253: gcc  -o conftest -isystem/jenhome/jenkins/jobs/LE910Cx_Multi_DAILY/workspace/build/apps_proc/poky/build/tmp-glibc/sysroots/x86_64-linux/usr/include -O2 -pipe  -static-libstdc++ -static-libgcc -L/jenhome/jenkins/jobs/LE910Cx_Multi_DAILY/workspace/build/apps_proc/poky/build/tmp-glibc/sysroots/x86_64-linux/usr/lib -L/jenhome/jenkins/jobs/LE910Cx_Multi_DAILY/workspace/build/apps_proc/poky/build/tmp-glibc/sysroots/x86_64-linux/lib -Wl,-rpath-link,/jenhome/jenkins/jobs/LE910Cx_Multi_DAILY/workspace/build/apps_proc/poky/build/tmp-glibc/sysroots/x86_64-linux/usr/lib -Wl,-rpath-link,/jenhome/jenkins/jobs/LE910Cx_Multi_DAILY/workspace/build/apps_proc/poky/build/tmp-glibc/sysroots/x86_64-linux/lib -Wl,-rpath,/jenhome/jenkins/jobs/LE910Cx_Multi_DAILY/workspace/build/apps_proc/poky/build/tmp-glibc/sysroots/x86_64-linux/usr/lib -Wl,-rpath,/jenhome/jenkins/jobs/LE910Cx_Multi_DAILY/workspace/build/apps_proc/poky/build/tmp-glibc/sysroots/x86_64-linux/lib -Wl,-O1 conftest.c  >&5
configure:4253: $? = 0
configure:4253: ./conftest
configure:4253: $? = 0
configure:4264: result: yes
configure:4277: checking for sys/types.h
configure:4277: gcc  -c -isystem/jenhome/jenkins/jobs/LE910Cx_Multi_DAILY/workspace/build/apps_proc/poky/build/tmp-glibc/sysroots/x86_64-linux/usr/include -O2 -pipe  conftest.c >&5
configure:4277: $? = 0
configure:4277: result: yes
configure:4277: checking for sys/stat.h
configure:4277: gcc  -c -isystem/jenhome/jenkins/jobs/LE910Cx_Multi_DAILY/workspace/build/apps_proc/poky/build/tmp-glibc/sysroots/x86_64-linux/usr/include -O2 -pipe  conftest.c >&5
configure:4277: $? = 0
configure:4277: result: yes
configure:4277: checking for stdlib.h
configure:4277: gcc  -c -isystem/jenhome/jenkins/jobs/LE910Cx_Multi_DAILY/workspace/build/apps_proc/poky/build/tmp-glibc/sysroots/x86_64-linux/usr/include -O2 -pipe  conftest.c >&5
configure:4277: $? = 0
configure:4277: result: yes
configure:4277: checking for string.h
configure:4277: gcc  -c -isystem/jenhome/jenkins/jobs/LE910Cx_Multi_DAILY/workspace/build/apps_proc/poky/build/tmp-glibc/sysroots/x86_64-linux/usr/include -O2 -pipe  conftest.c >&5
configure:4277: $? = 0
configure:4277: result: yes
configure:4277: checking for memory.h
configure:4277: gcc  -c -isystem/jenhome/jenkins/jobs/LE910Cx_Multi_DAILY/workspace/build/apps_proc/poky/build/tmp-glibc/sysroots/x86_64-linux/usr/include -O2 -pipe  conftest.c >&5
configure:4277: $? = 0
configure:4277: result: yes
configure:4277: checking for strings.h
configure:4277: gcc  -c -isystem/jenhome/jenkins/jobs/LE910Cx_Multi_DAILY/workspace/build/apps_proc/poky/build/tmp-glibc/sysroots/x86_64-linux/usr/include -O2 -pipe  conftest.c >&5
configure:4277: $? = 0
configure:4277: result: yes
configure:4277: checking for inttypes.h
configure:4277: gcc  -c -isystem/jenhome/jenkins/jobs/LE910Cx_Multi_DAILY/workspace/build/apps_proc/poky/build/tmp-glibc/sysroots/x86_64-linux/usr/include -O2 -pipe  conftest.c >&5
configure:4277: $? = 0
configure:4277: result: yes
configure:4277: checking for stdint.h
configure:4277: gcc  -c -isystem/jenhome/jenkins/jobs/LE910Cx_Multi_DAILY/workspace/build/apps_proc/poky/build/tmp-glibc/sysroots/x86_64-linux/usr/include -O2 -pipe  conftest.c >&5
configure:4277: $? = 0
configure:4277: result: yes
configure:4277: checking for unistd.h
configure:4277: gcc  -c -isystem/jenhome/jenkins/jobs/LE910Cx_Multi_DAILY/workspace/build/apps_proc/poky/build/tmp-glibc/sysroots/x86_64-linux/usr/include -O2 -pipe  conftest.c >&5
configure:4277: $? = 0
configure:4277: result: yes
configure:4291: checking minix/config.h usability
configure:4291: gcc  -c -isystem/jenhome/jenkins/jobs/LE910Cx_Multi_DAILY/workspace/build/apps_proc/poky/build/tmp-glibc/sysroots/x86_64-linux/usr/include -O2 -pipe  conftest.c >&5
conftest.c:52:26: fatal error: minix/config.h: No such file or directory
 #include <minix/config.h>
                          ^
compilation terminated.
configure:4291: $? = 1
configure: failed program was:
| /* confdefs.h */
| #define PACKAGE_NAME "cpplib"
| #define PACKAGE_TARNAME "cpplib"
| #define PACKAGE_VERSION " "
| #define PACKAGE_STRING "cpplib  "
| #define PACKAGE_BUGREPORT "gcc-bugs@gcc.gnu.org"
| #define PACKAGE_URL ""
| #define STDC_HEADERS 1
| #define HAVE_SYS_TYPES_H 1
| #define HAVE_SYS_STAT_H 1
| #define HAVE_STDLIB_H 1
| #define HAVE_STRING_H 1
| #define HAVE_MEMORY_H 1
| #define HAVE_STRINGS_H 1
| #define HAVE_INTTYPES_H 1
| #define HAVE_STDINT_H 1
| #define HAVE_UNISTD_H 1
| /* end confdefs.h.  */
| #include <stdio.h>
| #ifdef HAVE_SYS_TYPES_H
| # include <sys/types.h>
| #endif
| #ifdef HAVE_SYS_STAT_H
| # include <sys/stat.h>
| #endif
| #ifdef STDC_HEADERS
| # include <stdlib.h>
| # include <stddef.h>
| #else
| # ifdef HAVE_STDLIB_H
| #  include <stdlib.h>
| # endif
| #endif
| #ifdef HAVE_STRING_H
| # if !defined STDC_HEADERS && defined HAVE_MEMORY_H
| #  include <memory.h>
| # endif
| # include <string.h>
| #endif
| #ifdef HAVE_STRINGS_H
| # include <strings.h>
| #endif
| #ifdef HAVE_INTTYPES_H
| # include <inttypes.h>
| #endif
| #ifdef HAVE_STDINT_H
| # include <stdint.h>
| #endif
| #ifdef HAVE_UNISTD_H
| # include <unistd.h>
| #endif
| #include <minix/config.h>
configure:4291: result: no
configure:4291: checking minix/config.h presence
configure:4291: gcc -E   conftest.c
conftest.c:19:26: fatal error: minix/config.h: No such file or directory
 #include <minix/config.h>
                          ^
compilation terminated.
configure:4291: $? = 1
configure: failed program was:
| /* confdefs.h */
| #define PACKAGE_NAME "cpplib"
| #define PACKAGE_TARNAME "cpplib"
| #define PACKAGE_VERSION " "
| #define PACKAGE_STRING "cpplib  "
| #define PACKAGE_BUGREPORT "gcc-bugs@gcc.gnu.org"
| #define PACKAGE_URL ""
| #define STDC_HEADERS 1
| #define HAVE_SYS_TYPES_H 1
| #define HAVE_SYS_STAT_H 1
| #define HAVE_STDLIB_H 1
| #define HAVE_STRING_H 1
| #define HAVE_MEMORY_H 1
| #define HAVE_STRINGS_H 1
| #define HAVE_INTTYPES_H 1
| #define HAVE_STDINT_H 1
| #define HAVE_UNISTD_H 1
| /* end confdefs.h.  */
| #include <minix/config.h>
configure:4291: result: no
configure:4291: checking for minix/config.h
configure:4291: result: no
configure:4312: checking whether it is safe to define __EXTENSIONS__
configure:4330: gcc  -c -isystem/jenhome/jenkins/jobs/LE910Cx_Multi_DAILY/workspace/build/apps_proc/poky/build/tmp-glibc/sysroots/x86_64-linux/usr/include -O2 -pipe  conftest.c >&5
configure:4330: $? = 0
configure:4337: result: yes
configure:4358: checking for special C compiler options needed for large files
configure:4403: result: no
configure:4409: checking for _FILE_OFFSET_BITS value needed for large files
configure:4434: gcc  -c -isystem/jenhome/jenkins/jobs/LE910Cx_Multi_DAILY/workspace/build/apps_proc/poky/build/tmp-glibc/sysroots/x86_64-linux/usr/include -O2 -pipe  conftest.c >&5
configure:4434: $? = 0
configure:4466: result: no
configure:4555: checking for aclocal
configure:4571: found /jenhome/jenkins/jobs/LE910Cx_Multi_DAILY/workspace/build/apps_proc/poky/build/tmp-glibc/sysroots/x86_64-linux/usr/bin/aclocal
configure:4582: result: aclocal
configure:4598: checking for autoconf
configure:4614: found /jenhome/jenkins/jobs/LE910Cx_Multi_DAILY/workspace/build/apps_proc/poky/build/tmp-glibc/sysroots/x86_64-linux/usr/bin/autoconf
configure:4625: result: autoconf
configure:4641: checking for autoheader
configure:4657: found /jenhome/jenkins/jobs/LE910Cx_Multi_DAILY/workspace/build/apps_proc/poky/build/tmp-glibc/sysroots/x86_64-linux/usr/bin/autoheader
configure:4668: result: autoheader
configure:4696: checking whether gcc  supports -W
configure:4713: gcc  -c -W  conftest.c >&5
configure:4713: $? = 0
configure:4722: result: yes
configure:4696: checking whether gcc  supports -Wall
configure:4713: gcc  -c -Wall  conftest.c >&5
configure:4713: $? = 0
configure:4722: result: yes
configure:4696: checking whether gcc  supports -Wnarrowing
configure:4713: gcc  -c -Wnarrowing  conftest.c >&5
configure:4713: $? = 0
configure:4722: result: yes
configure:4696: checking whether gcc  supports -Wwrite-strings
configure:4713: gcc  -c -Wwrite-strings  conftest.c >&5
configure:4713: $? = 0
configure:4722: result: yes
configure:4696: checking whether gcc  supports -Wmissing-format-attribute
configure:4713: gcc  -c -Wmissing-format-attribute  conftest.c >&5
configure:4713: $? = 0
configure:4722: result: yes
configure:4742: checking whether gcc  supports -Wstrict-prototypes
configure:4759: gcc  -c -Wstrict-prototypes  conftest.c >&5
conftest.c:26:1: warning: function declaration isn't a prototype [-Wstrict-prototypes]
 main ()
 ^
configure:4759: $? = 0
configure:4768: result: yes
configure:4742: checking whether gcc  supports -Wmissing-prototypes
configure:4759: gcc  -c -Wmissing-prototypes  conftest.c >&5
configure:4759: $? = 0
configure:4768: result: yes
configure:4742: checking whether gcc  supports -Wold-style-definition
configure:4759: gcc  -c -Wold-style-definition  conftest.c >&5
conftest.c: In function 'main':
conftest.c:26:1: warning: old-style function definition [-Wold-style-definition]
 main ()
 ^
configure:4759: $? = 0
configure:4768: result: yes
configure:4742: checking whether gcc  supports -Wc++-compat
configure:4759: gcc  -c -Wc++-compat  conftest.c >&5
configure:4759: $? = 0
configure:4768: result: yes
configure:4780: checking whether gcc  supports -pedantic -Wlong-long
configure:4798: gcc  -c -pedantic -Wlong-long  conftest.c >&5
configure:4798: $? = 0
configure:4806: result: yes
configure:4827: checking whether gcc  supports -fno-exceptions
configure:4844: gcc  -c -fno-exceptions  conftest.c >&5
configure:4844: $? = 0
configure:4853: result: yes
configure:4827: checking whether gcc  supports -fno-rtti
configure:4844: gcc  -c -fno-rtti  conftest.c >&5
cc1: warning: command line option '-fno-rtti' is valid for C++/ObjC++ but not for C [enabled by default]
configure:4844: $? = 0
configure:4853: result: yes
configure:4904: g++  -c -isystem/jenhome/jenkins/jobs/LE910Cx_Multi_DAILY/workspace/build/apps_proc/poky/build/tmp-glibc/sysroots/x86_64-linux/usr/include -O2 -pipe  conftest.cpp >&5
configure:4904: $? = 0
configure:4919: checking dependency style of g++ 
configure:4950: trying gcc3
| depmode=gcc3 source=sub/conftest.c object=sub/conftest.o depfile=sub/conftest.Po tmpdepfile=sub/conftest.TPo /bin/sh ./depcomp g++ -c -o sub/conftest.o sub/conftest.c
configure:4989: success
configure:5004: result: gcc3
configure:5014: checking whether time.h and sys/time.h may both be included
configure:5034: gcc  -c -isystem/jenhome/jenkins/jobs/LE910Cx_Multi_DAILY/workspace/build/apps_proc/poky/build/tmp-glibc/sysroots/x86_64-linux/usr/include -O2 -pipe  conftest.c >&5
configure:5034: $? = 0
configure:5041: result: yes
configure:5049: checking whether string.h and strings.h may both be included
configure:5066: gcc  -c -isystem/jenhome/jenkins/jobs/LE910Cx_Multi_DAILY/workspace/build/apps_proc/poky/build/tmp-glibc/sysroots/x86_64-linux/usr/include -O2 -pipe  conftest.c >&5
configure:5066: $? = 0
configure:5073: result: yes
configure:5086: checking locale.h usability
configure:5086: gcc  -c -isystem/jenhome/jenkins/jobs/LE910Cx_Multi_DAILY/workspace/build/apps_proc/poky/build/tmp-glibc/sysroots/x86_64-linux/usr/include -O2 -pipe  conftest.c >&5
configure:5086: $? = 0
configure:5086: result: yes
configure:5086: checking locale.h presence
configure:5086: gcc -E   conftest.c
configure:5086: $? = 0
configure:5086: result: yes
configure:5086: checking for locale.h
configure:5086: result: yes
configure:5086: checking fcntl.h usability
configure:5086: gcc  -c -isystem/jenhome/jenkins/jobs/LE910Cx_Multi_DAILY/workspace/build/apps_proc/poky/build/tmp-glibc/sysroots/x86_64-linux/usr/include -O2 -pipe  conftest.c >&5
configure:5086: $? = 0
configure:5086: result: yes
configure:5086: checking fcntl.h presence
configure:5086: gcc -E   conftest.c
configure:5086: $? = 0
configure:5086: result: yes
configure:5086: checking for fcntl.h
configure:5086: result: yes
configure:5086: checking limits.h usability
configure:5086: gcc  -c -isystem/jenhome/jenkins/jobs/LE910Cx_Multi_DAILY/workspace/build/apps_proc/poky/build/tmp-glibc/sysroots/x86_64-linux/usr/include -O2 -pipe  conftest.c >&5
configure:5086: $? = 0
configure:5086: result: yes
configure:5086: checking limits.h presence
configure:5086: gcc -E   conftest.c
configure:5086: $? = 0
configure:5086: result: yes
configure:5086: checking for limits.h
configure:5086: result: yes
configure:5086: checking stddef.h usability
configure:5086: gcc  -c -isystem/jenhome/jenkins/jobs/LE910Cx_Multi_DAILY/workspace/build/apps_proc/poky/build/tmp-glibc/sysroots/x86_64-linux/usr/include -O2 -pipe  conftest.c >&5
configure:5086: $? = 0
configure:5086: result: yes
configure:5086: checking stddef.h presence
configure:5086: gcc -E   conftest.c
configure:5086: $? = 0
configure:5086: result: yes
configure:5086: checking for stddef.h
configure:5086: result: yes
configure:5086: checking for stdlib.h
configure:5086: result: yes
configure:5086: checking for strings.h
configure:5086: result: yes
configure:5086: checking for string.h
configure:5086: result: yes
configure:5086: checking sys/file.h usability
configure:5086: gcc  -c -isystem/jenhome/jenkins/jobs/LE910Cx_Multi_DAILY/workspace/build/apps_proc/poky/build/tmp-glibc/sysroots/x86_64-linux/usr/include -O2 -pipe  conftest.c >&5
configure:5086: $? = 0
configure:5086: result: yes
configure:5086: checking sys/file.h presence
configure:5086: gcc -E   conftest.c
configure:5086: $? = 0
configure:5086: result: yes
configure:5086: checking for sys/file.h
configure:5086: result: yes
configure:5086: checking for unistd.h
configure:5086: result: yes
configure:5099: checking whether byte ordering is bigendian
configure:5114: gcc  -c -isystem/jenhome/jenkins/jobs/LE910Cx_Multi_DAILY/workspace/build/apps_proc/poky/build/tmp-glibc/sysroots/x86_64-linux/usr/include -O2 -pipe  conftest.c >&5
conftest.c:36:9: error: unknown type name 'not'
         not a universal capable compiler
         ^
conftest.c:36:15: error: expected '=', ',', ';', 'asm' or '__attribute__' before 'universal'
         not a universal capable compiler
               ^
conftest.c:36:15: error: unknown type name 'universal'
configure:5114: $? = 1
configure: failed program was:
| /* confdefs.h */
| #define PACKAGE_NAME "cpplib"
| #define PACKAGE_TARNAME "cpplib"
| #define PACKAGE_VERSION " "
| #define PACKAGE_STRING "cpplib  "
| #define PACKAGE_BUGREPORT "gcc-bugs@gcc.gnu.org"
| #define PACKAGE_URL ""
| #define STDC_HEADERS 1
| #define HAVE_SYS_TYPES_H 1
| #define HAVE_SYS_STAT_H 1
| #define HAVE_STDLIB_H 1
| #define HAVE_STRING_H 1
| #define HAVE_MEMORY_H 1
| #define HAVE_STRINGS_H 1
| #define HAVE_INTTYPES_H 1
| #define HAVE_STDINT_H 1
| #define HAVE_UNISTD_H 1
| #define __EXTENSIONS__ 1
| #define _ALL_SOURCE 1
| #define _GNU_SOURCE 1
| #define _POSIX_PTHREAD_SEMANTICS 1
| #define _TANDEM_SOURCE 1
| #define TIME_WITH_SYS_TIME 1
| #define STRING_WITH_STRINGS 1
| #define HAVE_LOCALE_H 1
| #define HAVE_FCNTL_H 1
| #define HAVE_LIMITS_H 1
| #define HAVE_STDDEF_H 1
| #define HAVE_STDLIB_H 1
| #define HAVE_STRINGS_H 1
| #define HAVE_STRING_H 1
| #define HAVE_SYS_FILE_H 1
| #define HAVE_UNISTD_H 1
| /* end confdefs.h.  */
| #ifndef __APPLE_CC__
| 	       not a universal capable compiler
| 	     #endif
| 	     typedef int dummy;
| 
configure:5159: gcc  -c -isystem/jenhome/jenkins/jobs/LE910Cx_Multi_DAILY/workspace/build/apps_proc/poky/build/tmp-glibc/sysroots/x86_64-linux/usr/include -O2 -pipe  conftest.c >&5
configure:5159: $? = 0
configure:5177: gcc  -c -isystem/jenhome/jenkins/jobs/LE910Cx_Multi_DAILY/workspace/build/apps_proc/poky/build/tmp-glibc/sysroots/x86_64-linux/usr/include -O2 -pipe  conftest.c >&5
conftest.c: In function 'main':
conftest.c:42:4: error: unknown type name 'not'
    not big endian
    ^
conftest.c:42:12: error: expected '=', ',', ';', 'asm' or '__attribute__' before 'endian'
    not big endian
            ^
configure:5177: $? = 1
configure: failed program was:
| /* confdefs.h */
| #define PACKAGE_NAME "cpplib"
| #define PACKAGE_TARNAME "cpplib"
| #define PACKAGE_VERSION " "
| #define PACKAGE_STRING "cpplib  "
| #define PACKAGE_BUGREPORT "gcc-bugs@gcc.gnu.org"
| #define PACKAGE_URL ""
| #define STDC_HEADERS 1
| #define HAVE_SYS_TYPES_H 1
| #define HAVE_SYS_STAT_H 1
| #define HAVE_STDLIB_H 1
| #define HAVE_STRING_H 1
| #define HAVE_MEMORY_H 1
| #define HAVE_STRINGS_H 1
| #define HAVE_INTTYPES_H 1
| #define HAVE_STDINT_H 1
| #define HAVE_UNISTD_H 1
| #define __EXTENSIONS__ 1
| #define _ALL_SOURCE 1
| #define _GNU_SOURCE 1
| #define _POSIX_PTHREAD_SEMANTICS 1
| #define _TANDEM_SOURCE 1
| #define TIME_WITH_SYS_TIME 1
| #define STRING_WITH_STRINGS 1
| #define HAVE_LOCALE_H 1
| #define HAVE_FCNTL_H 1
| #define HAVE_LIMITS_H 1
| #define HAVE_STDDEF_H 1
| #define HAVE_STDLIB_H 1
| #define HAVE_STRINGS_H 1
| #define HAVE_STRING_H 1
| #define HAVE_SYS_FILE_H 1
| #define HAVE_UNISTD_H 1
| /* end confdefs.h.  */
| #include <sys/types.h>
| 		#include <sys/param.h>
| 
| int
| main ()
| {
| #if BYTE_ORDER != BIG_ENDIAN
| 		 not big endian
| 		#endif
| 
|   ;
|   return 0;
| }
configure:5305: result: no
configure:5323: checking for an ANSI C-conforming const
configure:5388: gcc  -c -isystem/jenhome/jenkins/jobs/LE910Cx_Multi_DAILY/workspace/build/apps_proc/poky/build/tmp-glibc/sysroots/x86_64-linux/usr/include -O2 -pipe  conftest.c >&5
configure:5388: $? = 0
configure:5395: result: yes
configure:5403: checking for inline
configure:5419: gcc  -c -isystem/jenhome/jenkins/jobs/LE910Cx_Multi_DAILY/workspace/build/apps_proc/poky/build/tmp-glibc/sysroots/x86_64-linux/usr/include -O2 -pipe  conftest.c >&5
configure:5419: $? = 0
configure:5427: result: inline
configure:5445: checking for obstacks
configure:5466: gcc  -o conftest -isystem/jenhome/jenkins/jobs/LE910Cx_Multi_DAILY/workspace/build/apps_proc/poky/build/tmp-glibc/sysroots/x86_64-linux/usr/include -O2 -pipe  -static-libstdc++ -static-libgcc -L/jenhome/jenkins/jobs/LE910Cx_Multi_DAILY/workspace/build/apps_proc/poky/build/tmp-glibc/sysroots/x86_64-linux/usr/lib -L/jenhome/jenkins/jobs/LE910Cx_Multi_DAILY/workspace/build/apps_proc/poky/build/tmp-glibc/sysroots/x86_64-linux/lib -Wl,-rpath-link,/jenhome/jenkins/jobs/LE910Cx_Multi_DAILY/workspace/build/apps_proc/poky/build/tmp-glibc/sysroots/x86_64-linux/usr/lib -Wl,-rpath-link,/jenhome/jenkins/jobs/LE910Cx_Multi_DAILY/workspace/build/apps_proc/poky/build/tmp-glibc/sysroots/x86_64-linux/lib -Wl,-rpath,/jenhome/jenkins/jobs/LE910Cx_Multi_DAILY/workspace/build/apps_proc/poky/build/tmp-glibc/sysroots/x86_64-linux/usr/lib -Wl,-rpath,/jenhome/jenkins/jobs/LE910Cx_Multi_DAILY/workspace/build/apps_proc/poky/build/tmp-glibc/sysroots/x86_64-linux/lib -Wl,-O1 conftest.c  >&5
configure:5466: $? = 0
configure:5474: result: yes
configure:5489: checking for off_t
configure:5489: gcc  -c -isystem/jenhome/jenkins/jobs/LE910Cx_Multi_DAILY/workspace/build/apps_proc/poky/build/tmp-glibc/sysroots/x86_64-linux/usr/include -O2 -pipe  conftest.c >&5
configure:5489: $? = 0
configure:5489: gcc  -c -isystem/jenhome/jenkins/jobs/LE910Cx_Multi_DAILY/workspace/build/apps_proc/poky/build/tmp-glibc/sysroots/x86_64-linux/usr/include -O2 -pipe  conftest.c >&5
conftest.c: In function 'main':
conftest.c:72:20: error: expected expression before ')' token
 if (sizeof ((off_t)))
                    ^
configure:5489: $? = 1
configure: failed program was:
| /* confdefs.h */
| #define PACKAGE_NAME "cpplib"
| #define PACKAGE_TARNAME "cpplib"
| #define PACKAGE_VERSION " "
| #define PACKAGE_STRING "cpplib  "
| #define PACKAGE_BUGREPORT "gcc-bugs@gcc.gnu.org"
| #define PACKAGE_URL ""
| #define STDC_HEADERS 1
| #define HAVE_SYS_TYPES_H 1
| #define HAVE_SYS_STAT_H 1
| #define HAVE_STDLIB_H 1
| #define HAVE_STRING_H 1
| #define HAVE_MEMORY_H 1
| #define HAVE_STRINGS_H 1
| #define HAVE_INTTYPES_H 1
| #define HAVE_STDINT_H 1
| #define HAVE_UNISTD_H 1
| #define __EXTENSIONS__ 1
| #define _ALL_SOURCE 1
| #define _GNU_SOURCE 1
| #define _POSIX_PTHREAD_SEMANTICS 1
| #define _TANDEM_SOURCE 1
| #define TIME_WITH_SYS_TIME 1
| #define STRING_WITH_STRINGS 1
| #define HAVE_LOCALE_H 1
| #define HAVE_FCNTL_H 1
| #define HAVE_LIMITS_H 1
| #define HAVE_STDDEF_H 1
| #define HAVE_STDLIB_H 1
| #define HAVE_STRINGS_H 1
| #define HAVE_STRING_H 1
| #define HAVE_SYS_FILE_H 1
| #define HAVE_UNISTD_H 1
| #define HAVE_OBSTACK 1
| /* end confdefs.h.  */
| #include <stdio.h>
| #ifdef HAVE_SYS_TYPES_H
| # include <sys/types.h>
| #endif
| #ifdef HAVE_SYS_STAT_H
| # include <sys/stat.h>
| #endif
| #ifdef STDC_HEADERS
| # include <stdlib.h>
| # include <stddef.h>
| #else
| # ifdef HAVE_STDLIB_H
| #  include <stdlib.h>
| # endif
| #endif
| #ifdef HAVE_STRING_H
| # if !defined STDC_HEADERS && defined HAVE_MEMORY_H
| #  include <memory.h>
| # endif
| # include <string.h>
| #endif
| #ifdef HAVE_STRINGS_H
| # include <strings.h>
| #endif
| #ifdef HAVE_INTTYPES_H
| # include <inttypes.h>
| #endif
| #ifdef HAVE_STDINT_H
| # include <stdint.h>
| #endif
| #ifdef HAVE_UNISTD_H
| # include <unistd.h>
| #endif
| int
| main ()
| {
| if (sizeof ((off_t)))
| 	    return 0;
|   ;
|   return 0;
| }
configure:5489: result: yes
configure:5500: checking for size_t
configure:5500: gcc  -c -isystem/jenhome/jenkins/jobs/LE910Cx_Multi_DAILY/workspace/build/apps_proc/poky/build/tmp-glibc/sysroots/x86_64-linux/usr/include -O2 -pipe  conftest.c >&5
configure:5500: $? = 0
configure:5500: gcc  -c -isystem/jenhome/jenkins/jobs/LE910Cx_Multi_DAILY/workspace/build/apps_proc/poky/build/tmp-glibc/sysroots/x86_64-linux/usr/include -O2 -pipe  conftest.c >&5
conftest.c: In function 'main':
conftest.c:72:21: error: expected expression before ')' token
 if (sizeof ((size_t)))
                     ^
configure:5500: $? = 1
configure: failed program was:
| /* confdefs.h */
| #define PACKAGE_NAME "cpplib"
| #define PACKAGE_TARNAME "cpplib"
| #define PACKAGE_VERSION " "
| #define PACKAGE_STRING "cpplib  "
| #define PACKAGE_BUGREPORT "gcc-bugs@gcc.gnu.org"
| #define PACKAGE_URL ""
| #define STDC_HEADERS 1
| #define HAVE_SYS_TYPES_H 1
| #define HAVE_SYS_STAT_H 1
| #define HAVE_STDLIB_H 1
| #define HAVE_STRING_H 1
| #define HAVE_MEMORY_H 1
| #define HAVE_STRINGS_H 1
| #define HAVE_INTTYPES_H 1
| #define HAVE_STDINT_H 1
| #define HAVE_UNISTD_H 1
| #define __EXTENSIONS__ 1
| #define _ALL_SOURCE 1
| #define _GNU_SOURCE 1
| #define _POSIX_PTHREAD_SEMANTICS 1
| #define _TANDEM_SOURCE 1
| #define TIME_WITH_SYS_TIME 1
| #define STRING_WITH_STRINGS 1
| #define HAVE_LOCALE_H 1
| #define HAVE_FCNTL_H 1
| #define HAVE_LIMITS_H 1
| #define HAVE_STDDEF_H 1
| #define HAVE_STDLIB_H 1
| #define HAVE_STRINGS_H 1
| #define HAVE_STRING_H 1
| #define HAVE_SYS_FILE_H 1
| #define HAVE_UNISTD_H 1
| #define HAVE_OBSTACK 1
| /* end confdefs.h.  */
| #include <stdio.h>
| #ifdef HAVE_SYS_TYPES_H
| # include <sys/types.h>
| #endif
| #ifdef HAVE_SYS_STAT_H
| # include <sys/stat.h>
| #endif
| #ifdef STDC_HEADERS
| # include <stdlib.h>
| # include <stddef.h>
| #else
| # ifdef HAVE_STDLIB_H
| #  include <stdlib.h>
| # endif
| #endif
| #ifdef HAVE_STRING_H
| # if !defined STDC_HEADERS && defined HAVE_MEMORY_H
| #  include <memory.h>
| # endif
| # include <string.h>
| #endif
| #ifdef HAVE_STRINGS_H
| # include <strings.h>
| #endif
| #ifdef HAVE_INTTYPES_H
| # include <inttypes.h>
| #endif
| #ifdef HAVE_STDINT_H
| # include <stdint.h>
| #endif
| #ifdef HAVE_UNISTD_H
| # include <unistd.h>
| #endif
| int
| main ()
| {
| if (sizeof ((size_t)))
| 	    return 0;
|   ;
|   return 0;
| }
configure:5500: result: yes
configure:5511: checking for ssize_t
configure:5511: gcc  -c -isystem/jenhome/jenkins/jobs/LE910Cx_Multi_DAILY/workspace/build/apps_proc/poky/build/tmp-glibc/sysroots/x86_64-linux/usr/include -O2 -pipe  conftest.c >&5
configure:5511: $? = 0
configure:5511: gcc  -c -isystem/jenhome/jenkins/jobs/LE910Cx_Multi_DAILY/workspace/build/apps_proc/poky/build/tmp-glibc/sysroots/x86_64-linux/usr/include -O2 -pipe  conftest.c >&5
conftest.c: In function 'main':
conftest.c:72:22: error: expected expression before ')' token
 if (sizeof ((ssize_t)))
                      ^
configure:5511: $? = 1
configure: failed program was:
| /* confdefs.h */
| #define PACKAGE_NAME "cpplib"
| #define PACKAGE_TARNAME "cpplib"
| #define PACKAGE_VERSION " "
| #define PACKAGE_STRING "cpplib  "
| #define PACKAGE_BUGREPORT "gcc-bugs@gcc.gnu.org"
| #define PACKAGE_URL ""
| #define STDC_HEADERS 1
| #define HAVE_SYS_TYPES_H 1
| #define HAVE_SYS_STAT_H 1
| #define HAVE_STDLIB_H 1
| #define HAVE_STRING_H 1
| #define HAVE_MEMORY_H 1
| #define HAVE_STRINGS_H 1
| #define HAVE_INTTYPES_H 1
| #define HAVE_STDINT_H 1
| #define HAVE_UNISTD_H 1
| #define __EXTENSIONS__ 1
| #define _ALL_SOURCE 1
| #define _GNU_SOURCE 1
| #define _POSIX_PTHREAD_SEMANTICS 1
| #define _TANDEM_SOURCE 1
| #define TIME_WITH_SYS_TIME 1
| #define STRING_WITH_STRINGS 1
| #define HAVE_LOCALE_H 1
| #define HAVE_FCNTL_H 1
| #define HAVE_LIMITS_H 1
| #define HAVE_STDDEF_H 1
| #define HAVE_STDLIB_H 1
| #define HAVE_STRINGS_H 1
| #define HAVE_STRING_H 1
| #define HAVE_SYS_FILE_H 1
| #define HAVE_UNISTD_H 1
| #define HAVE_OBSTACK 1
| /* end confdefs.h.  */
| #include <stdio.h>
| #ifdef HAVE_SYS_TYPES_H
| # include <sys/types.h>
| #endif
| #ifdef HAVE_SYS_STAT_H
| # include <sys/stat.h>
| #endif
| #ifdef STDC_HEADERS
| # include <stdlib.h>
| # include <stddef.h>
| #else
| # ifdef HAVE_STDLIB_H
| #  include <stdlib.h>
| # endif
| #endif
| #ifdef HAVE_STRING_H
| # if !defined STDC_HEADERS && defined HAVE_MEMORY_H
| #  include <memory.h>
| # endif
| # include <string.h>
| #endif
| #ifdef HAVE_STRINGS_H
| # include <strings.h>
| #endif
| #ifdef HAVE_INTTYPES_H
| # include <inttypes.h>
| #endif
| #ifdef HAVE_STDINT_H
| # include <stdint.h>
| #endif
| #ifdef HAVE_UNISTD_H
| # include <unistd.h>
| #endif
| int
| main ()
| {
| if (sizeof ((ssize_t)))
| 	    return 0;
|   ;
|   return 0;
| }
configure:5511: result: yes
configure:5523: checking for uintptr_t
configure:5523: gcc  -c -isystem/jenhome/jenkins/jobs/LE910Cx_Multi_DAILY/workspace/build/apps_proc/poky/build/tmp-glibc/sysroots/x86_64-linux/usr/include -O2 -pipe  conftest.c >&5
configure:5523: $? = 0
configure:5523: gcc  -c -isystem/jenhome/jenkins/jobs/LE910Cx_Multi_DAILY/workspace/build/apps_proc/poky/build/tmp-glibc/sysroots/x86_64-linux/usr/include -O2 -pipe  conftest.c >&5
conftest.c: In function 'main':
conftest.c:72:24: error: expected expression before ')' token
 if (sizeof ((uintptr_t)))
                        ^
configure:5523: $? = 1
configure: failed program was:
| /* confdefs.h */
| #define PACKAGE_NAME "cpplib"
| #define PACKAGE_TARNAME "cpplib"
| #define PACKAGE_VERSION " "
| #define PACKAGE_STRING "cpplib  "
| #define PACKAGE_BUGREPORT "gcc-bugs@gcc.gnu.org"
| #define PACKAGE_URL ""
| #define STDC_HEADERS 1
| #define HAVE_SYS_TYPES_H 1
| #define HAVE_SYS_STAT_H 1
| #define HAVE_STDLIB_H 1
| #define HAVE_STRING_H 1
| #define HAVE_MEMORY_H 1
| #define HAVE_STRINGS_H 1
| #define HAVE_INTTYPES_H 1
| #define HAVE_STDINT_H 1
| #define HAVE_UNISTD_H 1
| #define __EXTENSIONS__ 1
| #define _ALL_SOURCE 1
| #define _GNU_SOURCE 1
| #define _POSIX_PTHREAD_SEMANTICS 1
| #define _TANDEM_SOURCE 1
| #define TIME_WITH_SYS_TIME 1
| #define STRING_WITH_STRINGS 1
| #define HAVE_LOCALE_H 1
| #define HAVE_FCNTL_H 1
| #define HAVE_LIMITS_H 1
| #define HAVE_STDDEF_H 1
| #define HAVE_STDLIB_H 1
| #define HAVE_STRINGS_H 1
| #define HAVE_STRING_H 1
| #define HAVE_SYS_FILE_H 1
| #define HAVE_UNISTD_H 1
| #define HAVE_OBSTACK 1
| /* end confdefs.h.  */
| #include <stdio.h>
| #ifdef HAVE_SYS_TYPES_H
| # include <sys/types.h>
| #endif
| #ifdef HAVE_SYS_STAT_H
| # include <sys/stat.h>
| #endif
| #ifdef STDC_HEADERS
| # include <stdlib.h>
| # include <stddef.h>
| #else
| # ifdef HAVE_STDLIB_H
| #  include <stdlib.h>
| # endif
| #endif
| #ifdef HAVE_STRING_H
| # if !defined STDC_HEADERS && defined HAVE_MEMORY_H
| #  include <memory.h>
| # endif
| # include <string.h>
| #endif
| #ifdef HAVE_STRINGS_H
| # include <strings.h>
| #endif
| #ifdef HAVE_INTTYPES_H
| # include <inttypes.h>
| #endif
| #ifdef HAVE_STDINT_H
| # include <stdint.h>
| #endif
| #ifdef HAVE_UNISTD_H
| # include <unistd.h>
| #endif
| int
| main ()
| {
| if (sizeof ((uintptr_t)))
| 	    return 0;
|   ;
|   return 0;
| }
configure:5523: result: yes
configure:5558: checking for ptrdiff_t
configure:5558: gcc  -c -isystem/jenhome/jenkins/jobs/LE910Cx_Multi_DAILY/workspace/build/apps_proc/poky/build/tmp-glibc/sysroots/x86_64-linux/usr/include -O2 -pipe  conftest.c >&5
configure:5558: $? = 0
configure:5558: gcc  -c -isystem/jenhome/jenkins/jobs/LE910Cx_Multi_DAILY/workspace/build/apps_proc/poky/build/tmp-glibc/sysroots/x86_64-linux/usr/include -O2 -pipe  conftest.c >&5
conftest.c: In function 'main':
conftest.c:73:24: error: expected expression before ')' token
 if (sizeof ((ptrdiff_t)))
                        ^
configure:5558: $? = 1
configure: failed program was:
| /* confdefs.h */
| #define PACKAGE_NAME "cpplib"
| #define PACKAGE_TARNAME "cpplib"
| #define PACKAGE_VERSION " "
| #define PACKAGE_STRING "cpplib  "
| #define PACKAGE_BUGREPORT "gcc-bugs@gcc.gnu.org"
| #define PACKAGE_URL ""
| #define STDC_HEADERS 1
| #define HAVE_SYS_TYPES_H 1
| #define HAVE_SYS_STAT_H 1
| #define HAVE_STDLIB_H 1
| #define HAVE_STRING_H 1
| #define HAVE_MEMORY_H 1
| #define HAVE_STRINGS_H 1
| #define HAVE_INTTYPES_H 1
| #define HAVE_STDINT_H 1
| #define HAVE_UNISTD_H 1
| #define __EXTENSIONS__ 1
| #define _ALL_SOURCE 1
| #define _GNU_SOURCE 1
| #define _POSIX_PTHREAD_SEMANTICS 1
| #define _TANDEM_SOURCE 1
| #define TIME_WITH_SYS_TIME 1
| #define STRING_WITH_STRINGS 1
| #define HAVE_LOCALE_H 1
| #define HAVE_FCNTL_H 1
| #define HAVE_LIMITS_H 1
| #define HAVE_STDDEF_H 1
| #define HAVE_STDLIB_H 1
| #define HAVE_STRINGS_H 1
| #define HAVE_STRING_H 1
| #define HAVE_SYS_FILE_H 1
| #define HAVE_UNISTD_H 1
| #define HAVE_OBSTACK 1
| #define HAVE_UINTPTR_T 1
| /* end confdefs.h.  */
| #include <stdio.h>
| #ifdef HAVE_SYS_TYPES_H
| # include <sys/types.h>
| #endif
| #ifdef HAVE_SYS_STAT_H
| # include <sys/stat.h>
| #endif
| #ifdef STDC_HEADERS
| # include <stdlib.h>
| # include <stddef.h>
| #else
| # ifdef HAVE_STDLIB_H
| #  include <stdlib.h>
| # endif
| #endif
| #ifdef HAVE_STRING_H
| # if !defined STDC_HEADERS && defined HAVE_MEMORY_H
| #  include <memory.h>
| # endif
| # include <string.h>
| #endif
| #ifdef HAVE_STRINGS_H
| # include <strings.h>
| #endif
| #ifdef HAVE_INTTYPES_H
| # include <inttypes.h>
| #endif
| #ifdef HAVE_STDINT_H
| # include <stdint.h>
| #endif
| #ifdef HAVE_UNISTD_H
| # include <unistd.h>
| #endif
| int
| main ()
| {
| if (sizeof ((ptrdiff_t)))
| 	    return 0;
|   ;
|   return 0;
| }
configure:5558: result: yes
configure:5569: checking whether struct tm is in sys/time.h or time.h
configure:5589: gcc  -c -isystem/jenhome/jenkins/jobs/LE910Cx_Multi_DAILY/workspace/build/apps_proc/poky/build/tmp-glibc/sysroots/x86_64-linux/usr/include -O2 -pipe  conftest.c >&5
configure:5589: $? = 0
configure:5596: result: time.h
configure:5608: checking size of int
configure:5613: gcc  -o conftest -isystem/jenhome/jenkins/jobs/LE910Cx_Multi_DAILY/workspace/build/apps_proc/poky/build/tmp-glibc/sysroots/x86_64-linux/usr/include -O2 -pipe  -static-libstdc++ -static-libgcc -L/jenhome/jenkins/jobs/LE910Cx_Multi_DAILY/workspace/build/apps_proc/poky/build/tmp-glibc/sysroots/x86_64-linux/usr/lib -L/jenhome/jenkins/jobs/LE910Cx_Multi_DAILY/workspace/build/apps_proc/poky/build/tmp-glibc/sysroots/x86_64-linux/lib -Wl,-rpath-link,/jenhome/jenkins/jobs/LE910Cx_Multi_DAILY/workspace/build/apps_proc/poky/build/tmp-glibc/sysroots/x86_64-linux/usr/lib -Wl,-rpath-link,/jenhome/jenkins/jobs/LE910Cx_Multi_DAILY/workspace/build/apps_proc/poky/build/tmp-glibc/sysroots/x86_64-linux/lib -Wl,-rpath,/jenhome/jenkins/jobs/LE910Cx_Multi_DAILY/workspace/build/apps_proc/poky/build/tmp-glibc/sysroots/x86_64-linux/usr/lib -Wl,-rpath,/jenhome/jenkins/jobs/LE910Cx_Multi_DAILY/workspace/build/apps_proc/poky/build/tmp-glibc/sysroots/x86_64-linux/lib -Wl,-O1 conftest.c  >&5
configure:5613: $? = 0
configure:5613: ./conftest
configure:5613: $? = 0
configure:5628: result: 4
configure:5642: checking size of long
configure:5647: gcc  -o conftest -isystem/jenhome/jenkins/jobs/LE910Cx_Multi_DAILY/workspace/build/apps_proc/poky/build/tmp-glibc/sysroots/x86_64-linux/usr/include -O2 -pipe  -static-libstdc++ -static-libgcc -L/jenhome/jenkins/jobs/LE910Cx_Multi_DAILY/workspace/build/apps_proc/poky/build/tmp-glibc/sysroots/x86_64-linux/usr/lib -L/jenhome/jenkins/jobs/LE910Cx_Multi_DAILY/workspace/build/apps_proc/poky/build/tmp-glibc/sysroots/x86_64-linux/lib -Wl,-rpath-link,/jenhome/jenkins/jobs/LE910Cx_Multi_DAILY/workspace/build/apps_proc/poky/build/tmp-glibc/sysroots/x86_64-linux/usr/lib -Wl,-rpath-link,/jenhome/jenkins/jobs/LE910Cx_Multi_DAILY/workspace/build/apps_proc/poky/build/tmp-glibc/sysroots/x86_64-linux/lib -Wl,-rpath,/jenhome/jenkins/jobs/LE910Cx_Multi_DAILY/workspace/build/apps_proc/poky/build/tmp-glibc/sysroots/x86_64-linux/usr/lib -Wl,-rpath,/jenhome/jenkins/jobs/LE910Cx_Multi_DAILY/workspace/build/apps_proc/poky/build/tmp-glibc/sysroots/x86_64-linux/lib -Wl,-O1 conftest.c  >&5
configure:5647: $? = 0
configure:5647: ./conftest
configure:5647: $? = 0
configure:5662: result: 8
configure:5676: checking for clearerr_unlocked
configure:5676: gcc  -o conftest -isystem/jenhome/jenkins/jobs/LE910Cx_Multi_DAILY/workspace/build/apps_proc/poky/build/tmp-glibc/sysroots/x86_64-linux/usr/include -O2 -pipe  -static-libstdc++ -static-libgcc -L/jenhome/jenkins/jobs/LE910Cx_Multi_DAILY/workspace/build/apps_proc/poky/build/tmp-glibc/sysroots/x86_64-linux/usr/lib -L/jenhome/jenkins/jobs/LE910Cx_Multi_DAILY/workspace/build/apps_proc/poky/build/tmp-glibc/sysroots/x86_64-linux/lib -Wl,-rpath-link,/jenhome/jenkins/jobs/LE910Cx_Multi_DAILY/workspace/build/apps_proc/poky/build/tmp-glibc/sysroots/x86_64-linux/usr/lib -Wl,-rpath-link,/jenhome/jenkins/jobs/LE910Cx_Multi_DAILY/workspace/build/apps_proc/poky/build/tmp-glibc/sysroots/x86_64-linux/lib -Wl,-rpath,/jenhome/jenkins/jobs/LE910Cx_Multi_DAILY/workspace/build/apps_proc/poky/build/tmp-glibc/sysroots/x86_64-linux/usr/lib -Wl,-rpath,/jenhome/jenkins/jobs/LE910Cx_Multi_DAILY/workspace/build/apps_proc/poky/build/tmp-glibc/sysroots/x86_64-linux/lib -Wl,-O1 conftest.c  >&5
configure:5676: $? = 0
configure:5676: result: yes
configure:5676: checking for feof_unlocked
configure:5676: gcc  -o conftest -isystem/jenhome/jenkins/jobs/LE910Cx_Multi_DAILY/workspace/build/apps_proc/poky/build/tmp-glibc/sysroots/x86_64-linux/usr/include -O2 -pipe  -static-libstdc++ -static-libgcc -L/jenhome/jenkins/jobs/LE910Cx_Multi_DAILY/workspace/build/apps_proc/poky/build/tmp-glibc/sysroots/x86_64-linux/usr/lib -L/jenhome/jenkins/jobs/LE910Cx_Multi_DAILY/workspace/build/apps_proc/poky/build/tmp-glibc/sysroots/x86_64-linux/lib -Wl,-rpath-link,/jenhome/jenkins/jobs/LE910Cx_Multi_DAILY/workspace/build/apps_proc/poky/build/tmp-glibc/sysroots/x86_64-linux/usr/lib -Wl,-rpath-link,/jenhome/jenkins/jobs/LE910Cx_Multi_DAILY/workspace/build/apps_proc/poky/build/tmp-glibc/sysroots/x86_64-linux/lib -Wl,-rpath,/jenhome/jenkins/jobs/LE910Cx_Multi_DAILY/workspace/build/apps_proc/poky/build/tmp-glibc/sysroots/x86_64-linux/usr/lib -Wl,-rpath,/jenhome/jenkins/jobs/LE910Cx_Multi_DAILY/workspace/build/apps_proc/poky/build/tmp-glibc/sysroots/x86_64-linux/lib -Wl,-O1 conftest.c  >&5
configure:5676: $? = 0
configure:5676: result: yes
configure:5676: checking for ferror_unlocked
configure:5676: gcc  -o conftest -isystem/jenhome/jenkins/jobs/LE910Cx_Multi_DAILY/workspace/build/apps_proc/poky/build/tmp-glibc/sysroots/x86_64-linux/usr/include -O2 -pipe  -static-libstdc++ -static-libgcc -L/jenhome/jenkins/jobs/LE910Cx_Multi_DAILY/workspace/build/apps_proc/poky/build/tmp-glibc/sysroots/x86_64-linux/usr/lib -L/jenhome/jenkins/jobs/LE910Cx_Multi_DAILY/workspace/build/apps_proc/poky/build/tmp-glibc/sysroots/x86_64-linux/lib -Wl,-rpath-link,/jenhome/jenkins/jobs/LE910Cx_Multi_DAILY/workspace/build/apps_proc/poky/build/tmp-glibc/sysroots/x86_64-linux/usr/lib -Wl,-rpath-link,/jenhome/jenkins/jobs/LE910Cx_Multi_DAILY/workspace/build/apps_proc/poky/build/tmp-glibc/sysroots/x86_64-linux/lib -Wl,-rpath,/jenhome/jenkins/jobs/LE910Cx_Multi_DAILY/workspace/build/apps_proc/poky/build/tmp-glibc/sysroots/x86_64-linux/usr/lib -Wl,-rpath,/jenhome/jenkins/jobs/LE910Cx_Multi_DAILY/workspace/build/apps_proc/poky/build/tmp-glibc/sysroots/x86_64-linux/lib -Wl,-O1 conftest.c  >&5
configure:5676: $? = 0
configure:5676: result: yes
configure:5676: checking for fflush_unlocked
configure:5676: gcc  -o conftest -isystem/jenhome/jenkins/jobs/LE910Cx_Multi_DAILY/workspace/build/apps_proc/poky/build/tmp-glibc/sysroots/x86_64-linux/usr/include -O2 -pipe  -static-libstdc++ -static-libgcc -L/jenhome/jenkins/jobs/LE910Cx_Multi_DAILY/workspace/build/apps_proc/poky/build/tmp-glibc/sysroots/x86_64-linux/usr/lib -L/jenhome/jenkins/jobs/LE910Cx_Multi_DAILY/workspace/build/apps_proc/poky/build/tmp-glibc/sysroots/x86_64-linux/lib -Wl,-rpath-link,/jenhome/jenkins/jobs/LE910Cx_Multi_DAILY/workspace/build/apps_proc/poky/build/tmp-glibc/sysroots/x86_64-linux/usr/lib -Wl,-rpath-link,/jenhome/jenkins/jobs/LE910Cx_Multi_DAILY/workspace/build/apps_proc/poky/build/tmp-glibc/sysroots/x86_64-linux/lib -Wl,-rpath,/jenhome/jenkins/jobs/LE910Cx_Multi_DAILY/workspace/build/apps_proc/poky/build/tmp-glibc/sysroots/x86_64-linux/usr/lib -Wl,-rpath,/jenhome/jenkins/jobs/LE910Cx_Multi_DAILY/workspace/build/apps_proc/poky/build/tmp-glibc/sysroots/x86_64-linux/lib -Wl,-O1 conftest.c  >&5
configure:5676: $? = 0
configure:5676: result: yes
configure:5676: checking for fgetc_unlocked
configure:5676: gcc  -o conftest -isystem/jenhome/jenkins/jobs/LE910Cx_Multi_DAILY/workspace/build/apps_proc/poky/build/tmp-glibc/sysroots/x86_64-linux/usr/include -O2 -pipe  -static-libstdc++ -static-libgcc -L/jenhome/jenkins/jobs/LE910Cx_Multi_DAILY/workspace/build/apps_proc/poky/build/tmp-glibc/sysroots/x86_64-linux/usr/lib -L/jenhome/jenkins/jobs/LE910Cx_Multi_DAILY/workspace/build/apps_proc/poky/build/tmp-glibc/sysroots/x86_64-linux/lib -Wl,-rpath-link,/jenhome/jenkins/jobs/LE910Cx_Multi_DAILY/workspace/build/apps_proc/poky/build/tmp-glibc/sysroots/x86_64-linux/usr/lib -Wl,-rpath-link,/jenhome/jenkins/jobs/LE910Cx_Multi_DAILY/workspace/build/apps_proc/poky/build/tmp-glibc/sysroots/x86_64-linux/lib -Wl,-rpath,/jenhome/jenkins/jobs/LE910Cx_Multi_DAILY/workspace/build/apps_proc/poky/build/tmp-glibc/sysroots/x86_64-linux/usr/lib -Wl,-rpath,/jenhome/jenkins/jobs/LE910Cx_Multi_DAILY/workspace/build/apps_proc/poky/build/tmp-glibc/sysroots/x86_64-linux/lib -Wl,-O1 conftest.c  >&5
configure:5676: $? = 0
configure:5676: result: yes
configure:5676: checking for fgets_unlocked
configure:5676: gcc  -o conftest -isystem/jenhome/jenkins/jobs/LE910Cx_Multi_DAILY/workspace/build/apps_proc/poky/build/tmp-glibc/sysroots/x86_64-linux/usr/include -O2 -pipe  -static-libstdc++ -static-libgcc -L/jenhome/jenkins/jobs/LE910Cx_Multi_DAILY/workspace/build/apps_proc/poky/build/tmp-glibc/sysroots/x86_64-linux/usr/lib -L/jenhome/jenkins/jobs/LE910Cx_Multi_DAILY/workspace/build/apps_proc/poky/build/tmp-glibc/sysroots/x86_64-linux/lib -Wl,-rpath-link,/jenhome/jenkins/jobs/LE910Cx_Multi_DAILY/workspace/build/apps_proc/poky/build/tmp-glibc/sysroots/x86_64-linux/usr/lib -Wl,-rpath-link,/jenhome/jenkins/jobs/LE910Cx_Multi_DAILY/workspace/build/apps_proc/poky/build/tmp-glibc/sysroots/x86_64-linux/lib -Wl,-rpath,/jenhome/jenkins/jobs/LE910Cx_Multi_DAILY/workspace/build/apps_proc/poky/build/tmp-glibc/sysroots/x86_64-linux/usr/lib -Wl,-rpath,/jenhome/jenkins/jobs/LE910Cx_Multi_DAILY/workspace/build/apps_proc/poky/build/tmp-glibc/sysroots/x86_64-linux/lib -Wl,-O1 conftest.c  >&5
configure:5676: $? = 0
configure:5676: result: yes
configure:5676: checking for fileno_unlocked
configure:5676: gcc  -o conftest -isystem/jenhome/jenkins/jobs/LE910Cx_Multi_DAILY/workspace/build/apps_proc/poky/build/tmp-glibc/sysroots/x86_64-linux/usr/include -O2 -pipe  -static-libstdc++ -static-libgcc -L/jenhome/jenkins/jobs/LE910Cx_Multi_DAILY/workspace/build/apps_proc/poky/build/tmp-glibc/sysroots/x86_64-linux/usr/lib -L/jenhome/jenkins/jobs/LE910Cx_Multi_DAILY/workspace/build/apps_proc/poky/build/tmp-glibc/sysroots/x86_64-linux/lib -Wl,-rpath-link,/jenhome/jenkins/jobs/LE910Cx_Multi_DAILY/workspace/build/apps_proc/poky/build/tmp-glibc/sysroots/x86_64-linux/usr/lib -Wl,-rpath-link,/jenhome/jenkins/jobs/LE910Cx_Multi_DAILY/workspace/build/apps_proc/poky/build/tmp-glibc/sysroots/x86_64-linux/lib -Wl,-rpath,/jenhome/jenkins/jobs/LE910Cx_Multi_DAILY/workspace/build/apps_proc/poky/build/tmp-glibc/sysroots/x86_64-linux/usr/lib -Wl,-rpath,/jenhome/jenkins/jobs/LE910Cx_Multi_DAILY/workspace/build/apps_proc/poky/build/tmp-glibc/sysroots/x86_64-linux/lib -Wl,-O1 conftest.c  >&5
configure:5676: $? = 0
configure:5676: result: yes
configure:5676: checking for fprintf_unlocked
configure:5676: gcc  -o conftest -isystem/jenhome/jenkins/jobs/LE910Cx_Multi_DAILY/workspace/build/apps_proc/poky/build/tmp-glibc/sysroots/x86_64-linux/usr/include -O2 -pipe  -static-libstdc++ -static-libgcc -L/jenhome/jenkins/jobs/LE910Cx_Multi_DAILY/workspace/build/apps_proc/poky/build/tmp-glibc/sysroots/x86_64-linux/usr/lib -L/jenhome/jenkins/jobs/LE910Cx_Multi_DAILY/workspace/build/apps_proc/poky/build/tmp-glibc/sysroots/x86_64-linux/lib -Wl,-rpath-link,/jenhome/jenkins/jobs/LE910Cx_Multi_DAILY/workspace/build/apps_proc/poky/build/tmp-glibc/sysroots/x86_64-linux/usr/lib -Wl,-rpath-link,/jenhome/jenkins/jobs/LE910Cx_Multi_DAILY/workspace/build/apps_proc/poky/build/tmp-glibc/sysroots/x86_64-linux/lib -Wl,-rpath,/jenhome/jenkins/jobs/LE910Cx_Multi_DAILY/workspace/build/apps_proc/poky/build/tmp-glibc/sysroots/x86_64-linux/usr/lib -Wl,-rpath,/jenhome/jenkins/jobs/LE910Cx_Multi_DAILY/workspace/build/apps_proc/poky/build/tmp-glibc/sysroots/x86_64-linux/lib -Wl,-O1 conftest.c  >&5
conftest.c:69:6: warning: conflicting types for built-in function 'fprintf_unlocked' [enabled by default]
 char fprintf_unlocked ();
      ^
/tmp/ccP7oy1s.o: In function `main':
conftest.c:(.text.startup+0x7): undefined reference to `fprintf_unlocked'
collect2: error: ld returned 1 exit status
configure:5676: $? = 1
configure: failed program was:
| /* confdefs.h */
| #define PACKAGE_NAME "cpplib"
| #define PACKAGE_TARNAME "cpplib"
| #define PACKAGE_VERSION " "
| #define PACKAGE_STRING "cpplib  "
| #define PACKAGE_BUGREPORT "gcc-bugs@gcc.gnu.org"
| #define PACKAGE_URL ""
| #define STDC_HEADERS 1
| #define HAVE_SYS_TYPES_H 1
| #define HAVE_SYS_STAT_H 1
| #define HAVE_STDLIB_H 1
| #define HAVE_STRING_H 1
| #define HAVE_MEMORY_H 1
| #define HAVE_STRINGS_H 1
| #define HAVE_INTTYPES_H 1
| #define HAVE_STDINT_H 1
| #define HAVE_UNISTD_H 1
| #define __EXTENSIONS__ 1
| #define _ALL_SOURCE 1
| #define _GNU_SOURCE 1
| #define _POSIX_PTHREAD_SEMANTICS 1
| #define _TANDEM_SOURCE 1
| #define TIME_WITH_SYS_TIME 1
| #define STRING_WITH_STRINGS 1
| #define HAVE_LOCALE_H 1
| #define HAVE_FCNTL_H 1
| #define HAVE_LIMITS_H 1
| #define HAVE_STDDEF_H 1
| #define HAVE_STDLIB_H 1
| #define HAVE_STRINGS_H 1
| #define HAVE_STRING_H 1
| #define HAVE_SYS_FILE_H 1
| #define HAVE_UNISTD_H 1
| #define HAVE_OBSTACK 1
| #define HAVE_UINTPTR_T 1
| #define SIZEOF_INT 4
| #define SIZEOF_LONG 8
| #define HAVE_CLEARERR_UNLOCKED 1
| #define HAVE_FEOF_UNLOCKED 1
| #define HAVE_FERROR_UNLOCKED 1
| #define HAVE_FFLUSH_UNLOCKED 1
| #define HAVE_FGETC_UNLOCKED 1
| #define HAVE_FGETS_UNLOCKED 1
| #define HAVE_FILENO_UNLOCKED 1
| /* end confdefs.h.  */
| /* Define fprintf_unlocked to an innocuous variant, in case <limits.h> declares fprintf_unlocked.
|    For example, HP-UX 11i <limits.h> declares gettimeofday.  */
| #define fprintf_unlocked innocuous_fprintf_unlocked
| 
| /* System header to define __stub macros and hopefully few prototypes,
|     which can conflict with char fprintf_unlocked (); below.
|     Prefer <limits.h> to <assert.h> if __STDC__ is defined, since
|     <limits.h> exists even on freestanding compilers.  */
| 
| #ifdef __STDC__
| # include <limits.h>
| #else
| # include <assert.h>
| #endif
| 
| #undef fprintf_unlocked
| 
| /* Override any GCC internal prototype to avoid an error.
|    Use char because int might match the return type of a GCC
|    builtin and then its argument prototype would still apply.  */
| #ifdef __cplusplus
| extern "C"
| #endif
| char fprintf_unlocked ();
| /* The GNU C library defines this for functions which it implements
|     to always fail with ENOSYS.  Some functions are actually named
|     something starting with __ and the normal name is an alias.  */
| #if defined __stub_fprintf_unlocked || defined __stub___fprintf_unlocked
| choke me
| #endif
| 
| int
| main ()
| {
| return fprintf_unlocked ();
|   ;
|   return 0;
| }
configure:5676: result: no
configure:5676: checking for fputc_unlocked
configure:5676: gcc  -o conftest -isystem/jenhome/jenkins/jobs/LE910Cx_Multi_DAILY/workspace/build/apps_proc/poky/build/tmp-glibc/sysroots/x86_64-linux/usr/include -O2 -pipe  -static-libstdc++ -static-libgcc -L/jenhome/jenkins/jobs/LE910Cx_Multi_DAILY/workspace/build/apps_proc/poky/build/tmp-glibc/sysroots/x86_64-linux/usr/lib -L/jenhome/jenkins/jobs/LE910Cx_Multi_DAILY/workspace/build/apps_proc/poky/build/tmp-glibc/sysroots/x86_64-linux/lib -Wl,-rpath-link,/jenhome/jenkins/jobs/LE910Cx_Multi_DAILY/workspace/build/apps_proc/poky/build/tmp-glibc/sysroots/x86_64-linux/usr/lib -Wl,-rpath-link,/jenhome/jenkins/jobs/LE910Cx_Multi_DAILY/workspace/build/apps_proc/poky/build/tmp-glibc/sysroots/x86_64-linux/lib -Wl,-rpath,/jenhome/jenkins/jobs/LE910Cx_Multi_DAILY/workspace/build/apps_proc/poky/build/tmp-glibc/sysroots/x86_64-linux/usr/lib -Wl,-rpath,/jenhome/jenkins/jobs/LE910Cx_Multi_DAILY/workspace/build/apps_proc/poky/build/tmp-glibc/sysroots/x86_64-linux/lib -Wl,-O1 conftest.c  >&5
conftest.c:69:6: warning: conflicting types for built-in function 'fputc_unlocked' [enabled by default]
 char fputc_unlocked ();
      ^
configure:5676: $? = 0
configure:5676: result: yes
configure:5676: checking for fputs_unlocked
configure:5676: gcc  -o conftest -isystem/jenhome/jenkins/jobs/LE910Cx_Multi_DAILY/workspace/build/apps_proc/poky/build/tmp-glibc/sysroots/x86_64-linux/usr/include -O2 -pipe  -static-libstdc++ -static-libgcc -L/jenhome/jenkins/jobs/LE910Cx_Multi_DAILY/workspace/build/apps_proc/poky/build/tmp-glibc/sysroots/x86_64-linux/usr/lib -L/jenhome/jenkins/jobs/LE910Cx_Multi_DAILY/workspace/build/apps_proc/poky/build/tmp-glibc/sysroots/x86_64-linux/lib -Wl,-rpath-link,/jenhome/jenkins/jobs/LE910Cx_Multi_DAILY/workspace/build/apps_proc/poky/build/tmp-glibc/sysroots/x86_64-linux/usr/lib -Wl,-rpath-link,/jenhome/jenkins/jobs/LE910Cx_Multi_DAILY/workspace/build/apps_proc/poky/build/tmp-glibc/sysroots/x86_64-linux/lib -Wl,-rpath,/jenhome/jenkins/jobs/LE910Cx_Multi_DAILY/workspace/build/apps_proc/poky/build/tmp-glibc/sysroots/x86_64-linux/usr/lib -Wl,-rpath,/jenhome/jenkins/jobs/LE910Cx_Multi_DAILY/workspace/build/apps_proc/poky/build/tmp-glibc/sysroots/x86_64-linux/lib -Wl,-O1 conftest.c  >&5
conftest.c:70:6: warning: conflicting types for built-in function 'fputs_unlocked' [enabled by default]
 char fputs_unlocked ();
      ^
configure:5676: $? = 0
configure:5676: result: yes
configure:5676: checking for fread_unlocked
configure:5676: gcc  -o conftest -isystem/jenhome/jenkins/jobs/LE910Cx_Multi_DAILY/workspace/build/apps_proc/poky/build/tmp-glibc/sysroots/x86_64-linux/usr/include -O2 -pipe  -static-libstdc++ -static-libgcc -L/jenhome/jenkins/jobs/LE910Cx_Multi_DAILY/workspace/build/apps_proc/poky/build/tmp-glibc/sysroots/x86_64-linux/usr/lib -L/jenhome/jenkins/jobs/LE910Cx_Multi_DAILY/workspace/build/apps_proc/poky/build/tmp-glibc/sysroots/x86_64-linux/lib -Wl,-rpath-link,/jenhome/jenkins/jobs/LE910Cx_Multi_DAILY/workspace/build/apps_proc/poky/build/tmp-glibc/sysroots/x86_64-linux/usr/lib -Wl,-rpath-link,/jenhome/jenkins/jobs/LE910Cx_Multi_DAILY/workspace/build/apps_proc/poky/build/tmp-glibc/sysroots/x86_64-linux/lib -Wl,-rpath,/jenhome/jenkins/jobs/LE910Cx_Multi_DAILY/workspace/build/apps_proc/poky/build/tmp-glibc/sysroots/x86_64-linux/usr/lib -Wl,-rpath,/jenhome/jenkins/jobs/LE910Cx_Multi_DAILY/workspace/build/apps_proc/poky/build/tmp-glibc/sysroots/x86_64-linux/lib -Wl,-O1 conftest.c  >&5
configure:5676: $? = 0
configure:5676: result: yes
configure:5676: checking for fwrite_unlocked
configure:5676: gcc  -o conftest -isystem/jenhome/jenkins/jobs/LE910Cx_Multi_DAILY/workspace/build/apps_proc/poky/build/tmp-glibc/sysroots/x86_64-linux/usr/include -O2 -pipe  -static-libstdc++ -static-libgcc -L/jenhome/jenkins/jobs/LE910Cx_Multi_DAILY/workspace/build/apps_proc/poky/build/tmp-glibc/sysroots/x86_64-linux/usr/lib -L/jenhome/jenkins/jobs/LE910Cx_Multi_DAILY/workspace/build/apps_proc/poky/build/tmp-glibc/sysroots/x86_64-linux/lib -Wl,-rpath-link,/jenhome/jenkins/jobs/LE910Cx_Multi_DAILY/workspace/build/apps_proc/poky/build/tmp-glibc/sysroots/x86_64-linux/usr/lib -Wl,-rpath-link,/jenhome/jenkins/jobs/LE910Cx_Multi_DAILY/workspace/build/apps_proc/poky/build/tmp-glibc/sysroots/x86_64-linux/lib -Wl,-rpath,/jenhome/jenkins/jobs/LE910Cx_Multi_DAILY/workspace/build/apps_proc/poky/build/tmp-glibc/sysroots/x86_64-linux/usr/lib -Wl,-rpath,/jenhome/jenkins/jobs/LE910Cx_Multi_DAILY/workspace/build/apps_proc/poky/build/tmp-glibc/sysroots/x86_64-linux/lib -Wl,-O1 conftest.c  >&5
conftest.c:72:6: warning: conflicting types for built-in function 'fwrite_unlocked' [enabled by default]
 char fwrite_unlocked ();
      ^
configure:5676: $? = 0
configure:5676: result: yes
configure:5676: checking for getchar_unlocked
configure:5676: gcc  -o conftest -isystem/jenhome/jenkins/jobs/LE910Cx_Multi_DAILY/workspace/build/apps_proc/poky/build/tmp-glibc/sysroots/x86_64-linux/usr/include -O2 -pipe  -static-libstdc++ -static-libgcc -L/jenhome/jenkins/jobs/LE910Cx_Multi_DAILY/workspace/build/apps_proc/poky/build/tmp-glibc/sysroots/x86_64-linux/usr/lib -L/jenhome/jenkins/jobs/LE910Cx_Multi_DAILY/workspace/build/apps_proc/poky/build/tmp-glibc/sysroots/x86_64-linux/lib -Wl,-rpath-link,/jenhome/jenkins/jobs/LE910Cx_Multi_DAILY/workspace/build/apps_proc/poky/build/tmp-glibc/sysroots/x86_64-linux/usr/lib -Wl,-rpath-link,/jenhome/jenkins/jobs/LE910Cx_Multi_DAILY/workspace/build/apps_proc/poky/build/tmp-glibc/sysroots/x86_64-linux/lib -Wl,-rpath,/jenhome/jenkins/jobs/LE910Cx_Multi_DAILY/workspace/build/apps_proc/poky/build/tmp-glibc/sysroots/x86_64-linux/usr/lib -Wl,-rpath,/jenhome/jenkins/jobs/LE910Cx_Multi_DAILY/workspace/build/apps_proc/poky/build/tmp-glibc/sysroots/x86_64-linux/lib -Wl,-O1 conftest.c  >&5
configure:5676: $? = 0
configure:5676: result: yes
configure:5676: checking for getc_unlocked
configure:5676: gcc  -o conftest -isystem/jenhome/jenkins/jobs/LE910Cx_Multi_DAILY/workspace/build/apps_proc/poky/build/tmp-glibc/sysroots/x86_64-linux/usr/include -O2 -pipe  -static-libstdc++ -static-libgcc -L/jenhome/jenkins/jobs/LE910Cx_Multi_DAILY/workspace/build/apps_proc/poky/build/tmp-glibc/sysroots/x86_64-linux/usr/lib -L/jenhome/jenkins/jobs/LE910Cx_Multi_DAILY/workspace/build/apps_proc/poky/build/tmp-glibc/sysroots/x86_64-linux/lib -Wl,-rpath-link,/jenhome/jenkins/jobs/LE910Cx_Multi_DAILY/workspace/build/apps_proc/poky/build/tmp-glibc/sysroots/x86_64-linux/usr/lib -Wl,-rpath-link,/jenhome/jenkins/jobs/LE910Cx_Multi_DAILY/workspace/build/apps_proc/poky/build/tmp-glibc/sysroots/x86_64-linux/lib -Wl,-rpath,/jenhome/jenkins/jobs/LE910Cx_Multi_DAILY/workspace/build/apps_proc/poky/build/tmp-glibc/sysroots/x86_64-linux/usr/lib -Wl,-rpath,/jenhome/jenkins/jobs/LE910Cx_Multi_DAILY/workspace/build/apps_proc/poky/build/tmp-glibc/sysroots/x86_64-linux/lib -Wl,-O1 conftest.c  >&5
configure:5676: $? = 0
configure:5676: result: yes
configure:5676: checking for putchar_unlocked
configure:5676: gcc  -o conftest -isystem/jenhome/jenkins/jobs/LE910Cx_Multi_DAILY/workspace/build/apps_proc/poky/build/tmp-glibc/sysroots/x86_64-linux/usr/include -O2 -pipe  -static-libstdc++ -static-libgcc -L/jenhome/jenkins/jobs/LE910Cx_Multi_DAILY/workspace/build/apps_proc/poky/build/tmp-glibc/sysroots/x86_64-linux/usr/lib -L/jenhome/jenkins/jobs/LE910Cx_Multi_DAILY/workspace/build/apps_proc/poky/build/tmp-glibc/sysroots/x86_64-linux/lib -Wl,-rpath-link,/jenhome/jenkins/jobs/LE910Cx_Multi_DAILY/workspace/build/apps_proc/poky/build/tmp-glibc/sysroots/x86_64-linux/usr/lib -Wl,-rpath-link,/jenhome/jenkins/jobs/LE910Cx_Multi_DAILY/workspace/build/apps_proc/poky/build/tmp-glibc/sysroots/x86_64-linux/lib -Wl,-rpath,/jenhome/jenkins/jobs/LE910Cx_Multi_DAILY/workspace/build/apps_proc/poky/build/tmp-glibc/sysroots/x86_64-linux/usr/lib -Wl,-rpath,/jenhome/jenkins/jobs/LE910Cx_Multi_DAILY/workspace/build/apps_proc/poky/build/tmp-glibc/sysroots/x86_64-linux/lib -Wl,-O1 conftest.c  >&5
conftest.c:75:6: warning: conflicting types for built-in function 'putchar_unlocked' [enabled by default]
 char putchar_unlocked ();
      ^
configure:5676: $? = 0
configure:5676: result: yes
configure:5676: checking for putc_unlocked
configure:5676: gcc  -o conftest -isystem/jenhome/jenkins/jobs/LE910Cx_Multi_DAILY/workspace/build/apps_proc/poky/build/tmp-glibc/sysroots/x86_64-linux/usr/include -O2 -pipe  -static-libstdc++ -static-libgcc -L/jenhome/jenkins/jobs/LE910Cx_Multi_DAILY/workspace/build/apps_proc/poky/build/tmp-glibc/sysroots/x86_64-linux/usr/lib -L/jenhome/jenkins/jobs/LE910Cx_Multi_DAILY/workspace/build/apps_proc/poky/build/tmp-glibc/sysroots/x86_64-linux/lib -Wl,-rpath-link,/jenhome/jenkins/jobs/LE910Cx_Multi_DAILY/workspace/build/apps_proc/poky/build/tmp-glibc/sysroots/x86_64-linux/usr/lib -Wl,-rpath-link,/jenhome/jenkins/jobs/LE910Cx_Multi_DAILY/workspace/build/apps_proc/poky/build/tmp-glibc/sysroots/x86_64-linux/lib -Wl,-rpath,/jenhome/jenkins/jobs/LE910Cx_Multi_DAILY/workspace/build/apps_proc/poky/build/tmp-glibc/sysroots/x86_64-linux/usr/lib -Wl,-rpath,/jenhome/jenkins/jobs/LE910Cx_Multi_DAILY/workspace/build/apps_proc/poky/build/tmp-glibc/sysroots/x86_64-linux/lib -Wl,-O1 conftest.c  >&5
conftest.c:76:6: warning: conflicting types for built-in function 'putc_unlocked' [enabled by default]
 char putc_unlocked ();
      ^
configure:5676: $? = 0
configure:5676: result: yes
configure:5686: checking whether abort is declared
configure:5686: gcc  -c -isystem/jenhome/jenkins/jobs/LE910Cx_Multi_DAILY/workspace/build/apps_proc/poky/build/tmp-glibc/sysroots/x86_64-linux/usr/include -O2 -pipe  conftest.c >&5
configure:5686: $? = 0
configure:5686: result: yes
configure:5696: checking whether asprintf is declared
configure:5696: gcc  -c -isystem/jenhome/jenkins/jobs/LE910Cx_Multi_DAILY/workspace/build/apps_proc/poky/build/tmp-glibc/sysroots/x86_64-linux/usr/include -O2 -pipe  conftest.c >&5
configure:5696: $? = 0
configure:5696: result: yes
configure:5706: checking whether basename is declared
configure:5706: gcc  -c -isystem/jenhome/jenkins/jobs/LE910Cx_Multi_DAILY/workspace/build/apps_proc/poky/build/tmp-glibc/sysroots/x86_64-linux/usr/include -O2 -pipe  conftest.c >&5
configure:5706: $? = 0
configure:5706: result: yes
configure:5716: checking whether errno is declared
configure:5716: gcc  -c -isystem/jenhome/jenkins/jobs/LE910Cx_Multi_DAILY/workspace/build/apps_proc/poky/build/tmp-glibc/sysroots/x86_64-linux/usr/include -O2 -pipe  conftest.c >&5
conftest.c: In function 'main':
conftest.c:97:10: error: 'errno' undeclared (first use in this function)
   (void) errno;
          ^
conftest.c:97:10: note: each undeclared identifier is reported only once for each function it appears in
configure:5716: $? = 1
configure: failed program was:
| /* confdefs.h */
| #define PACKAGE_NAME "cpplib"
| #define PACKAGE_TARNAME "cpplib"
| #define PACKAGE_VERSION " "
| #define PACKAGE_STRING "cpplib  "
| #define PACKAGE_BUGREPORT "gcc-bugs@gcc.gnu.org"
| #define PACKAGE_URL ""
| #define STDC_HEADERS 1
| #define HAVE_SYS_TYPES_H 1
| #define HAVE_SYS_STAT_H 1
| #define HAVE_STDLIB_H 1
| #define HAVE_STRING_H 1
| #define HAVE_MEMORY_H 1
| #define HAVE_STRINGS_H 1
| #define HAVE_INTTYPES_H 1
| #define HAVE_STDINT_H 1
| #define HAVE_UNISTD_H 1
| #define __EXTENSIONS__ 1
| #define _ALL_SOURCE 1
| #define _GNU_SOURCE 1
| #define _POSIX_PTHREAD_SEMANTICS 1
| #define _TANDEM_SOURCE 1
| #define TIME_WITH_SYS_TIME 1
| #define STRING_WITH_STRINGS 1
| #define HAVE_LOCALE_H 1
| #define HAVE_FCNTL_H 1
| #define HAVE_LIMITS_H 1
| #define HAVE_STDDEF_H 1
| #define HAVE_STDLIB_H 1
| #define HAVE_STRINGS_H 1
| #define HAVE_STRING_H 1
| #define HAVE_SYS_FILE_H 1
| #define HAVE_UNISTD_H 1
| #define HAVE_OBSTACK 1
| #define HAVE_UINTPTR_T 1
| #define SIZEOF_INT 4
| #define SIZEOF_LONG 8
| #define HAVE_CLEARERR_UNLOCKED 1
| #define HAVE_FEOF_UNLOCKED 1
| #define HAVE_FERROR_UNLOCKED 1
| #define HAVE_FFLUSH_UNLOCKED 1
| #define HAVE_FGETC_UNLOCKED 1
| #define HAVE_FGETS_UNLOCKED 1
| #define HAVE_FILENO_UNLOCKED 1
| #define HAVE_FPUTC_UNLOCKED 1
| #define HAVE_FPUTS_UNLOCKED 1
| #define HAVE_FREAD_UNLOCKED 1
| #define HAVE_FWRITE_UNLOCKED 1
| #define HAVE_GETCHAR_UNLOCKED 1
| #define HAVE_GETC_UNLOCKED 1
| #define HAVE_PUTCHAR_UNLOCKED 1
| #define HAVE_PUTC_UNLOCKED 1
| #define HAVE_DECL_ABORT 1
| #define HAVE_DECL_ASPRINTF 1
| #define HAVE_DECL_BASENAME 1
| /* end confdefs.h.  */
| #include <stdio.h>
| #ifdef HAVE_SYS_TYPES_H
| # include <sys/types.h>
| #endif
| #ifdef HAVE_SYS_STAT_H
| # include <sys/stat.h>
| #endif
| #ifdef STDC_HEADERS
| # include <stdlib.h>
| # include <stddef.h>
| #else
| # ifdef HAVE_STDLIB_H
| #  include <stdlib.h>
| # endif
| #endif
| #ifdef HAVE_STRING_H
| # if !defined STDC_HEADERS && defined HAVE_MEMORY_H
| #  include <memory.h>
| # endif
| # include <string.h>
| #endif
| #ifdef HAVE_STRINGS_H
| # include <strings.h>
| #endif
| #ifdef HAVE_INTTYPES_H
| # include <inttypes.h>
| #endif
| #ifdef HAVE_STDINT_H
| # include <stdint.h>
| #endif
| #ifdef HAVE_UNISTD_H
| # include <unistd.h>
| #endif
| int
| main ()
| {
| #ifndef errno
| #ifdef __cplusplus
|   (void) errno;
| #else
|   (void) errno;
| #endif
| #endif
| 
|   ;
|   return 0;
| }
configure:5716: result: no
configure:5726: checking whether getopt is declared
configure:5726: gcc  -c -isystem/jenhome/jenkins/jobs/LE910Cx_Multi_DAILY/workspace/build/apps_proc/poky/build/tmp-glibc/sysroots/x86_64-linux/usr/include -O2 -pipe  conftest.c >&5
configure:5726: $? = 0
configure:5726: result: yes
configure:5736: checking whether vasprintf is declared
configure:5736: gcc  -c -isystem/jenhome/jenkins/jobs/LE910Cx_Multi_DAILY/workspace/build/apps_proc/poky/build/tmp-glibc/sysroots/x86_64-linux/usr/include -O2 -pipe  conftest.c >&5
configure:5736: $? = 0
configure:5736: result: yes
configure:5747: checking whether clearerr_unlocked is declared
configure:5747: gcc  -c -isystem/jenhome/jenkins/jobs/LE910Cx_Multi_DAILY/workspace/build/apps_proc/poky/build/tmp-glibc/sysroots/x86_64-linux/usr/include -O2 -pipe  conftest.c >&5
configure:5747: $? = 0
configure:5747: result: yes
configure:5757: checking whether feof_unlocked is declared
configure:5757: gcc  -c -isystem/jenhome/jenkins/jobs/LE910Cx_Multi_DAILY/workspace/build/apps_proc/poky/build/tmp-glibc/sysroots/x86_64-linux/usr/include -O2 -pipe  conftest.c >&5
configure:5757: $? = 0
configure:5757: result: yes
configure:5767: checking whether ferror_unlocked is declared
configure:5767: gcc  -c -isystem/jenhome/jenkins/jobs/LE910Cx_Multi_DAILY/workspace/build/apps_proc/poky/build/tmp-glibc/sysroots/x86_64-linux/usr/include -O2 -pipe  conftest.c >&5
configure:5767: $? = 0
configure:5767: result: yes
configure:5777: checking whether fflush_unlocked is declared
configure:5777: gcc  -c -isystem/jenhome/jenkins/jobs/LE910Cx_Multi_DAILY/workspace/build/apps_proc/poky/build/tmp-glibc/sysroots/x86_64-linux/usr/include -O2 -pipe  conftest.c >&5
configure:5777: $? = 0
configure:5777: result: yes
configure:5787: checking whether fgetc_unlocked is declared
configure:5787: gcc  -c -isystem/jenhome/jenkins/jobs/LE910Cx_Multi_DAILY/workspace/build/apps_proc/poky/build/tmp-glibc/sysroots/x86_64-linux/usr/include -O2 -pipe  conftest.c >&5
configure:5787: $? = 0
configure:5787: result: yes
configure:5797: checking whether fgets_unlocked is declared
configure:5797: gcc  -c -isystem/jenhome/jenkins/jobs/LE910Cx_Multi_DAILY/workspace/build/apps_proc/poky/build/tmp-glibc/sysroots/x86_64-linux/usr/include -O2 -pipe  conftest.c >&5
configure:5797: $? = 0
configure:5797: result: yes
configure:5807: checking whether fileno_unlocked is declared
configure:5807: gcc  -c -isystem/jenhome/jenkins/jobs/LE910Cx_Multi_DAILY/workspace/build/apps_proc/poky/build/tmp-glibc/sysroots/x86_64-linux/usr/include -O2 -pipe  conftest.c >&5
configure:5807: $? = 0
configure:5807: result: yes
configure:5817: checking whether fprintf_unlocked is declared
configure:5817: gcc  -c -isystem/jenhome/jenkins/jobs/LE910Cx_Multi_DAILY/workspace/build/apps_proc/poky/build/tmp-glibc/sysroots/x86_64-linux/usr/include -O2 -pipe  conftest.c >&5
conftest.c: In function 'main':
conftest.c:107:10: error: 'fprintf_unlocked' undeclared (first use in this function)
   (void) fprintf_unlocked;
          ^
conftest.c:107:10: note: each undeclared identifier is reported only once for each function it appears in
configure:5817: $? = 1
configure: failed program was:
| /* confdefs.h */
| #define PACKAGE_NAME "cpplib"
| #define PACKAGE_TARNAME "cpplib"
| #define PACKAGE_VERSION " "
| #define PACKAGE_STRING "cpplib  "
| #define PACKAGE_BUGREPORT "gcc-bugs@gcc.gnu.org"
| #define PACKAGE_URL ""
| #define STDC_HEADERS 1
| #define HAVE_SYS_TYPES_H 1
| #define HAVE_SYS_STAT_H 1
| #define HAVE_STDLIB_H 1
| #define HAVE_STRING_H 1
| #define HAVE_MEMORY_H 1
| #define HAVE_STRINGS_H 1
| #define HAVE_INTTYPES_H 1
| #define HAVE_STDINT_H 1
| #define HAVE_UNISTD_H 1
| #define __EXTENSIONS__ 1
| #define _ALL_SOURCE 1
| #define _GNU_SOURCE 1
| #define _POSIX_PTHREAD_SEMANTICS 1
| #define _TANDEM_SOURCE 1
| #define TIME_WITH_SYS_TIME 1
| #define STRING_WITH_STRINGS 1
| #define HAVE_LOCALE_H 1
| #define HAVE_FCNTL_H 1
| #define HAVE_LIMITS_H 1
| #define HAVE_STDDEF_H 1
| #define HAVE_STDLIB_H 1
| #define HAVE_STRINGS_H 1
| #define HAVE_STRING_H 1
| #define HAVE_SYS_FILE_H 1
| #define HAVE_UNISTD_H 1
| #define HAVE_OBSTACK 1
| #define HAVE_UINTPTR_T 1
| #define SIZEOF_INT 4
| #define SIZEOF_LONG 8
| #define HAVE_CLEARERR_UNLOCKED 1
| #define HAVE_FEOF_UNLOCKED 1
| #define HAVE_FERROR_UNLOCKED 1
| #define HAVE_FFLUSH_UNLOCKED 1
| #define HAVE_FGETC_UNLOCKED 1
| #define HAVE_FGETS_UNLOCKED 1
| #define HAVE_FILENO_UNLOCKED 1
| #define HAVE_FPUTC_UNLOCKED 1
| #define HAVE_FPUTS_UNLOCKED 1
| #define HAVE_FREAD_UNLOCKED 1
| #define HAVE_FWRITE_UNLOCKED 1
| #define HAVE_GETCHAR_UNLOCKED 1
| #define HAVE_GETC_UNLOCKED 1
| #define HAVE_PUTCHAR_UNLOCKED 1
| #define HAVE_PUTC_UNLOCKED 1
| #define HAVE_DECL_ABORT 1
| #define HAVE_DECL_ASPRINTF 1
| #define HAVE_DECL_BASENAME 1
| #define HAVE_DECL_ERRNO 0
| #define HAVE_DECL_GETOPT 1
| #define HAVE_DECL_VASPRINTF 1
| #define HAVE_DECL_CLEARERR_UNLOCKED 1
| #define HAVE_DECL_FEOF_UNLOCKED 1
| #define HAVE_DECL_FERROR_UNLOCKED 1
| #define HAVE_DECL_FFLUSH_UNLOCKED 1
| #define HAVE_DECL_FGETC_UNLOCKED 1
| #define HAVE_DECL_FGETS_UNLOCKED 1
| #define HAVE_DECL_FILENO_UNLOCKED 1
| /* end confdefs.h.  */
| #include <stdio.h>
| #ifdef HAVE_SYS_TYPES_H
| # include <sys/types.h>
| #endif
| #ifdef HAVE_SYS_STAT_H
| # include <sys/stat.h>
| #endif
| #ifdef STDC_HEADERS
| # include <stdlib.h>
| # include <stddef.h>
| #else
| # ifdef HAVE_STDLIB_H
| #  include <stdlib.h>
| # endif
| #endif
| #ifdef HAVE_STRING_H
| # if !defined STDC_HEADERS && defined HAVE_MEMORY_H
| #  include <memory.h>
| # endif
| # include <string.h>
| #endif
| #ifdef HAVE_STRINGS_H
| # include <strings.h>
| #endif
| #ifdef HAVE_INTTYPES_H
| # include <inttypes.h>
| #endif
| #ifdef HAVE_STDINT_H
| # include <stdint.h>
| #endif
| #ifdef HAVE_UNISTD_H
| # include <unistd.h>
| #endif
| int
| main ()
| {
| #ifndef fprintf_unlocked
| #ifdef __cplusplus
|   (void) fprintf_unlocked;
| #else
|   (void) fprintf_unlocked;
| #endif
| #endif
| 
|   ;
|   return 0;
| }
configure:5817: result: no
configure:5827: checking whether fputc_unlocked is declared
configure:5827: gcc  -c -isystem/jenhome/jenkins/jobs/LE910Cx_Multi_DAILY/workspace/build/apps_proc/poky/build/tmp-glibc/sysroots/x86_64-linux/usr/include -O2 -pipe  conftest.c >&5
configure:5827: $? = 0
configure:5827: result: yes
configure:5837: checking whether fputs_unlocked is declared
configure:5837: gcc  -c -isystem/jenhome/jenkins/jobs/LE910Cx_Multi_DAILY/workspace/build/apps_proc/poky/build/tmp-glibc/sysroots/x86_64-linux/usr/include -O2 -pipe  conftest.c >&5
configure:5837: $? = 0
configure:5837: result: yes
configure:5847: checking whether fread_unlocked is declared
configure:5847: gcc  -c -isystem/jenhome/jenkins/jobs/LE910Cx_Multi_DAILY/workspace/build/apps_proc/poky/build/tmp-glibc/sysroots/x86_64-linux/usr/include -O2 -pipe  conftest.c >&5
configure:5847: $? = 0
configure:5847: result: yes
configure:5857: checking whether fwrite_unlocked is declared
configure:5857: gcc  -c -isystem/jenhome/jenkins/jobs/LE910Cx_Multi_DAILY/workspace/build/apps_proc/poky/build/tmp-glibc/sysroots/x86_64-linux/usr/include -O2 -pipe  conftest.c >&5
configure:5857: $? = 0
configure:5857: result: yes
configure:5867: checking whether getchar_unlocked is declared
configure:5867: gcc  -c -isystem/jenhome/jenkins/jobs/LE910Cx_Multi_DAILY/workspace/build/apps_proc/poky/build/tmp-glibc/sysroots/x86_64-linux/usr/include -O2 -pipe  conftest.c >&5
configure:5867: $? = 0
configure:5867: result: yes
configure:5877: checking whether getc_unlocked is declared
configure:5877: gcc  -c -isystem/jenhome/jenkins/jobs/LE910Cx_Multi_DAILY/workspace/build/apps_proc/poky/build/tmp-glibc/sysroots/x86_64-linux/usr/include -O2 -pipe  conftest.c >&5
configure:5877: $? = 0
configure:5877: result: yes
configure:5887: checking whether putchar_unlocked is declared
configure:5887: gcc  -c -isystem/jenhome/jenkins/jobs/LE910Cx_Multi_DAILY/workspace/build/apps_proc/poky/build/tmp-glibc/sysroots/x86_64-linux/usr/include -O2 -pipe  conftest.c >&5
configure:5887: $? = 0
configure:5887: result: yes
configure:5897: checking whether putc_unlocked is declared
configure:5897: gcc  -c -isystem/jenhome/jenkins/jobs/LE910Cx_Multi_DAILY/workspace/build/apps_proc/poky/build/tmp-glibc/sysroots/x86_64-linux/usr/include -O2 -pipe  conftest.c >&5
configure:5897: $? = 0
configure:5897: result: yes
configure:5912: checking for working alloca.h
configure:5929: gcc  -o conftest -isystem/jenhome/jenkins/jobs/LE910Cx_Multi_DAILY/workspace/build/apps_proc/poky/build/tmp-glibc/sysroots/x86_64-linux/usr/include -O2 -pipe  -static-libstdc++ -static-libgcc -L/jenhome/jenkins/jobs/LE910Cx_Multi_DAILY/workspace/build/apps_proc/poky/build/tmp-glibc/sysroots/x86_64-linux/usr/lib -L/jenhome/jenkins/jobs/LE910Cx_Multi_DAILY/workspace/build/apps_proc/poky/build/tmp-glibc/sysroots/x86_64-linux/lib -Wl,-rpath-link,/jenhome/jenkins/jobs/LE910Cx_Multi_DAILY/workspace/build/apps_proc/poky/build/tmp-glibc/sysroots/x86_64-linux/usr/lib -Wl,-rpath-link,/jenhome/jenkins/jobs/LE910Cx_Multi_DAILY/workspace/build/apps_proc/poky/build/tmp-glibc/sysroots/x86_64-linux/lib -Wl,-rpath,/jenhome/jenkins/jobs/LE910Cx_Multi_DAILY/workspace/build/apps_proc/poky/build/tmp-glibc/sysroots/x86_64-linux/usr/lib -Wl,-rpath,/jenhome/jenkins/jobs/LE910Cx_Multi_DAILY/workspace/build/apps_proc/poky/build/tmp-glibc/sysroots/x86_64-linux/lib -Wl,-O1 conftest.c  >&5
configure:5929: $? = 0
configure:5937: result: yes
configure:5945: checking for alloca
configure:5982: gcc  -o conftest -isystem/jenhome/jenkins/jobs/LE910Cx_Multi_DAILY/workspace/build/apps_proc/poky/build/tmp-glibc/sysroots/x86_64-linux/usr/include -O2 -pipe  -static-libstdc++ -static-libgcc -L/jenhome/jenkins/jobs/LE910Cx_Multi_DAILY/workspace/build/apps_proc/poky/build/tmp-glibc/sysroots/x86_64-linux/usr/lib -L/jenhome/jenkins/jobs/LE910Cx_Multi_DAILY/workspace/build/apps_proc/poky/build/tmp-glibc/sysroots/x86_64-linux/lib -Wl,-rpath-link,/jenhome/jenkins/jobs/LE910Cx_Multi_DAILY/workspace/build/apps_proc/poky/build/tmp-glibc/sysroots/x86_64-linux/usr/lib -Wl,-rpath-link,/jenhome/jenkins/jobs/LE910Cx_Multi_DAILY/workspace/build/apps_proc/poky/build/tmp-glibc/sysroots/x86_64-linux/lib -Wl,-rpath,/jenhome/jenkins/jobs/LE910Cx_Multi_DAILY/workspace/build/apps_proc/poky/build/tmp-glibc/sysroots/x86_64-linux/usr/lib -Wl,-rpath,/jenhome/jenkins/jobs/LE910Cx_Multi_DAILY/workspace/build/apps_proc/poky/build/tmp-glibc/sysroots/x86_64-linux/lib -Wl,-O1 conftest.c  >&5
configure:5982: $? = 0
configure:5990: result: yes
configure:6100: checking for ANSI C header files
configure:6204: result: yes
configure:6213: checking for nl_langinfo and CODESET
configure:6229: gcc  -o conftest -isystem/jenhome/jenkins/jobs/LE910Cx_Multi_DAILY/workspace/build/apps_proc/poky/build/tmp-glibc/sysroots/x86_64-linux/usr/include -O2 -pipe  -static-libstdc++ -static-libgcc -L/jenhome/jenkins/jobs/LE910Cx_Multi_DAILY/workspace/build/apps_proc/poky/build/tmp-glibc/sysroots/x86_64-linux/usr/lib -L/jenhome/jenkins/jobs/LE910Cx_Multi_DAILY/workspace/build/apps_proc/poky/build/tmp-glibc/sysroots/x86_64-linux/lib -Wl,-rpath-link,/jenhome/jenkins/jobs/LE910Cx_Multi_DAILY/workspace/build/apps_proc/poky/build/tmp-glibc/sysroots/x86_64-linux/usr/lib -Wl,-rpath-link,/jenhome/jenkins/jobs/LE910Cx_Multi_DAILY/workspace/build/apps_proc/poky/build/tmp-glibc/sysroots/x86_64-linux/lib -Wl,-rpath,/jenhome/jenkins/jobs/LE910Cx_Multi_DAILY/workspace/build/apps_proc/poky/build/tmp-glibc/sysroots/x86_64-linux/usr/lib -Wl,-rpath,/jenhome/jenkins/jobs/LE910Cx_Multi_DAILY/workspace/build/apps_proc/poky/build/tmp-glibc/sysroots/x86_64-linux/lib -Wl,-O1 conftest.c  >&5
configure:6229: $? = 0
configure:6238: result: yes
configure:6259: checking whether NLS is requested
configure:6262: result: no
configure:6317: checking for uchar
configure:6336: gcc  -c -isystem/jenhome/jenkins/jobs/LE910Cx_Multi_DAILY/workspace/build/apps_proc/poky/build/tmp-glibc/sysroots/x86_64-linux/usr/include -O2 -pipe  conftest.c >&5
conftest.c: In function 'main':
conftest.c:86:6: error: 'uchar' undeclared (first use in this function)
 if ((uchar *)0) return 0;
      ^
conftest.c:86:6: note: each undeclared identifier is reported only once for each function it appears in
conftest.c:86:13: error: expected expression before ')' token
 if ((uchar *)0) return 0;
             ^
configure:6336: $? = 1
configure: failed program was:
| /* confdefs.h */
| #define PACKAGE_NAME "cpplib"
| #define PACKAGE_TARNAME "cpplib"
| #define PACKAGE_VERSION " "
| #define PACKAGE_STRING "cpplib  "
| #define PACKAGE_BUGREPORT "gcc-bugs@gcc.gnu.org"
| #define PACKAGE_URL ""
| #define STDC_HEADERS 1
| #define HAVE_SYS_TYPES_H 1
| #define HAVE_SYS_STAT_H 1
| #define HAVE_STDLIB_H 1
| #define HAVE_STRING_H 1
| #define HAVE_MEMORY_H 1
| #define HAVE_STRINGS_H 1
| #define HAVE_INTTYPES_H 1
| #define HAVE_STDINT_H 1
| #define HAVE_UNISTD_H 1
| #define __EXTENSIONS__ 1
| #define _ALL_SOURCE 1
| #define _GNU_SOURCE 1
| #define _POSIX_PTHREAD_SEMANTICS 1
| #define _TANDEM_SOURCE 1
| #define TIME_WITH_SYS_TIME 1
| #define STRING_WITH_STRINGS 1
| #define HAVE_LOCALE_H 1
| #define HAVE_FCNTL_H 1
| #define HAVE_LIMITS_H 1
| #define HAVE_STDDEF_H 1
| #define HAVE_STDLIB_H 1
| #define HAVE_STRINGS_H 1
| #define HAVE_STRING_H 1
| #define HAVE_SYS_FILE_H 1
| #define HAVE_UNISTD_H 1
| #define HAVE_OBSTACK 1
| #define HAVE_UINTPTR_T 1
| #define SIZEOF_INT 4
| #define SIZEOF_LONG 8
| #define HAVE_CLEARERR_UNLOCKED 1
| #define HAVE_FEOF_UNLOCKED 1
| #define HAVE_FERROR_UNLOCKED 1
| #define HAVE_FFLUSH_UNLOCKED 1
| #define HAVE_FGETC_UNLOCKED 1
| #define HAVE_FGETS_UNLOCKED 1
| #define HAVE_FILENO_UNLOCKED 1
| #define HAVE_FPUTC_UNLOCKED 1
| #define HAVE_FPUTS_UNLOCKED 1
| #define HAVE_FREAD_UNLOCKED 1
| #define HAVE_FWRITE_UNLOCKED 1
| #define HAVE_GETCHAR_UNLOCKED 1
| #define HAVE_GETC_UNLOCKED 1
| #define HAVE_PUTCHAR_UNLOCKED 1
| #define HAVE_PUTC_UNLOCKED 1
| #define HAVE_DECL_ABORT 1
| #define HAVE_DECL_ASPRINTF 1
| #define HAVE_DECL_BASENAME 1
| #define HAVE_DECL_ERRNO 0
| #define HAVE_DECL_GETOPT 1
| #define HAVE_DECL_VASPRINTF 1
| #define HAVE_DECL_CLEARERR_UNLOCKED 1
| #define HAVE_DECL_FEOF_UNLOCKED 1
| #define HAVE_DECL_FERROR_UNLOCKED 1
| #define HAVE_DECL_FFLUSH_UNLOCKED 1
| #define HAVE_DECL_FGETC_UNLOCKED 1
| #define HAVE_DECL_FGETS_UNLOCKED 1
| #define HAVE_DECL_FILENO_UNLOCKED 1
| #define HAVE_DECL_FPRINTF_UNLOCKED 0
| #define HAVE_DECL_FPUTC_UNLOCKED 1
| #define HAVE_DECL_FPUTS_UNLOCKED 1
| #define HAVE_DECL_FREAD_UNLOCKED 1
| #define HAVE_DECL_FWRITE_UNLOCKED 1
| #define HAVE_DECL_GETCHAR_UNLOCKED 1
| #define HAVE_DECL_GETC_UNLOCKED 1
| #define HAVE_DECL_PUTCHAR_UNLOCKED 1
| #define HAVE_DECL_PUTC_UNLOCKED 1
| #define HAVE_ALLOCA_H 1
| #define HAVE_ALLOCA 1
| #define STDC_HEADERS 1
| #define HAVE_LANGINFO_CODESET 1
| /* end confdefs.h.  */
| 
| #include <sys/types.h>
| 
| int
| main ()
| {
| if ((uchar *)0) return 0;
|  if (sizeof(uchar)) return 0;
|   ;
|   return 0;
| }
configure:6343: result: 
configure:6399: checking for ld used by GCC
configure:6462: result: ld 
configure:6469: checking if the linker (ld ) is GNU ld
GNU ld (GNU Binutils for Ubuntu) 2.24
configure:6481: result: yes
configure:6487: checking for shared library run path origin
configure:6500: result: done
configure:6930: checking for iconv
configure:6952: g++  -o conftest -isystem/jenhome/jenkins/jobs/LE910Cx_Multi_DAILY/workspace/build/apps_proc/poky/build/tmp-glibc/sysroots/x86_64-linux/usr/include -O2 -pipe  -static-libstdc++ -static-libgcc -L/jenhome/jenkins/jobs/LE910Cx_Multi_DAILY/workspace/build/apps_proc/poky/build/tmp-glibc/sysroots/x86_64-linux/usr/lib -L/jenhome/jenkins/jobs/LE910Cx_Multi_DAILY/workspace/build/apps_proc/poky/build/tmp-glibc/sysroots/x86_64-linux/lib -Wl,-rpath-link,/jenhome/jenkins/jobs/LE910Cx_Multi_DAILY/workspace/build/apps_proc/poky/build/tmp-glibc/sysroots/x86_64-linux/usr/lib -Wl,-rpath-link,/jenhome/jenkins/jobs/LE910Cx_Multi_DAILY/workspace/build/apps_proc/poky/build/tmp-glibc/sysroots/x86_64-linux/lib -Wl,-rpath,/jenhome/jenkins/jobs/LE910Cx_Multi_DAILY/workspace/build/apps_proc/poky/build/tmp-glibc/sysroots/x86_64-linux/usr/lib -Wl,-rpath,/jenhome/jenkins/jobs/LE910Cx_Multi_DAILY/workspace/build/apps_proc/poky/build/tmp-glibc/sysroots/x86_64-linux/lib -Wl,-O1 conftest.cpp  >&5
configure:6952: $? = 0
configure:6984: result: yes
configure:7005: checking for iconv declaration
configure:7034: g++  -c -isystem/jenhome/jenkins/jobs/LE910Cx_Multi_DAILY/workspace/build/apps_proc/poky/build/tmp-glibc/sysroots/x86_64-linux/usr/include -O2 -pipe  conftest.cpp >&5
configure:7034: $? = 0
configure:7045: result: install-shextern size_t iconv (iconv_t cd, char * *inbuf, size_t *inbytesleft, char * *outbuf, size_t *outbytesleft);
configure:7291: updating cache ./config.cache
configure:7329: creating ./config.status

## ---------------------- ##
## Running config.status. ##
## ---------------------- ##

This file was extended by cpplib config.status  , which was
generated by GNU Autoconf 2.64.  Invocation command line was

  CONFIG_FILES    = 
  CONFIG_HEADERS  = 
  CONFIG_LINKS    = 
  CONFIG_COMMANDS = 
  $ ./config.status 

on srv-krs-jen05

config.status:929: creating Makefile
config.status:929: creating config.h
config.status:1102: executing depdir commands

## ---------------- ##
## Cache variables. ##
## ---------------- ##

ac_cv_build=x86_64-pc-linux-gnu
ac_cv_c_bigendian=no
ac_cv_c_compiler_gnu=yes
ac_cv_c_const=yes
ac_cv_c_inline=inline
ac_cv_cxx_compiler_gnu=yes
ac_cv_env_CCC_set=
ac_cv_env_CCC_value=
ac_cv_env_CC_set=set
ac_cv_env_CC_value='gcc '
ac_cv_env_CFLAGS_set=set
ac_cv_env_CFLAGS_value='-isystem/jenhome/jenkins/jobs/LE910Cx_Multi_DAILY/workspace/build/apps_proc/poky/build/tmp-glibc/sysroots/x86_64-linux/usr/include -O2 -pipe'
ac_cv_env_CPPFLAGS_set=set
ac_cv_env_CPPFLAGS_value=
ac_cv_env_CPP_set=set
ac_cv_env_CPP_value='gcc -E '
ac_cv_env_CXXFLAGS_set=set
ac_cv_env_CXXFLAGS_value='-isystem/jenhome/jenkins/jobs/LE910Cx_Multi_DAILY/workspace/build/apps_proc/poky/build/tmp-glibc/sysroots/x86_64-linux/usr/include -O2 -pipe'
ac_cv_env_CXX_set=set
ac_cv_env_CXX_value='g++ '
ac_cv_env_LDFLAGS_set=set
ac_cv_env_LDFLAGS_value='-static-libstdc++ -static-libgcc -L/jenhome/jenkins/jobs/LE910Cx_Multi_DAILY/workspace/build/apps_proc/poky/build/tmp-glibc/sysroots/x86_64-linux/usr/lib -L/jenhome/jenkins/jobs/LE910Cx_Multi_DAILY/workspace/build/apps_proc/poky/build/tmp-glibc/sysroots/x86_64-linux/lib -Wl,-rpath-link,/jenhome/jenkins/jobs/LE910Cx_Multi_DAILY/workspace/build/apps_proc/poky/build/tmp-glibc/sysroots/x86_64-linux/usr/lib -Wl,-rpath-link,/jenhome/jenkins/jobs/LE910Cx_Multi_DAILY/workspace/build/apps_proc/poky/build/tmp-glibc/sysroots/x86_64-linux/lib -Wl,-rpath,/jenhome/jenkins/jobs/LE910Cx_Multi_DAILY/workspace/build/apps_proc/poky/build/tmp-glibc/sysroots/x86_64-linux/usr/lib -Wl,-rpath,/jenhome/jenkins/jobs/LE910Cx_Multi_DAILY/workspace/build/apps_proc/poky/build/tmp-glibc/sysroots/x86_64-linux/lib -Wl,-O1'
ac_cv_env_LIBS_set=
ac_cv_env_LIBS_value=
ac_cv_env_build_alias_set=set
ac_cv_env_build_alias_value=x86_64-linux
ac_cv_env_host_alias_set=set
ac_cv_env_host_alias_value=x86_64-linux
ac_cv_env_target_alias_set=set
ac_cv_env_target_alias_value=arm-oe-linux-gnueabi
ac_cv_func_alloca_works=yes
ac_cv_func_clearerr_unlocked=yes
ac_cv_func_feof_unlocked=yes
ac_cv_func_ferror_unlocked=yes
ac_cv_func_fflush_unlocked=yes
ac_cv_func_fgetc_unlocked=yes
ac_cv_func_fgets_unlocked=yes
ac_cv_func_fileno_unlocked=yes
ac_cv_func_fprintf_unlocked=no
ac_cv_func_fputc_unlocked=yes
ac_cv_func_fputs_unlocked=yes
ac_cv_func_fread_unlocked=yes
ac_cv_func_fwrite_unlocked=yes
ac_cv_func_getc_unlocked=yes
ac_cv_func_getchar_unlocked=yes
ac_cv_func_obstack=yes
ac_cv_func_putc_unlocked=yes
ac_cv_func_putchar_unlocked=yes
ac_cv_have_decl_abort=yes
ac_cv_have_decl_asprintf=yes
ac_cv_have_decl_basename_char_p_=yes
ac_cv_have_decl_clearerr_unlocked=yes
ac_cv_have_decl_errno=no
ac_cv_have_decl_feof_unlocked=yes
ac_cv_have_decl_ferror_unlocked=yes
ac_cv_have_decl_fflush_unlocked=yes
ac_cv_have_decl_fgetc_unlocked=yes
ac_cv_have_decl_fgets_unlocked=yes
ac_cv_have_decl_fileno_unlocked=yes
ac_cv_have_decl_fprintf_unlocked=no
ac_cv_have_decl_fputc_unlocked=yes
ac_cv_have_decl_fputs_unlocked=yes
ac_cv_have_decl_fread_unlocked=yes
ac_cv_have_decl_fwrite_unlocked=yes
ac_cv_have_decl_getc_unlocked=yes
ac_cv_have_decl_getchar_unlocked=yes
ac_cv_have_decl_getopt=yes
ac_cv_have_decl_putc_unlocked=yes
ac_cv_have_decl_putchar_unlocked=yes
ac_cv_have_decl_vasprintf=yes
ac_cv_header_fcntl_h=yes
ac_cv_header_inttypes_h=yes
ac_cv_header_limits_h=yes
ac_cv_header_locale_h=yes
ac_cv_header_memory_h=yes
ac_cv_header_minix_config_h=no
ac_cv_header_stdc=yes
ac_cv_header_stddef_h=yes
ac_cv_header_stdint_h=yes
ac_cv_header_stdlib_h=yes
ac_cv_header_string_h=yes
ac_cv_header_strings_h=yes
ac_cv_header_sys_file_h=yes
ac_cv_header_sys_stat_h=yes
ac_cv_header_sys_types_h=yes
ac_cv_header_time=yes
ac_cv_header_unistd_h=yes
ac_cv_host=x86_64-pc-linux-gnu
ac_cv_objext=o
ac_cv_path_EGREP='/bin/grep -E'
ac_cv_path_GREP=/bin/grep
ac_cv_path_install='/usr/bin/install -c'
ac_cv_prog_ACLOCAL=aclocal
ac_cv_prog_AUTOCONF=autoconf
ac_cv_prog_AUTOHEADER=autoheader
ac_cv_prog_CC='gcc '
ac_cv_prog_CPP='gcc -E '
ac_cv_prog_RANLIB=ranlib
ac_cv_prog_cc_c89=
ac_cv_prog_cc_g=yes
ac_cv_prog_cxx_g=yes
ac_cv_prog_make_make_set=yes
ac_cv_safe_to_define___extensions__=yes
ac_cv_sizeof_int=4
ac_cv_sizeof_long=8
ac_cv_struct_tm=time.h
ac_cv_sys_file_offset_bits=no
ac_cv_sys_largefile_CC=no
ac_cv_target=arm-oe-linux-gnueabi
ac_cv_type_off_t=yes
ac_cv_type_ptrdiff_t=yes
ac_cv_type_size_t=yes
ac_cv_type_ssize_t=yes
ac_cv_type_uchar=no
ac_cv_type_uintptr_t=yes
ac_cv_working_alloca_h=yes
acl_cv_hardcode_direct=no
acl_cv_hardcode_libdir_flag_spec='${wl}-rpath ${wl}$libdir'
acl_cv_hardcode_libdir_separator=
acl_cv_hardcode_minus_L=no
acl_cv_libext=a
acl_cv_path_LD='ld '
acl_cv_prog_gnu_ld=yes
acl_cv_rpath=done
acl_cv_shlibext=so
acl_cv_wl=-Wl,
acx_cv_prog_cc_pedantic__Wlong_long=yes
acx_cv_prog_cc_warning__W=yes
acx_cv_prog_cc_warning__Wall=yes
acx_cv_prog_cc_warning__Wcpp_compat=yes
acx_cv_prog_cc_warning__Wmissing_format_attribute=yes
acx_cv_prog_cc_warning__Wmissing_prototypes=yes
acx_cv_prog_cc_warning__Wnarrowing=yes
acx_cv_prog_cc_warning__Wold_style_definition=yes
acx_cv_prog_cc_warning__Wstrict_prototypes=yes
acx_cv_prog_cc_warning__Wwrite_strings=yes
acx_cv_prog_cc_warning__fno_exceptions=yes
acx_cv_prog_cc_warning__fno_rtti=yes
am_cv_CXX_dependencies_compiler_type=gcc3
am_cv_func_iconv=yes
am_cv_langinfo_codeset=yes
am_cv_lib_iconv=no
am_cv_proto_iconv='extern size_t iconv (iconv_t cd, char * *inbuf, size_t *inbytesleft, char * *outbuf, size_t *outbytesleft);'
am_cv_proto_iconv_arg1=
gcc_cv_collect2_libs='none required'
gcc_cv_header_string=yes
lt_cv_sys_lib_dlsearch_path_spec='/jenhome/jenkins/jobs/LE910Cx_Multi_DAILY/workspace/build/apps_proc/poky/build/tmp-glibc/sysroots/x86_64-linux/usr/lib/arm-oe-linux-gnueabi /jenhome/jenkins/jobs/LE910Cx_Multi_DAILY/workspace/build/apps_proc/poky/build/tmp-glibc/sysroots/x86_64-linux/lib'

## ----------------- ##
## Output variables. ##
## ----------------- ##

ACLOCAL='aclocal'
ALLOCA=''
AUTOCONF='autoconf'
AUTOHEADER='autoheader'
CATALOGS=''
CATOBJEXT=''
CC='gcc '
CFLAGS='-isystem/jenhome/jenkins/jobs/LE910Cx_Multi_DAILY/workspace/build/apps_proc/poky/build/tmp-glibc/sysroots/x86_64-linux/usr/include -O2 -pipe'
CPP='gcc -E '
CPPFLAGS=''
CXX='g++ '
CXXDEPMODE='depmode=gcc3'
CXXFLAGS='-isystem/jenhome/jenkins/jobs/LE910Cx_Multi_DAILY/workspace/build/apps_proc/poky/build/tmp-glibc/sysroots/x86_64-linux/usr/include -O2 -pipe'
DATADIRNAME=''
DEFS='-DHAVE_CONFIG_H'
DEPDIR='.deps'
ECHO_C=''
ECHO_N='-n'
ECHO_T=''
EGREP='/bin/grep -E'
EXEEXT=''
GENCAT=''
GMSGFMT='/jenhome/jenkins/jobs/LE910Cx_Multi_DAILY/workspace/build/apps_proc/poky/build/tmp-glibc/sysroots/x86_64-linux/usr/bin/msgfmt'
GREP='/bin/grep'
INCINTL=''
INSTALL_DATA='${INSTALL} -m 644'
INSTALL_PROGRAM='${INSTALL}'
INSTALL_SCRIPT='${INSTALL}'
INSTOBJEXT=''
LDFLAGS='-static-libstdc++ -static-libgcc -L/jenhome/jenkins/jobs/LE910Cx_Multi_DAILY/workspace/build/apps_proc/poky/build/tmp-glibc/sysroots/x86_64-linux/usr/lib -L/jenhome/jenkins/jobs/LE910Cx_Multi_DAILY/workspace/build/apps_proc/poky/build/tmp-glibc/sysroots/x86_64-linux/lib -Wl,-rpath-link,/jenhome/jenkins/jobs/LE910Cx_Multi_DAILY/workspace/build/apps_proc/poky/build/tmp-glibc/sysroots/x86_64-linux/usr/lib -Wl,-rpath-link,/jenhome/jenkins/jobs/LE910Cx_Multi_DAILY/workspace/build/apps_proc/poky/build/tmp-glibc/sysroots/x86_64-linux/lib -Wl,-rpath,/jenhome/jenkins/jobs/LE910Cx_Multi_DAILY/workspace/build/apps_proc/poky/build/tmp-glibc/sysroots/x86_64-linux/usr/lib -Wl,-rpath,/jenhome/jenkins/jobs/LE910Cx_Multi_DAILY/workspace/build/apps_proc/poky/build/tmp-glibc/sysroots/x86_64-linux/lib -Wl,-O1'
LIBICONV=''
LIBINTL=''
LIBINTL_DEP=''
LIBOBJS=''
LIBS=''
LTLIBICONV=''
LTLIBOBJS=''
MAINT='#'
OBJEXT='o'
PACKAGE='cpplib'
PACKAGE_BUGREPORT='gcc-bugs@gcc.gnu.org'
PACKAGE_NAME='cpplib'
PACKAGE_STRING='cpplib  '
PACKAGE_TARNAME='cpplib'
PACKAGE_URL=''
PACKAGE_VERSION=' '
PATH_SEPARATOR=':'
PICFLAG=''
POSUB=''
RANLIB='ranlib'
SET_MAKE=''
SHELL='/bin/sh'
USED_CATALOGS=''
USE_NLS='no'
WARN_PEDANTIC='-pedantic -Wno-long-long'
WERROR=''
XGETTEXT='/jenhome/jenkins/jobs/LE910Cx_Multi_DAILY/workspace/build/apps_proc/poky/build/tmp-glibc/sysroots/x86_64-linux/usr/bin/xgettext'
ac_ct_CC=''
ac_ct_CXX=''
am__leading_dot='.'
bindir='/jenhome/jenkins/jobs/LE910Cx_Multi_DAILY/workspace/build/apps_proc/poky/build/tmp-glibc/sysroots/x86_64-linux/usr/bin/arm-oe-linux-gnueabi'
build='x86_64-pc-linux-gnu'
build_alias='x86_64-linux'
build_cpu='x86_64'
build_os='linux-gnu'
build_vendor='pc'
c_warn='-Wstrict-prototypes -Wmissing-prototypes -Wold-style-definition -Wc++-compat'
datadir='/jenhome/jenkins/jobs/LE910Cx_Multi_DAILY/workspace/build/apps_proc/poky/build/tmp-glibc/sysroots/x86_64-linux/usr/share'
datarootdir='${prefix}/share'
docdir='${datarootdir}/doc/${PACKAGE_TARNAME}'
dvidir='${docdir}'
exec_prefix='/jenhome/jenkins/jobs/LE910Cx_Multi_DAILY/workspace/build/apps_proc/poky/build/tmp-glibc/sysroots/x86_64-linux/usr'
host='x86_64-pc-linux-gnu'
host_alias='x86_64-linux'
host_cpu='x86_64'
host_os='linux-gnu'
host_vendor='pc'
htmldir='${docdir}'
includedir='/jenhome/jenkins/jobs/LE910Cx_Multi_DAILY/workspace/build/apps_proc/poky/build/tmp-glibc/sysroots/x86_64-linux/usr/include'
infodir='/jenhome/jenkins/jobs/LE910Cx_Multi_DAILY/workspace/build/apps_proc/poky/build/tmp-glibc/sysroots/x86_64-linux/usr/share/info'
libdir='/jenhome/jenkins/jobs/LE910Cx_Multi_DAILY/workspace/build/apps_proc/poky/build/tmp-glibc/sysroots/x86_64-linux/usr/lib/arm-oe-linux-gnueabi'
libexecdir='/jenhome/jenkins/jobs/LE910Cx_Multi_DAILY/workspace/build/apps_proc/poky/build/tmp-glibc/sysroots/x86_64-linux/usr/libexec/arm-oe-linux-gnueabi'
localedir='${datarootdir}/locale'
localstatedir='/jenhome/jenkins/jobs/LE910Cx_Multi_DAILY/workspace/build/apps_proc/poky/build/tmp-glibc/sysroots/x86_64-linux/var'
mandir='/jenhome/jenkins/jobs/LE910Cx_Multi_DAILY/workspace/build/apps_proc/poky/build/tmp-glibc/sysroots/x86_64-linux/usr/share/man'
noexception_flags='-fno-exceptions -fno-rtti'
oldincludedir='/jenhome/jenkins/jobs/LE910Cx_Multi_DAILY/workspace/build/apps_proc/poky/build/tmp-glibc/sysroots/x86_64-linux/usr/include'
pdfdir='${docdir}'
prefix='/jenhome/jenkins/jobs/LE910Cx_Multi_DAILY/workspace/build/apps_proc/poky/build/tmp-glibc/sysroots/x86_64-linux/usr'
program_transform_name='s&^&arm-oe-linux-gnueabi-&'
psdir='${docdir}'
sbindir='/jenhome/jenkins/jobs/LE910Cx_Multi_DAILY/workspace/build/apps_proc/poky/build/tmp-glibc/sysroots/x86_64-linux/usr/bin/arm-oe-linux-gnueabi'
sharedstatedir='/jenhome/jenkins/jobs/LE910Cx_Multi_DAILY/workspace/build/apps_proc/poky/build/tmp-glibc/sysroots/x86_64-linux/com'
sysconfdir='/jenhome/jenkins/jobs/LE910Cx_Multi_DAILY/workspace/build/apps_proc/poky/build/tmp-glibc/sysroots/x86_64-linux/etc'
target='arm-oe-linux-gnueabi'
target_alias='arm-oe-linux-gnueabi'
target_cpu='arm'
target_os='linux-gnueabi'
target_vendor='oe'
warn='-W -Wall -Wno-narrowing -Wwrite-strings -Wmissing-format-attribute'

## ----------- ##
## confdefs.h. ##
## ----------- ##

/* confdefs.h */
#define PACKAGE_NAME "cpplib"
#define PACKAGE_TARNAME "cpplib"
#define PACKAGE_VERSION " "
#define PACKAGE_STRING "cpplib  "
#define PACKAGE_BUGREPORT "gcc-bugs@gcc.gnu.org"
#define PACKAGE_URL ""
#define STDC_HEADERS 1
#define HAVE_SYS_TYPES_H 1
#define HAVE_SYS_STAT_H 1
#define HAVE_STDLIB_H 1
#define HAVE_STRING_H 1
#define HAVE_MEMORY_H 1
#define HAVE_STRINGS_H 1
#define HAVE_INTTYPES_H 1
#define HAVE_STDINT_H 1
#define HAVE_UNISTD_H 1
#define __EXTENSIONS__ 1
#define _ALL_SOURCE 1
#define _GNU_SOURCE 1
#define _POSIX_PTHREAD_SEMANTICS 1
#define _TANDEM_SOURCE 1
#define TIME_WITH_SYS_TIME 1
#define STRING_WITH_STRINGS 1
#define HAVE_LOCALE_H 1
#define HAVE_FCNTL_H 1
#define HAVE_LIMITS_H 1
#define HAVE_STDDEF_H 1
#define HAVE_STDLIB_H 1
#define HAVE_STRINGS_H 1
#define HAVE_STRING_H 1
#define HAVE_SYS_FILE_H 1
#define HAVE_UNISTD_H 1
#define HAVE_OBSTACK 1
#define HAVE_UINTPTR_T 1
#define SIZEOF_INT 4
#define SIZEOF_LONG 8
#define HAVE_CLEARERR_UNLOCKED 1
#define HAVE_FEOF_UNLOCKED 1
#define HAVE_FERROR_UNLOCKED 1
#define HAVE_FFLUSH_UNLOCKED 1
#define HAVE_FGETC_UNLOCKED 1
#define HAVE_FGETS_UNLOCKED 1
#define HAVE_FILENO_UNLOCKED 1
#define HAVE_FPUTC_UNLOCKED 1
#define HAVE_FPUTS_UNLOCKED 1
#define HAVE_FREAD_UNLOCKED 1
#define HAVE_FWRITE_UNLOCKED 1
#define HAVE_GETCHAR_UNLOCKED 1
#define HAVE_GETC_UNLOCKED 1
#define HAVE_PUTCHAR_UNLOCKED 1
#define HAVE_PUTC_UNLOCKED 1
#define HAVE_DECL_ABORT 1
#define HAVE_DECL_ASPRINTF 1
#define HAVE_DECL_BASENAME 1
#define HAVE_DECL_ERRNO 0
#define HAVE_DECL_GETOPT 1
#define HAVE_DECL_VASPRINTF 1
#define HAVE_DECL_CLEARERR_UNLOCKED 1
#define HAVE_DECL_FEOF_UNLOCKED 1
#define HAVE_DECL_FERROR_UNLOCKED 1
#define HAVE_DECL_FFLUSH_UNLOCKED 1
#define HAVE_DECL_FGETC_UNLOCKED 1
#define HAVE_DECL_FGETS_UNLOCKED 1
#define HAVE_DECL_FILENO_UNLOCKED 1
#define HAVE_DECL_FPRINTF_UNLOCKED 0
#define HAVE_DECL_FPUTC_UNLOCKED 1
#define HAVE_DECL_FPUTS_UNLOCKED 1
#define HAVE_DECL_FREAD_UNLOCKED 1
#define HAVE_DECL_FWRITE_UNLOCKED 1
#define HAVE_DECL_GETCHAR_UNLOCKED 1
#define HAVE_DECL_GETC_UNLOCKED 1
#define HAVE_DECL_PUTCHAR_UNLOCKED 1
#define HAVE_DECL_PUTC_UNLOCKED 1
#define HAVE_ALLOCA_H 1
#define HAVE_ALLOCA 1
#define STDC_HEADERS 1
#define HAVE_LANGINFO_CODESET 1
#define HAVE_ICONV 1
#define ICONV_CONST 
#define PACKAGE "cpplib"
#define ENABLE_CANONICAL_SYSTEM_HEADERS 1
#define HOST_WIDE_INT long

configure: exit 0
