This file contains any messages produced by compilers while
running configure, to aid debugging if configure makes a mistake.

It was created by configure, which was
generated by GNU Autoconf 2.64.  Invocation command line was

  $ /jenhome/jenkins/jobs/LE910Cx_Multi_DAILY/workspace/build/apps_proc/poky/build/tmp-glibc/work-shared/gcc-4.9.3-r0/gcc-4.9.3/gcc/configure --cache-file=./config.cache --with-system-zlib --prefix=/jenhome/jenkins/jobs/LE910Cx_Multi_DAILY/workspace/build/apps_proc/poky/build/tmp-glibc/sysroots/x86_64-linux/usr --exec_prefix=/jenhome/jenkins/jobs/LE910Cx_Multi_DAILY/workspace/build/apps_proc/poky/build/tmp-glibc/sysroots/x86_64-linux/usr --bindir=/jenhome/jenkins/jobs/LE910Cx_Multi_DAILY/workspace/build/apps_proc/poky/build/tmp-glibc/sysroots/x86_64-linux/usr/bin/arm-oe-linux-gnueabi --sbindir=/jenhome/jenkins/jobs/LE910Cx_Multi_DAILY/workspace/build/apps_proc/poky/build/tmp-glibc/sysroots/x86_64-linux/usr/bin/arm-oe-linux-gnueabi --libexecdir=/jenhome/jenkins/jobs/LE910Cx_Multi_DAILY/workspace/build/apps_proc/poky/build/tmp-glibc/sysroots/x86_64-linux/usr/libexec/arm-oe-linux-gnueabi --datadir=/jenhome/jenkins/jobs/LE910Cx_Multi_DAILY/workspace/build/apps_proc/poky/build/tmp-glibc/sysroots/x86_64-linux/usr/share --sysconfdir=/jenhome/jenkins/jobs/LE910Cx_Multi_DAILY/workspace/build/apps_proc/poky/build/tmp-glibc/sysroots/x86_64-linux/etc --sharedstatedir=/jenhome/jenkins/jobs/LE910Cx_Multi_DAILY/workspace/build/apps_proc/poky/build/tmp-glibc/sysroots/x86_64-linux/com --localstatedir=/jenhome/jenkins/jobs/LE910Cx_Multi_DAILY/workspace/build/apps_proc/poky/build/tmp-glibc/sysroots/x86_64-linux/var --libdir=/jenhome/jenkins/jobs/LE910Cx_Multi_DAILY/workspace/build/apps_proc/poky/build/tmp-glibc/sysroots/x86_64-linux/usr/lib/arm-oe-linux-gnueabi --includedir=/jenhome/jenkins/jobs/LE910Cx_Multi_DAILY/workspace/build/apps_proc/poky/build/tmp-glibc/sysroots/x86_64-linux/usr/include --oldincludedir=/jenhome/jenkins/jobs/LE910Cx_Multi_DAILY/workspace/build/apps_proc/poky/build/tmp-glibc/sysroots/x86_64-linux/usr/include --infodir=/jenhome/jenkins/jobs/LE910Cx_Multi_DAILY/workspace/build/apps_proc/poky/build/tmp-glibc/sysroots/x86_64-linux/usr/share/info --mandir=/jenhome/jenkins/jobs/LE910Cx_Multi_DAILY/workspace/build/apps_proc/poky/build/tmp-glibc/sysroots/x86_64-linux/usr/share/man --disable-silent-rules --disable-dependency-tracking --with-libtool-sysroot=/jenhome/jenkins/jobs/LE910Cx_Multi_DAILY/workspace/build/apps_proc/poky/build/tmp-glibc/sysroots/x86_64-linux --enable-clocale=generic --with-gnu-ld --enable-shared --enable-threads=posix --disable-multilib --enable-c99 --enable-long-long --enable-symvers=gnu --enable-libstdcxx-pch --without-local-prefix --enable-target-optspace --enable-lto --enable-libssp --disable-bootstrap --disable-libmudflap --with-linker-hash-style=gnu --enable-linker-build-id --with-ppl=no --with-cloog=no --enable-checking=release --enable-cheaders=c_global --with-gxx-include-dir=/not/exist/usr/include/c++/4.9.3 --with-sysroot=/not/exist --with-build-sysroot=/jenhome/jenkins/jobs/LE910Cx_Multi_DAILY/workspace/build/apps_proc/poky/build/tmp-glibc/sysroots/mdm9607 --enable-poison-system-directories --with-mpfr=/jenhome/jenkins/jobs/LE910Cx_Multi_DAILY/workspace/build/apps_proc/poky/build/tmp-glibc/sysroots/x86_64-linux/usr --with-system-zlib --disable-nls --with-arch=armv7-a --enable-languages=c,c++,lto --program-transform-name=s&^&arm-oe-linux-gnueabi-& --disable-option-checking --build=x86_64-linux --host=x86_64-linux --target=arm-oe-linux-gnueabi --srcdir=/jenhome/jenkins/jobs/LE910Cx_Multi_DAILY/workspace/build/apps_proc/poky/build/tmp-glibc/work-shared/gcc-4.9.3-r0/gcc-4.9.3/gcc

## --------- ##
## Platform. ##
## --------- ##

hostname = srv-krs-jen05
uname -m = x86_64
uname -r = 4.4.0-148-generic
uname -s = Linux
uname -v = #174~14.04.1-Ubuntu SMP Thu May 9 08:17:37 UTC 2019

/usr/bin/uname -p = unknown
/bin/uname -X     = unknown

/bin/arch              = unknown
/usr/bin/arch -k       = unknown
/usr/convex/getsysinfo = unknown
/usr/bin/hostinfo      = unknown
/bin/machine           = unknown
/usr/bin/oslevel       = unknown
/bin/universe          = unknown

PATH: /jenhome/jenkins/jobs/LE910Cx_Multi_DAILY/workspace/build/apps_proc/poky/build/tmp-glibc/sysroots/x86_64-linux/usr/bin/texinfo-dummy-native
PATH: /jenhome/jenkins/jobs/LE910Cx_Multi_DAILY/workspace/build/apps_proc/poky/scripts
PATH: /jenhome/jenkins/jobs/LE910Cx_Multi_DAILY/workspace/build/apps_proc/poky/build/tmp-glibc/sysroots/x86_64-linux/usr/bin/arm-oe-linux-gnueabi
PATH: /jenhome/jenkins/jobs/LE910Cx_Multi_DAILY/workspace/build/apps_proc/poky/build/tmp-glibc/sysroots/x86_64-linux/jenhome/jenkins/jobs/LE910Cx_Multi_DAILY/workspace/build/apps_proc/poky/build/tmp-glibc/sysroots/x86_64-linux/usr/bin/arm-oe-linux-gnueabi/crossscripts
PATH: /jenhome/jenkins/jobs/LE910Cx_Multi_DAILY/workspace/build/apps_proc/poky/build/tmp-glibc/sysroots/x86_64-linux/usr/sbin
PATH: /jenhome/jenkins/jobs/LE910Cx_Multi_DAILY/workspace/build/apps_proc/poky/build/tmp-glibc/sysroots/x86_64-linux/usr/bin
PATH: /jenhome/jenkins/jobs/LE910Cx_Multi_DAILY/workspace/build/apps_proc/poky/build/tmp-glibc/sysroots/x86_64-linux/sbin
PATH: /jenhome/jenkins/jobs/LE910Cx_Multi_DAILY/workspace/build/apps_proc/poky/build/tmp-glibc/sysroots/x86_64-linux/bin
PATH: /jenhome/jenkins/jobs/LE910Cx_Multi_DAILY/workspace/build/apps_proc/poky/scripts
PATH: /jenhome/jenkins/jobs/LE910Cx_Multi_DAILY/workspace/build/apps_proc/poky/bitbake/bin
PATH: /opt/.pyenv/versions/2.7.5/bin
PATH: /home/TMT/svc_krs_jenkins/bin
PATH: ~/bin
PATH: /opt/rational/clearcase/bin
PATH: /usr/local/sbin
PATH: /usr/local/bin
PATH: /usr/sbin
PATH: /usr/bin
PATH: /sbin
PATH: /bin
PATH: /usr/games
PATH: /usr/local/games


## ----------- ##
## Core tests. ##
## ----------- ##

configure:2979: creating cache ./config.cache
configure:3089: checking build system type
configure:3103: result: x86_64-pc-linux-gnu
configure:3123: checking host system type
configure:3136: result: x86_64-pc-linux-gnu
configure:3156: checking target system type
configure:3169: result: arm-oe-linux-gnueabi
configure:3267: checking LIBRARY_PATH variable
configure:3277: result: ok
configure:3293: checking GCC_EXEC_PREFIX variable
configure:3303: result: ok
configure:3391: checking whether to place generated files in the source directory
configure:3401: result: no
configure:3445: checking whether a default linker was specified
configure:3456: result: no
configure:3503: checking whether a default assembler was specified
configure:3514: result: no
configure:3540: checking for x86_64-linux-gcc
configure:3567: result: gcc 
configure:3836: checking for C compiler version
configure:3845: gcc  --version >&5
gcc (Ubuntu 4.8.4-2ubuntu1~14.04.4) 4.8.4
Copyright (C) 2013 Free Software Foundation, Inc.
This is free software; see the source for copying conditions.  There is NO
warranty; not even for MERCHANTABILITY or FITNESS FOR A PARTICULAR PURPOSE.

configure:3856: $? = 0
configure:3845: gcc  -v >&5
Using built-in specs.
COLLECT_GCC=gcc
COLLECT_LTO_WRAPPER=/usr/lib/gcc/x86_64-linux-gnu/4.8/lto-wrapper
Target: x86_64-linux-gnu
Configured with: ../src/configure -v --with-pkgversion='Ubuntu 4.8.4-2ubuntu1~14.04.4' --with-bugurl=file:///usr/share/doc/gcc-4.8/README.Bugs --enable-languages=c,c++,java,go,d,fortran,objc,obj-c++ --prefix=/usr --program-suffix=-4.8 --enable-shared --enable-linker-build-id --libexecdir=/usr/lib --without-included-gettext --enable-threads=posix --with-gxx-include-dir=/usr/include/c++/4.8 --libdir=/usr/lib --enable-nls --with-sysroot=/ --enable-clocale=gnu --enable-libstdcxx-debug --enable-libstdcxx-time=yes --enable-gnu-unique-object --disable-libmudflap --enable-plugin --with-system-zlib --disable-browser-plugin --enable-java-awt=gtk --enable-gtk-cairo --with-java-home=/usr/lib/jvm/java-1.5.0-gcj-4.8-amd64/jre --enable-java-home --with-jvm-root-dir=/usr/lib/jvm/java-1.5.0-gcj-4.8-amd64 --with-jvm-jar-dir=/usr/lib/jvm-exports/java-1.5.0-gcj-4.8-amd64 --with-arch-directory=amd64 --with-ecj-jar=/usr/share/java/eclipse-ecj.jar --enable-objc-gc --enable-multiarch --disable-werror --with-arch-32=i686 --with-abi=m64 --with-multilib-list=m32,m64,mx32 --with-tune=generic --enable-checking=release --build=x86_64-linux-gnu --host=x86_64-linux-gnu --target=x86_64-linux-gnu
Thread model: posix
gcc version 4.8.4 (Ubuntu 4.8.4-2ubuntu1~14.04.4) 
configure:3856: $? = 0
configure:3845: gcc  -V >&5
gcc: error: unrecognized command line option '-V'
gcc: fatal error: no input files
compilation terminated.
configure:3856: $? = 4
configure:3845: gcc  -qversion >&5
gcc: error: unrecognized command line option '-qversion'
gcc: fatal error: no input files
compilation terminated.
configure:3856: $? = 4
configure:3876: checking for C compiler default output file name
configure:3898: gcc  -isystem/jenhome/jenkins/jobs/LE910Cx_Multi_DAILY/workspace/build/apps_proc/poky/build/tmp-glibc/sysroots/x86_64-linux/usr/include -O2 -pipe  -static-libstdc++ -static-libgcc -L/jenhome/jenkins/jobs/LE910Cx_Multi_DAILY/workspace/build/apps_proc/poky/build/tmp-glibc/sysroots/x86_64-linux/usr/lib -L/jenhome/jenkins/jobs/LE910Cx_Multi_DAILY/workspace/build/apps_proc/poky/build/tmp-glibc/sysroots/x86_64-linux/lib -Wl,-rpath-link,/jenhome/jenkins/jobs/LE910Cx_Multi_DAILY/workspace/build/apps_proc/poky/build/tmp-glibc/sysroots/x86_64-linux/usr/lib -Wl,-rpath-link,/jenhome/jenkins/jobs/LE910Cx_Multi_DAILY/workspace/build/apps_proc/poky/build/tmp-glibc/sysroots/x86_64-linux/lib -Wl,-rpath,/jenhome/jenkins/jobs/LE910Cx_Multi_DAILY/workspace/build/apps_proc/poky/build/tmp-glibc/sysroots/x86_64-linux/usr/lib -Wl,-rpath,/jenhome/jenkins/jobs/LE910Cx_Multi_DAILY/workspace/build/apps_proc/poky/build/tmp-glibc/sysroots/x86_64-linux/lib -Wl,-O1 conftest.c  >&5
configure:3902: $? = 0
configure:3939: result: a.out
configure:3955: checking whether the C compiler works
configure:3964: ./a.out
configure:3968: $? = 0
configure:3983: result: yes
configure:3990: checking whether we are cross compiling
configure:3992: result: no
configure:3995: checking for suffix of executables
configure:4002: gcc  -o conftest -isystem/jenhome/jenkins/jobs/LE910Cx_Multi_DAILY/workspace/build/apps_proc/poky/build/tmp-glibc/sysroots/x86_64-linux/usr/include -O2 -pipe  -static-libstdc++ -static-libgcc -L/jenhome/jenkins/jobs/LE910Cx_Multi_DAILY/workspace/build/apps_proc/poky/build/tmp-glibc/sysroots/x86_64-linux/usr/lib -L/jenhome/jenkins/jobs/LE910Cx_Multi_DAILY/workspace/build/apps_proc/poky/build/tmp-glibc/sysroots/x86_64-linux/lib -Wl,-rpath-link,/jenhome/jenkins/jobs/LE910Cx_Multi_DAILY/workspace/build/apps_proc/poky/build/tmp-glibc/sysroots/x86_64-linux/usr/lib -Wl,-rpath-link,/jenhome/jenkins/jobs/LE910Cx_Multi_DAILY/workspace/build/apps_proc/poky/build/tmp-glibc/sysroots/x86_64-linux/lib -Wl,-rpath,/jenhome/jenkins/jobs/LE910Cx_Multi_DAILY/workspace/build/apps_proc/poky/build/tmp-glibc/sysroots/x86_64-linux/usr/lib -Wl,-rpath,/jenhome/jenkins/jobs/LE910Cx_Multi_DAILY/workspace/build/apps_proc/poky/build/tmp-glibc/sysroots/x86_64-linux/lib -Wl,-O1 conftest.c  >&5
configure:4006: $? = 0
configure:4028: result: 
configure:4034: checking for suffix of object files
configure:4056: gcc  -c -isystem/jenhome/jenkins/jobs/LE910Cx_Multi_DAILY/workspace/build/apps_proc/poky/build/tmp-glibc/sysroots/x86_64-linux/usr/include -O2 -pipe  conftest.c >&5
configure:4060: $? = 0
configure:4081: result: o
configure:4085: checking whether we are using the GNU C compiler
configure:4104: gcc  -c -isystem/jenhome/jenkins/jobs/LE910Cx_Multi_DAILY/workspace/build/apps_proc/poky/build/tmp-glibc/sysroots/x86_64-linux/usr/include -O2 -pipe  conftest.c >&5
configure:4104: $? = 0
configure:4113: result: yes
configure:4122: checking whether gcc  accepts -g
configure:4142: gcc  -c -g  conftest.c >&5
configure:4142: $? = 0
configure:4183: result: yes
configure:4200: checking for gcc  option to accept ISO C89
configure:4264: gcc   -c -isystem/jenhome/jenkins/jobs/LE910Cx_Multi_DAILY/workspace/build/apps_proc/poky/build/tmp-glibc/sysroots/x86_64-linux/usr/include -O2 -pipe  conftest.c >&5
configure:4264: $? = 0
configure:4277: result: none needed
configure:4409: checking for C++ compiler version
configure:4418: g++  --version >&5
g++ (Ubuntu 4.8.4-2ubuntu1~14.04.4) 4.8.4
Copyright (C) 2013 Free Software Foundation, Inc.
This is free software; see the source for copying conditions.  There is NO
warranty; not even for MERCHANTABILITY or FITNESS FOR A PARTICULAR PURPOSE.

configure:4429: $? = 0
configure:4418: g++  -v >&5
Using built-in specs.
COLLECT_GCC=g++
COLLECT_LTO_WRAPPER=/usr/lib/gcc/x86_64-linux-gnu/4.8/lto-wrapper
Target: x86_64-linux-gnu
Configured with: ../src/configure -v --with-pkgversion='Ubuntu 4.8.4-2ubuntu1~14.04.4' --with-bugurl=file:///usr/share/doc/gcc-4.8/README.Bugs --enable-languages=c,c++,java,go,d,fortran,objc,obj-c++ --prefix=/usr --program-suffix=-4.8 --enable-shared --enable-linker-build-id --libexecdir=/usr/lib --without-included-gettext --enable-threads=posix --with-gxx-include-dir=/usr/include/c++/4.8 --libdir=/usr/lib --enable-nls --with-sysroot=/ --enable-clocale=gnu --enable-libstdcxx-debug --enable-libstdcxx-time=yes --enable-gnu-unique-object --disable-libmudflap --enable-plugin --with-system-zlib --disable-browser-plugin --enable-java-awt=gtk --enable-gtk-cairo --with-java-home=/usr/lib/jvm/java-1.5.0-gcj-4.8-amd64/jre --enable-java-home --with-jvm-root-dir=/usr/lib/jvm/java-1.5.0-gcj-4.8-amd64 --with-jvm-jar-dir=/usr/lib/jvm-exports/java-1.5.0-gcj-4.8-amd64 --with-arch-directory=amd64 --with-ecj-jar=/usr/share/java/eclipse-ecj.jar --enable-objc-gc --enable-multiarch --disable-werror --with-arch-32=i686 --with-abi=m64 --with-multilib-list=m32,m64,mx32 --with-tune=generic --enable-checking=release --build=x86_64-linux-gnu --host=x86_64-linux-gnu --target=x86_64-linux-gnu
Thread model: posix
gcc version 4.8.4 (Ubuntu 4.8.4-2ubuntu1~14.04.4) 
configure:4429: $? = 0
configure:4418: g++  -V >&5
g++: error: unrecognized command line option '-V'
g++: fatal error: no input files
compilation terminated.
configure:4429: $? = 4
configure:4418: g++  -qversion >&5
g++: error: unrecognized command line option '-qversion'
g++: fatal error: no input files
compilation terminated.
configure:4429: $? = 4
configure:4433: checking whether we are using the GNU C++ compiler
configure:4452: g++  -c -isystem/jenhome/jenkins/jobs/LE910Cx_Multi_DAILY/workspace/build/apps_proc/poky/build/tmp-glibc/sysroots/x86_64-linux/usr/include -O2 -pipe  conftest.cpp >&5
configure:4452: $? = 0
configure:4461: result: yes
configure:4470: checking whether g++  accepts -g
configure:4490: g++  -c -g  conftest.cpp >&5
configure:4490: $? = 0
configure:4531: result: yes
configure:4560: checking for x86_64-linux-gnatbind
configure:4590: result: no
configure:4600: checking for gnatbind
configure:4630: result: no
configure:4652: checking for x86_64-linux-gnatmake
configure:4682: result: no
configure:4692: checking for gnatmake
configure:4722: result: no
configure:4741: checking whether compiler driver understands Ada
configure:4764: result: no
configure:4872: checking how to run the C preprocessor
configure:4942: result: gcc -E 
configure:4962: gcc -E   conftest.c
configure:4962: $? = 0
configure:4976: gcc -E   conftest.c
conftest.c:9:28: fatal error: ac_nonexistent.h: No such file or directory
 #include <ac_nonexistent.h>
                            ^
compilation terminated.
configure:4976: $? = 1
configure: failed program was:
| /* confdefs.h */
| #define PACKAGE_NAME ""
| #define PACKAGE_TARNAME ""
| #define PACKAGE_VERSION ""
| #define PACKAGE_STRING ""
| #define PACKAGE_BUGREPORT ""
| #define PACKAGE_URL ""
| /* end confdefs.h.  */
| #include <ac_nonexistent.h>
configure:5005: checking for grep that handles long lines and -e
configure:5063: result: /bin/grep
configure:5068: checking for egrep
configure:5130: result: /bin/grep -E
configure:5135: checking for ANSI C header files
configure:5155: gcc  -c -isystem/jenhome/jenkins/jobs/LE910Cx_Multi_DAILY/workspace/build/apps_proc/poky/build/tmp-glibc/sysroots/x86_64-linux/usr/include -pipe   conftest.c >&5
configure:5155: $? = 0
configure:5228: gcc  -o conftest -isystem/jenhome/jenkins/jobs/LE910Cx_Multi_DAILY/workspace/build/apps_proc/poky/build/tmp-glibc/sysroots/x86_64-linux/usr/include -pipe   -static-libstdc++ -static-libgcc -L/jenhome/jenkins/jobs/LE910Cx_Multi_DAILY/workspace/build/apps_proc/poky/build/tmp-glibc/sysroots/x86_64-linux/usr/lib -L/jenhome/jenkins/jobs/LE910Cx_Multi_DAILY/workspace/build/apps_proc/poky/build/tmp-glibc/sysroots/x86_64-linux/lib -Wl,-rpath-link,/jenhome/jenkins/jobs/LE910Cx_Multi_DAILY/workspace/build/apps_proc/poky/build/tmp-glibc/sysroots/x86_64-linux/usr/lib -Wl,-rpath-link,/jenhome/jenkins/jobs/LE910Cx_Multi_DAILY/workspace/build/apps_proc/poky/build/tmp-glibc/sysroots/x86_64-linux/lib -Wl,-rpath,/jenhome/jenkins/jobs/LE910Cx_Multi_DAILY/workspace/build/apps_proc/poky/build/tmp-glibc/sysroots/x86_64-linux/usr/lib -Wl,-rpath,/jenhome/jenkins/jobs/LE910Cx_Multi_DAILY/workspace/build/apps_proc/poky/build/tmp-glibc/sysroots/x86_64-linux/lib -Wl,-O1 conftest.c  >&5
configure:5228: $? = 0
configure:5228: ./conftest
configure:5228: $? = 0
configure:5239: result: yes
configure:5252: checking for sys/types.h
configure:5252: gcc  -c -isystem/jenhome/jenkins/jobs/LE910Cx_Multi_DAILY/workspace/build/apps_proc/poky/build/tmp-glibc/sysroots/x86_64-linux/usr/include -pipe   conftest.c >&5
configure:5252: $? = 0
configure:5252: result: yes
configure:5252: checking for sys/stat.h
configure:5252: gcc  -c -isystem/jenhome/jenkins/jobs/LE910Cx_Multi_DAILY/workspace/build/apps_proc/poky/build/tmp-glibc/sysroots/x86_64-linux/usr/include -pipe   conftest.c >&5
configure:5252: $? = 0
configure:5252: result: yes
configure:5252: checking for stdlib.h
configure:5252: gcc  -c -isystem/jenhome/jenkins/jobs/LE910Cx_Multi_DAILY/workspace/build/apps_proc/poky/build/tmp-glibc/sysroots/x86_64-linux/usr/include -pipe   conftest.c >&5
configure:5252: $? = 0
configure:5252: result: yes
configure:5252: checking for string.h
configure:5252: gcc  -c -isystem/jenhome/jenkins/jobs/LE910Cx_Multi_DAILY/workspace/build/apps_proc/poky/build/tmp-glibc/sysroots/x86_64-linux/usr/include -pipe   conftest.c >&5
configure:5252: $? = 0
configure:5252: result: yes
configure:5252: checking for memory.h
configure:5252: gcc  -c -isystem/jenhome/jenkins/jobs/LE910Cx_Multi_DAILY/workspace/build/apps_proc/poky/build/tmp-glibc/sysroots/x86_64-linux/usr/include -pipe   conftest.c >&5
configure:5252: $? = 0
configure:5252: result: yes
configure:5252: checking for strings.h
configure:5252: gcc  -c -isystem/jenhome/jenkins/jobs/LE910Cx_Multi_DAILY/workspace/build/apps_proc/poky/build/tmp-glibc/sysroots/x86_64-linux/usr/include -pipe   conftest.c >&5
configure:5252: $? = 0
configure:5252: result: yes
configure:5252: checking for inttypes.h
configure:5252: gcc  -c -isystem/jenhome/jenkins/jobs/LE910Cx_Multi_DAILY/workspace/build/apps_proc/poky/build/tmp-glibc/sysroots/x86_64-linux/usr/include -pipe   conftest.c >&5
configure:5252: $? = 0
configure:5252: result: yes
configure:5252: checking for stdint.h
configure:5252: gcc  -c -isystem/jenhome/jenkins/jobs/LE910Cx_Multi_DAILY/workspace/build/apps_proc/poky/build/tmp-glibc/sysroots/x86_64-linux/usr/include -pipe   conftest.c >&5
configure:5252: $? = 0
configure:5252: result: yes
configure:5252: checking for unistd.h
configure:5252: gcc  -c -isystem/jenhome/jenkins/jobs/LE910Cx_Multi_DAILY/workspace/build/apps_proc/poky/build/tmp-glibc/sysroots/x86_64-linux/usr/include -pipe   conftest.c >&5
configure:5252: $? = 0
configure:5252: result: yes
configure:5266: checking minix/config.h usability
configure:5266: gcc  -c -isystem/jenhome/jenkins/jobs/LE910Cx_Multi_DAILY/workspace/build/apps_proc/poky/build/tmp-glibc/sysroots/x86_64-linux/usr/include -pipe   conftest.c >&5
conftest.c:52:26: fatal error: minix/config.h: No such file or directory
 #include <minix/config.h>
                          ^
compilation terminated.
configure:5266: $? = 1
configure: failed program was:
| /* confdefs.h */
| #define PACKAGE_NAME ""
| #define PACKAGE_TARNAME ""
| #define PACKAGE_VERSION ""
| #define PACKAGE_STRING ""
| #define PACKAGE_BUGREPORT ""
| #define PACKAGE_URL ""
| #define STDC_HEADERS 1
| #define HAVE_SYS_TYPES_H 1
| #define HAVE_SYS_STAT_H 1
| #define HAVE_STDLIB_H 1
| #define HAVE_STRING_H 1
| #define HAVE_MEMORY_H 1
| #define HAVE_STRINGS_H 1
| #define HAVE_INTTYPES_H 1
| #define HAVE_STDINT_H 1
| #define HAVE_UNISTD_H 1
| /* end confdefs.h.  */
| #include <stdio.h>
| #ifdef HAVE_SYS_TYPES_H
| # include <sys/types.h>
| #endif
| #ifdef HAVE_SYS_STAT_H
| # include <sys/stat.h>
| #endif
| #ifdef STDC_HEADERS
| # include <stdlib.h>
| # include <stddef.h>
| #else
| # ifdef HAVE_STDLIB_H
| #  include <stdlib.h>
| # endif
| #endif
| #ifdef HAVE_STRING_H
| # if !defined STDC_HEADERS && defined HAVE_MEMORY_H
| #  include <memory.h>
| # endif
| # include <string.h>
| #endif
| #ifdef HAVE_STRINGS_H
| # include <strings.h>
| #endif
| #ifdef HAVE_INTTYPES_H
| # include <inttypes.h>
| #endif
| #ifdef HAVE_STDINT_H
| # include <stdint.h>
| #endif
| #ifdef HAVE_UNISTD_H
| # include <unistd.h>
| #endif
| #include <minix/config.h>
configure:5266: result: no
configure:5266: checking minix/config.h presence
configure:5266: gcc -E   conftest.c
conftest.c:19:26: fatal error: minix/config.h: No such file or directory
 #include <minix/config.h>
                          ^
compilation terminated.
configure:5266: $? = 1
configure: failed program was:
| /* confdefs.h */
| #define PACKAGE_NAME ""
| #define PACKAGE_TARNAME ""
| #define PACKAGE_VERSION ""
| #define PACKAGE_STRING ""
| #define PACKAGE_BUGREPORT ""
| #define PACKAGE_URL ""
| #define STDC_HEADERS 1
| #define HAVE_SYS_TYPES_H 1
| #define HAVE_SYS_STAT_H 1
| #define HAVE_STDLIB_H 1
| #define HAVE_STRING_H 1
| #define HAVE_MEMORY_H 1
| #define HAVE_STRINGS_H 1
| #define HAVE_INTTYPES_H 1
| #define HAVE_STDINT_H 1
| #define HAVE_UNISTD_H 1
| /* end confdefs.h.  */
| #include <minix/config.h>
configure:5266: result: no
configure:5266: checking for minix/config.h
configure:5266: result: no
configure:5287: checking whether it is safe to define __EXTENSIONS__
configure:5305: gcc  -c -isystem/jenhome/jenkins/jobs/LE910Cx_Multi_DAILY/workspace/build/apps_proc/poky/build/tmp-glibc/sysroots/x86_64-linux/usr/include -pipe   conftest.c >&5
configure:5305: $? = 0
configure:5312: result: yes
configure:5331: checking how to run the C preprocessor
configure:5401: result: gcc -E 
configure:5421: gcc -E   conftest.c
configure:5421: $? = 0
configure:5435: gcc -E   conftest.c
conftest.c:24:28: fatal error: ac_nonexistent.h: No such file or directory
 #include <ac_nonexistent.h>
                            ^
compilation terminated.
configure:5435: $? = 1
configure: failed program was:
| /* confdefs.h */
| #define PACKAGE_NAME ""
| #define PACKAGE_TARNAME ""
| #define PACKAGE_VERSION ""
| #define PACKAGE_STRING ""
| #define PACKAGE_BUGREPORT ""
| #define PACKAGE_URL ""
| #define STDC_HEADERS 1
| #define HAVE_SYS_TYPES_H 1
| #define HAVE_SYS_STAT_H 1
| #define HAVE_STDLIB_H 1
| #define HAVE_STRING_H 1
| #define HAVE_MEMORY_H 1
| #define HAVE_STRINGS_H 1
| #define HAVE_INTTYPES_H 1
| #define HAVE_STDINT_H 1
| #define HAVE_UNISTD_H 1
| #define __EXTENSIONS__ 1
| #define _ALL_SOURCE 1
| #define _GNU_SOURCE 1
| #define _POSIX_PTHREAD_SEMANTICS 1
| #define _TANDEM_SOURCE 1
| /* end confdefs.h.  */
| #include <ac_nonexistent.h>
configure:5463: checking for inline
configure:5479: gcc  -c -isystem/jenhome/jenkins/jobs/LE910Cx_Multi_DAILY/workspace/build/apps_proc/poky/build/tmp-glibc/sysroots/x86_64-linux/usr/include -pipe   conftest.c >&5
configure:5479: $? = 0
configure:5487: result: inline
configure:5513: checking for special C compiler options needed for large files
configure:5558: result: no
configure:5564: checking for _FILE_OFFSET_BITS value needed for large files
configure:5589: gcc  -c -isystem/jenhome/jenkins/jobs/LE910Cx_Multi_DAILY/workspace/build/apps_proc/poky/build/tmp-glibc/sysroots/x86_64-linux/usr/include -pipe   conftest.c >&5
configure:5589: $? = 0
configure:5621: result: no
configure:5710: checking size of void *
configure:5715: gcc  -o conftest -isystem/jenhome/jenkins/jobs/LE910Cx_Multi_DAILY/workspace/build/apps_proc/poky/build/tmp-glibc/sysroots/x86_64-linux/usr/include -pipe   -static-libstdc++ -static-libgcc -L/jenhome/jenkins/jobs/LE910Cx_Multi_DAILY/workspace/build/apps_proc/poky/build/tmp-glibc/sysroots/x86_64-linux/usr/lib -L/jenhome/jenkins/jobs/LE910Cx_Multi_DAILY/workspace/build/apps_proc/poky/build/tmp-glibc/sysroots/x86_64-linux/lib -Wl,-rpath-link,/jenhome/jenkins/jobs/LE910Cx_Multi_DAILY/workspace/build/apps_proc/poky/build/tmp-glibc/sysroots/x86_64-linux/usr/lib -Wl,-rpath-link,/jenhome/jenkins/jobs/LE910Cx_Multi_DAILY/workspace/build/apps_proc/poky/build/tmp-glibc/sysroots/x86_64-linux/lib -Wl,-rpath,/jenhome/jenkins/jobs/LE910Cx_Multi_DAILY/workspace/build/apps_proc/poky/build/tmp-glibc/sysroots/x86_64-linux/usr/lib -Wl,-rpath,/jenhome/jenkins/jobs/LE910Cx_Multi_DAILY/workspace/build/apps_proc/poky/build/tmp-glibc/sysroots/x86_64-linux/lib -Wl,-O1 conftest.c  >&5
configure:5715: $? = 0
configure:5715: ./conftest
configure:5715: $? = 0
configure:5730: result: 8
configure:5744: checking size of short
configure:5749: gcc  -o conftest -isystem/jenhome/jenkins/jobs/LE910Cx_Multi_DAILY/workspace/build/apps_proc/poky/build/tmp-glibc/sysroots/x86_64-linux/usr/include -pipe   -static-libstdc++ -static-libgcc -L/jenhome/jenkins/jobs/LE910Cx_Multi_DAILY/workspace/build/apps_proc/poky/build/tmp-glibc/sysroots/x86_64-linux/usr/lib -L/jenhome/jenkins/jobs/LE910Cx_Multi_DAILY/workspace/build/apps_proc/poky/build/tmp-glibc/sysroots/x86_64-linux/lib -Wl,-rpath-link,/jenhome/jenkins/jobs/LE910Cx_Multi_DAILY/workspace/build/apps_proc/poky/build/tmp-glibc/sysroots/x86_64-linux/usr/lib -Wl,-rpath-link,/jenhome/jenkins/jobs/LE910Cx_Multi_DAILY/workspace/build/apps_proc/poky/build/tmp-glibc/sysroots/x86_64-linux/lib -Wl,-rpath,/jenhome/jenkins/jobs/LE910Cx_Multi_DAILY/workspace/build/apps_proc/poky/build/tmp-glibc/sysroots/x86_64-linux/usr/lib -Wl,-rpath,/jenhome/jenkins/jobs/LE910Cx_Multi_DAILY/workspace/build/apps_proc/poky/build/tmp-glibc/sysroots/x86_64-linux/lib -Wl,-O1 conftest.c  >&5
configure:5749: $? = 0
configure:5749: ./conftest
configure:5749: $? = 0
configure:5764: result: 2
configure:5778: checking size of int
configure:5783: gcc  -o conftest -isystem/jenhome/jenkins/jobs/LE910Cx_Multi_DAILY/workspace/build/apps_proc/poky/build/tmp-glibc/sysroots/x86_64-linux/usr/include -pipe   -static-libstdc++ -static-libgcc -L/jenhome/jenkins/jobs/LE910Cx_Multi_DAILY/workspace/build/apps_proc/poky/build/tmp-glibc/sysroots/x86_64-linux/usr/lib -L/jenhome/jenkins/jobs/LE910Cx_Multi_DAILY/workspace/build/apps_proc/poky/build/tmp-glibc/sysroots/x86_64-linux/lib -Wl,-rpath-link,/jenhome/jenkins/jobs/LE910Cx_Multi_DAILY/workspace/build/apps_proc/poky/build/tmp-glibc/sysroots/x86_64-linux/usr/lib -Wl,-rpath-link,/jenhome/jenkins/jobs/LE910Cx_Multi_DAILY/workspace/build/apps_proc/poky/build/tmp-glibc/sysroots/x86_64-linux/lib -Wl,-rpath,/jenhome/jenkins/jobs/LE910Cx_Multi_DAILY/workspace/build/apps_proc/poky/build/tmp-glibc/sysroots/x86_64-linux/usr/lib -Wl,-rpath,/jenhome/jenkins/jobs/LE910Cx_Multi_DAILY/workspace/build/apps_proc/poky/build/tmp-glibc/sysroots/x86_64-linux/lib -Wl,-O1 conftest.c  >&5
configure:5783: $? = 0
configure:5783: ./conftest
configure:5783: $? = 0
configure:5798: result: 4
configure:5812: checking size of long
configure:5817: gcc  -o conftest -isystem/jenhome/jenkins/jobs/LE910Cx_Multi_DAILY/workspace/build/apps_proc/poky/build/tmp-glibc/sysroots/x86_64-linux/usr/include -pipe   -static-libstdc++ -static-libgcc -L/jenhome/jenkins/jobs/LE910Cx_Multi_DAILY/workspace/build/apps_proc/poky/build/tmp-glibc/sysroots/x86_64-linux/usr/lib -L/jenhome/jenkins/jobs/LE910Cx_Multi_DAILY/workspace/build/apps_proc/poky/build/tmp-glibc/sysroots/x86_64-linux/lib -Wl,-rpath-link,/jenhome/jenkins/jobs/LE910Cx_Multi_DAILY/workspace/build/apps_proc/poky/build/tmp-glibc/sysroots/x86_64-linux/usr/lib -Wl,-rpath-link,/jenhome/jenkins/jobs/LE910Cx_Multi_DAILY/workspace/build/apps_proc/poky/build/tmp-glibc/sysroots/x86_64-linux/lib -Wl,-rpath,/jenhome/jenkins/jobs/LE910Cx_Multi_DAILY/workspace/build/apps_proc/poky/build/tmp-glibc/sysroots/x86_64-linux/usr/lib -Wl,-rpath,/jenhome/jenkins/jobs/LE910Cx_Multi_DAILY/workspace/build/apps_proc/poky/build/tmp-glibc/sysroots/x86_64-linux/lib -Wl,-O1 conftest.c  >&5
configure:5817: $? = 0
configure:5817: ./conftest
configure:5817: $? = 0
configure:5832: result: 8
configure:5842: checking for long long
configure:5842: gcc  -c -isystem/jenhome/jenkins/jobs/LE910Cx_Multi_DAILY/workspace/build/apps_proc/poky/build/tmp-glibc/sysroots/x86_64-linux/usr/include -pipe   conftest.c >&5
configure:5842: $? = 0
configure:5842: gcc  -c -isystem/jenhome/jenkins/jobs/LE910Cx_Multi_DAILY/workspace/build/apps_proc/poky/build/tmp-glibc/sysroots/x86_64-linux/usr/include -pipe   conftest.c >&5
conftest.c: In function 'main':
conftest.c:64:24: error: expected expression before ')' token
 if (sizeof ((long long)))
                        ^
configure:5842: $? = 1
configure: failed program was:
| /* confdefs.h */
| #define PACKAGE_NAME ""
| #define PACKAGE_TARNAME ""
| #define PACKAGE_VERSION ""
| #define PACKAGE_STRING ""
| #define PACKAGE_BUGREPORT ""
| #define PACKAGE_URL ""
| #define STDC_HEADERS 1
| #define HAVE_SYS_TYPES_H 1
| #define HAVE_SYS_STAT_H 1
| #define HAVE_STDLIB_H 1
| #define HAVE_STRING_H 1
| #define HAVE_MEMORY_H 1
| #define HAVE_STRINGS_H 1
| #define HAVE_INTTYPES_H 1
| #define HAVE_STDINT_H 1
| #define HAVE_UNISTD_H 1
| #define __EXTENSIONS__ 1
| #define _ALL_SOURCE 1
| #define _GNU_SOURCE 1
| #define _POSIX_PTHREAD_SEMANTICS 1
| #define _TANDEM_SOURCE 1
| #define SIZEOF_VOID_P 8
| #define SIZEOF_SHORT 2
| #define SIZEOF_INT 4
| #define SIZEOF_LONG 8
| /* end confdefs.h.  */
| #include <stdio.h>
| #ifdef HAVE_SYS_TYPES_H
| # include <sys/types.h>
| #endif
| #ifdef HAVE_SYS_STAT_H
| # include <sys/stat.h>
| #endif
| #ifdef STDC_HEADERS
| # include <stdlib.h>
| # include <stddef.h>
| #else
| # ifdef HAVE_STDLIB_H
| #  include <stdlib.h>
| # endif
| #endif
| #ifdef HAVE_STRING_H
| # if !defined STDC_HEADERS && defined HAVE_MEMORY_H
| #  include <memory.h>
| # endif
| # include <string.h>
| #endif
| #ifdef HAVE_STRINGS_H
| # include <strings.h>
| #endif
| #ifdef HAVE_INTTYPES_H
| # include <inttypes.h>
| #endif
| #ifdef HAVE_STDINT_H
| # include <stdint.h>
| #endif
| #ifdef HAVE_UNISTD_H
| # include <unistd.h>
| #endif
| int
| main ()
| {
| if (sizeof ((long long)))
| 	    return 0;
|   ;
|   return 0;
| }
configure:5842: result: yes
configure:5853: checking size of long long
configure:5858: gcc  -o conftest -isystem/jenhome/jenkins/jobs/LE910Cx_Multi_DAILY/workspace/build/apps_proc/poky/build/tmp-glibc/sysroots/x86_64-linux/usr/include -pipe   -static-libstdc++ -static-libgcc -L/jenhome/jenkins/jobs/LE910Cx_Multi_DAILY/workspace/build/apps_proc/poky/build/tmp-glibc/sysroots/x86_64-linux/usr/lib -L/jenhome/jenkins/jobs/LE910Cx_Multi_DAILY/workspace/build/apps_proc/poky/build/tmp-glibc/sysroots/x86_64-linux/lib -Wl,-rpath-link,/jenhome/jenkins/jobs/LE910Cx_Multi_DAILY/workspace/build/apps_proc/poky/build/tmp-glibc/sysroots/x86_64-linux/usr/lib -Wl,-rpath-link,/jenhome/jenkins/jobs/LE910Cx_Multi_DAILY/workspace/build/apps_proc/poky/build/tmp-glibc/sysroots/x86_64-linux/lib -Wl,-rpath,/jenhome/jenkins/jobs/LE910Cx_Multi_DAILY/workspace/build/apps_proc/poky/build/tmp-glibc/sysroots/x86_64-linux/usr/lib -Wl,-rpath,/jenhome/jenkins/jobs/LE910Cx_Multi_DAILY/workspace/build/apps_proc/poky/build/tmp-glibc/sysroots/x86_64-linux/lib -Wl,-O1 conftest.c  >&5
configure:5858: $? = 0
configure:5858: ./conftest
configure:5858: $? = 0
configure:5873: result: 8
configure:5885: checking for __int64
configure:5885: gcc  -c -isystem/jenhome/jenkins/jobs/LE910Cx_Multi_DAILY/workspace/build/apps_proc/poky/build/tmp-glibc/sysroots/x86_64-linux/usr/include -pipe   conftest.c >&5
conftest.c: In function 'main':
conftest.c:66:13: error: '__int64' undeclared (first use in this function)
 if (sizeof (__int64))
             ^
conftest.c:66:13: note: each undeclared identifier is reported only once for each function it appears in
configure:5885: $? = 1
configure: failed program was:
| /* confdefs.h */
| #define PACKAGE_NAME ""
| #define PACKAGE_TARNAME ""
| #define PACKAGE_VERSION ""
| #define PACKAGE_STRING ""
| #define PACKAGE_BUGREPORT ""
| #define PACKAGE_URL ""
| #define STDC_HEADERS 1
| #define HAVE_SYS_TYPES_H 1
| #define HAVE_SYS_STAT_H 1
| #define HAVE_STDLIB_H 1
| #define HAVE_STRING_H 1
| #define HAVE_MEMORY_H 1
| #define HAVE_STRINGS_H 1
| #define HAVE_INTTYPES_H 1
| #define HAVE_STDINT_H 1
| #define HAVE_UNISTD_H 1
| #define __EXTENSIONS__ 1
| #define _ALL_SOURCE 1
| #define _GNU_SOURCE 1
| #define _POSIX_PTHREAD_SEMANTICS 1
| #define _TANDEM_SOURCE 1
| #define SIZEOF_VOID_P 8
| #define SIZEOF_SHORT 2
| #define SIZEOF_INT 4
| #define SIZEOF_LONG 8
| #define HAVE_LONG_LONG 1
| #define SIZEOF_LONG_LONG 8
| /* end confdefs.h.  */
| #include <stdio.h>
| #ifdef HAVE_SYS_TYPES_H
| # include <sys/types.h>
| #endif
| #ifdef HAVE_SYS_STAT_H
| # include <sys/stat.h>
| #endif
| #ifdef STDC_HEADERS
| # include <stdlib.h>
| # include <stddef.h>
| #else
| # ifdef HAVE_STDLIB_H
| #  include <stdlib.h>
| # endif
| #endif
| #ifdef HAVE_STRING_H
| # if !defined STDC_HEADERS && defined HAVE_MEMORY_H
| #  include <memory.h>
| # endif
| # include <string.h>
| #endif
| #ifdef HAVE_STRINGS_H
| # include <strings.h>
| #endif
| #ifdef HAVE_INTTYPES_H
| # include <inttypes.h>
| #endif
| #ifdef HAVE_STDINT_H
| # include <stdint.h>
| #endif
| #ifdef HAVE_UNISTD_H
| # include <unistd.h>
| #endif
| int
| main ()
| {
| if (sizeof (__int64))
| 	 return 0;
|   ;
|   return 0;
| }
configure:5885: result: no
configure:5928: checking for int8_t
configure:5928: gcc  -c -isystem/jenhome/jenkins/jobs/LE910Cx_Multi_DAILY/workspace/build/apps_proc/poky/build/tmp-glibc/sysroots/x86_64-linux/usr/include -pipe   conftest.c >&5
configure:5928: $? = 0
configure:5928: gcc  -c -isystem/jenhome/jenkins/jobs/LE910Cx_Multi_DAILY/workspace/build/apps_proc/poky/build/tmp-glibc/sysroots/x86_64-linux/usr/include -pipe   conftest.c >&5
conftest.c: In function 'main':
conftest.c:66:12: error: size of array 'test_array' is negative
 static int test_array [1 - 2 * !((int8_t) ((((int8_t) 1 << (8 - 2)) - 1) * 2 + 1)
            ^
configure:5928: $? = 1
configure: failed program was:
| /* confdefs.h */
| #define PACKAGE_NAME ""
| #define PACKAGE_TARNAME ""
| #define PACKAGE_VERSION ""
| #define PACKAGE_STRING ""
| #define PACKAGE_BUGREPORT ""
| #define PACKAGE_URL ""
| #define STDC_HEADERS 1
| #define HAVE_SYS_TYPES_H 1
| #define HAVE_SYS_STAT_H 1
| #define HAVE_STDLIB_H 1
| #define HAVE_STRING_H 1
| #define HAVE_MEMORY_H 1
| #define HAVE_STRINGS_H 1
| #define HAVE_INTTYPES_H 1
| #define HAVE_STDINT_H 1
| #define HAVE_UNISTD_H 1
| #define __EXTENSIONS__ 1
| #define _ALL_SOURCE 1
| #define _GNU_SOURCE 1
| #define _POSIX_PTHREAD_SEMANTICS 1
| #define _TANDEM_SOURCE 1
| #define SIZEOF_VOID_P 8
| #define SIZEOF_SHORT 2
| #define SIZEOF_INT 4
| #define SIZEOF_LONG 8
| #define HAVE_LONG_LONG 1
| #define SIZEOF_LONG_LONG 8
| /* end confdefs.h.  */
| #include <stdio.h>
| #ifdef HAVE_SYS_TYPES_H
| # include <sys/types.h>
| #endif
| #ifdef HAVE_SYS_STAT_H
| # include <sys/stat.h>
| #endif
| #ifdef STDC_HEADERS
| # include <stdlib.h>
| # include <stddef.h>
| #else
| # ifdef HAVE_STDLIB_H
| #  include <stdlib.h>
| # endif
| #endif
| #ifdef HAVE_STRING_H
| # if !defined STDC_HEADERS && defined HAVE_MEMORY_H
| #  include <memory.h>
| # endif
| # include <string.h>
| #endif
| #ifdef HAVE_STRINGS_H
| # include <strings.h>
| #endif
| #ifdef HAVE_INTTYPES_H
| # include <inttypes.h>
| #endif
| #ifdef HAVE_STDINT_H
| # include <stdint.h>
| #endif
| #ifdef HAVE_UNISTD_H
| # include <unistd.h>
| #endif
| int
| main ()
| {
| static int test_array [1 - 2 * !((int8_t) ((((int8_t) 1 << (8 - 2)) - 1) * 2 + 1)
| 		 < (int8_t) ((((int8_t) 1 << (8 - 2)) - 1) * 2 + 2))];
| test_array [0] = 0
| 
|   ;
|   return 0;
| }
configure:5928: result: yes
configure:5939: checking for int16_t
configure:5939: gcc  -c -isystem/jenhome/jenkins/jobs/LE910Cx_Multi_DAILY/workspace/build/apps_proc/poky/build/tmp-glibc/sysroots/x86_64-linux/usr/include -pipe   conftest.c >&5
configure:5939: $? = 0
configure:5939: gcc  -c -isystem/jenhome/jenkins/jobs/LE910Cx_Multi_DAILY/workspace/build/apps_proc/poky/build/tmp-glibc/sysroots/x86_64-linux/usr/include -pipe   conftest.c >&5
conftest.c: In function 'main':
conftest.c:66:12: error: size of array 'test_array' is negative
 static int test_array [1 - 2 * !((int16_t) ((((int16_t) 1 << (16 - 2)) - 1) * 2 + 1)
            ^
configure:5939: $? = 1
configure: failed program was:
| /* confdefs.h */
| #define PACKAGE_NAME ""
| #define PACKAGE_TARNAME ""
| #define PACKAGE_VERSION ""
| #define PACKAGE_STRING ""
| #define PACKAGE_BUGREPORT ""
| #define PACKAGE_URL ""
| #define STDC_HEADERS 1
| #define HAVE_SYS_TYPES_H 1
| #define HAVE_SYS_STAT_H 1
| #define HAVE_STDLIB_H 1
| #define HAVE_STRING_H 1
| #define HAVE_MEMORY_H 1
| #define HAVE_STRINGS_H 1
| #define HAVE_INTTYPES_H 1
| #define HAVE_STDINT_H 1
| #define HAVE_UNISTD_H 1
| #define __EXTENSIONS__ 1
| #define _ALL_SOURCE 1
| #define _GNU_SOURCE 1
| #define _POSIX_PTHREAD_SEMANTICS 1
| #define _TANDEM_SOURCE 1
| #define SIZEOF_VOID_P 8
| #define SIZEOF_SHORT 2
| #define SIZEOF_INT 4
| #define SIZEOF_LONG 8
| #define HAVE_LONG_LONG 1
| #define SIZEOF_LONG_LONG 8
| /* end confdefs.h.  */
| #include <stdio.h>
| #ifdef HAVE_SYS_TYPES_H
| # include <sys/types.h>
| #endif
| #ifdef HAVE_SYS_STAT_H
| # include <sys/stat.h>
| #endif
| #ifdef STDC_HEADERS
| # include <stdlib.h>
| # include <stddef.h>
| #else
| # ifdef HAVE_STDLIB_H
| #  include <stdlib.h>
| # endif
| #endif
| #ifdef HAVE_STRING_H
| # if !defined STDC_HEADERS && defined HAVE_MEMORY_H
| #  include <memory.h>
| # endif
| # include <string.h>
| #endif
| #ifdef HAVE_STRINGS_H
| # include <strings.h>
| #endif
| #ifdef HAVE_INTTYPES_H
| # include <inttypes.h>
| #endif
| #ifdef HAVE_STDINT_H
| # include <stdint.h>
| #endif
| #ifdef HAVE_UNISTD_H
| # include <unistd.h>
| #endif
| int
| main ()
| {
| static int test_array [1 - 2 * !((int16_t) ((((int16_t) 1 << (16 - 2)) - 1) * 2 + 1)
| 		 < (int16_t) ((((int16_t) 1 << (16 - 2)) - 1) * 2 + 2))];
| test_array [0] = 0
| 
|   ;
|   return 0;
| }
configure:5939: result: yes
configure:5950: checking for int32_t
configure:5950: gcc  -c -isystem/jenhome/jenkins/jobs/LE910Cx_Multi_DAILY/workspace/build/apps_proc/poky/build/tmp-glibc/sysroots/x86_64-linux/usr/include -pipe   conftest.c >&5
configure:5950: $? = 0
configure:5950: gcc  -c -isystem/jenhome/jenkins/jobs/LE910Cx_Multi_DAILY/workspace/build/apps_proc/poky/build/tmp-glibc/sysroots/x86_64-linux/usr/include -pipe   conftest.c >&5
conftest.c: In function 'main':
conftest.c:67:53: warning: integer overflow in expression [-Woverflow]
    < (int32_t) ((((int32_t) 1 << (32 - 2)) - 1) * 2 + 2))];
                                                     ^
conftest.c:66:12: error: storage size of 'test_array' isn't constant
 static int test_array [1 - 2 * !((int32_t) ((((int32_t) 1 << (32 - 2)) - 1) * 2 + 1)
            ^
configure:5950: $? = 1
configure: failed program was:
| /* confdefs.h */
| #define PACKAGE_NAME ""
| #define PACKAGE_TARNAME ""
| #define PACKAGE_VERSION ""
| #define PACKAGE_STRING ""
| #define PACKAGE_BUGREPORT ""
| #define PACKAGE_URL ""
| #define STDC_HEADERS 1
| #define HAVE_SYS_TYPES_H 1
| #define HAVE_SYS_STAT_H 1
| #define HAVE_STDLIB_H 1
| #define HAVE_STRING_H 1
| #define HAVE_MEMORY_H 1
| #define HAVE_STRINGS_H 1
| #define HAVE_INTTYPES_H 1
| #define HAVE_STDINT_H 1
| #define HAVE_UNISTD_H 1
| #define __EXTENSIONS__ 1
| #define _ALL_SOURCE 1
| #define _GNU_SOURCE 1
| #define _POSIX_PTHREAD_SEMANTICS 1
| #define _TANDEM_SOURCE 1
| #define SIZEOF_VOID_P 8
| #define SIZEOF_SHORT 2
| #define SIZEOF_INT 4
| #define SIZEOF_LONG 8
| #define HAVE_LONG_LONG 1
| #define SIZEOF_LONG_LONG 8
| /* end confdefs.h.  */
| #include <stdio.h>
| #ifdef HAVE_SYS_TYPES_H
| # include <sys/types.h>
| #endif
| #ifdef HAVE_SYS_STAT_H
| # include <sys/stat.h>
| #endif
| #ifdef STDC_HEADERS
| # include <stdlib.h>
| # include <stddef.h>
| #else
| # ifdef HAVE_STDLIB_H
| #  include <stdlib.h>
| # endif
| #endif
| #ifdef HAVE_STRING_H
| # if !defined STDC_HEADERS && defined HAVE_MEMORY_H
| #  include <memory.h>
| # endif
| # include <string.h>
| #endif
| #ifdef HAVE_STRINGS_H
| # include <strings.h>
| #endif
| #ifdef HAVE_INTTYPES_H
| # include <inttypes.h>
| #endif
| #ifdef HAVE_STDINT_H
| # include <stdint.h>
| #endif
| #ifdef HAVE_UNISTD_H
| # include <unistd.h>
| #endif
| int
| main ()
| {
| static int test_array [1 - 2 * !((int32_t) ((((int32_t) 1 << (32 - 2)) - 1) * 2 + 1)
| 		 < (int32_t) ((((int32_t) 1 << (32 - 2)) - 1) * 2 + 2))];
| test_array [0] = 0
| 
|   ;
|   return 0;
| }
configure:5950: result: yes
configure:5961: checking for int64_t
configure:5961: gcc  -c -isystem/jenhome/jenkins/jobs/LE910Cx_Multi_DAILY/workspace/build/apps_proc/poky/build/tmp-glibc/sysroots/x86_64-linux/usr/include -pipe   conftest.c >&5
configure:5961: $? = 0
configure:5961: gcc  -c -isystem/jenhome/jenkins/jobs/LE910Cx_Multi_DAILY/workspace/build/apps_proc/poky/build/tmp-glibc/sysroots/x86_64-linux/usr/include -pipe   conftest.c >&5
conftest.c: In function 'main':
conftest.c:67:53: warning: integer overflow in expression [-Woverflow]
    < (int64_t) ((((int64_t) 1 << (64 - 2)) - 1) * 2 + 2))];
                                                     ^
conftest.c:66:12: error: storage size of 'test_array' isn't constant
 static int test_array [1 - 2 * !((int64_t) ((((int64_t) 1 << (64 - 2)) - 1) * 2 + 1)
            ^
configure:5961: $? = 1
configure: failed program was:
| /* confdefs.h */
| #define PACKAGE_NAME ""
| #define PACKAGE_TARNAME ""
| #define PACKAGE_VERSION ""
| #define PACKAGE_STRING ""
| #define PACKAGE_BUGREPORT ""
| #define PACKAGE_URL ""
| #define STDC_HEADERS 1
| #define HAVE_SYS_TYPES_H 1
| #define HAVE_SYS_STAT_H 1
| #define HAVE_STDLIB_H 1
| #define HAVE_STRING_H 1
| #define HAVE_MEMORY_H 1
| #define HAVE_STRINGS_H 1
| #define HAVE_INTTYPES_H 1
| #define HAVE_STDINT_H 1
| #define HAVE_UNISTD_H 1
| #define __EXTENSIONS__ 1
| #define _ALL_SOURCE 1
| #define _GNU_SOURCE 1
| #define _POSIX_PTHREAD_SEMANTICS 1
| #define _TANDEM_SOURCE 1
| #define SIZEOF_VOID_P 8
| #define SIZEOF_SHORT 2
| #define SIZEOF_INT 4
| #define SIZEOF_LONG 8
| #define HAVE_LONG_LONG 1
| #define SIZEOF_LONG_LONG 8
| /* end confdefs.h.  */
| #include <stdio.h>
| #ifdef HAVE_SYS_TYPES_H
| # include <sys/types.h>
| #endif
| #ifdef HAVE_SYS_STAT_H
| # include <sys/stat.h>
| #endif
| #ifdef STDC_HEADERS
| # include <stdlib.h>
| # include <stddef.h>
| #else
| # ifdef HAVE_STDLIB_H
| #  include <stdlib.h>
| # endif
| #endif
| #ifdef HAVE_STRING_H
| # if !defined STDC_HEADERS && defined HAVE_MEMORY_H
| #  include <memory.h>
| # endif
| # include <string.h>
| #endif
| #ifdef HAVE_STRINGS_H
| # include <strings.h>
| #endif
| #ifdef HAVE_INTTYPES_H
| # include <inttypes.h>
| #endif
| #ifdef HAVE_STDINT_H
| # include <stdint.h>
| #endif
| #ifdef HAVE_UNISTD_H
| # include <unistd.h>
| #endif
| int
| main ()
| {
| static int test_array [1 - 2 * !((int64_t) ((((int64_t) 1 << (64 - 2)) - 1) * 2 + 1)
| 		 < (int64_t) ((((int64_t) 1 << (64 - 2)) - 1) * 2 + 2))];
| test_array [0] = 0
| 
|   ;
|   return 0;
| }
configure:5961: result: yes
configure:5973: checking for long long int
configure:6010: gcc  -o conftest -isystem/jenhome/jenkins/jobs/LE910Cx_Multi_DAILY/workspace/build/apps_proc/poky/build/tmp-glibc/sysroots/x86_64-linux/usr/include -pipe   -static-libstdc++ -static-libgcc -L/jenhome/jenkins/jobs/LE910Cx_Multi_DAILY/workspace/build/apps_proc/poky/build/tmp-glibc/sysroots/x86_64-linux/usr/lib -L/jenhome/jenkins/jobs/LE910Cx_Multi_DAILY/workspace/build/apps_proc/poky/build/tmp-glibc/sysroots/x86_64-linux/lib -Wl,-rpath-link,/jenhome/jenkins/jobs/LE910Cx_Multi_DAILY/workspace/build/apps_proc/poky/build/tmp-glibc/sysroots/x86_64-linux/usr/lib -Wl,-rpath-link,/jenhome/jenkins/jobs/LE910Cx_Multi_DAILY/workspace/build/apps_proc/poky/build/tmp-glibc/sysroots/x86_64-linux/lib -Wl,-rpath,/jenhome/jenkins/jobs/LE910Cx_Multi_DAILY/workspace/build/apps_proc/poky/build/tmp-glibc/sysroots/x86_64-linux/usr/lib -Wl,-rpath,/jenhome/jenkins/jobs/LE910Cx_Multi_DAILY/workspace/build/apps_proc/poky/build/tmp-glibc/sysroots/x86_64-linux/lib -Wl,-O1 conftest.c  >&5
configure:6010: $? = 0
configure:6040: gcc  -o conftest -isystem/jenhome/jenkins/jobs/LE910Cx_Multi_DAILY/workspace/build/apps_proc/poky/build/tmp-glibc/sysroots/x86_64-linux/usr/include -pipe   -static-libstdc++ -static-libgcc -L/jenhome/jenkins/jobs/LE910Cx_Multi_DAILY/workspace/build/apps_proc/poky/build/tmp-glibc/sysroots/x86_64-linux/usr/lib -L/jenhome/jenkins/jobs/LE910Cx_Multi_DAILY/workspace/build/apps_proc/poky/build/tmp-glibc/sysroots/x86_64-linux/lib -Wl,-rpath-link,/jenhome/jenkins/jobs/LE910Cx_Multi_DAILY/workspace/build/apps_proc/poky/build/tmp-glibc/sysroots/x86_64-linux/usr/lib -Wl,-rpath-link,/jenhome/jenkins/jobs/LE910Cx_Multi_DAILY/workspace/build/apps_proc/poky/build/tmp-glibc/sysroots/x86_64-linux/lib -Wl,-rpath,/jenhome/jenkins/jobs/LE910Cx_Multi_DAILY/workspace/build/apps_proc/poky/build/tmp-glibc/sysroots/x86_64-linux/usr/lib -Wl,-rpath,/jenhome/jenkins/jobs/LE910Cx_Multi_DAILY/workspace/build/apps_proc/poky/build/tmp-glibc/sysroots/x86_64-linux/lib -Wl,-O1 conftest.c  >&5
configure:6040: $? = 0
configure:6040: ./conftest
configure:6040: $? = 0
configure:6055: result: yes
configure:6065: checking for intmax_t
configure:6065: gcc  -c -isystem/jenhome/jenkins/jobs/LE910Cx_Multi_DAILY/workspace/build/apps_proc/poky/build/tmp-glibc/sysroots/x86_64-linux/usr/include -pipe   conftest.c >&5
configure:6065: $? = 0
configure:6065: gcc  -c -isystem/jenhome/jenkins/jobs/LE910Cx_Multi_DAILY/workspace/build/apps_proc/poky/build/tmp-glibc/sysroots/x86_64-linux/usr/include -pipe   conftest.c >&5
conftest.c: In function 'main':
conftest.c:67:23: error: expected expression before ')' token
 if (sizeof ((intmax_t)))
                       ^
configure:6065: $? = 1
configure: failed program was:
| /* confdefs.h */
| #define PACKAGE_NAME ""
| #define PACKAGE_TARNAME ""
| #define PACKAGE_VERSION ""
| #define PACKAGE_STRING ""
| #define PACKAGE_BUGREPORT ""
| #define PACKAGE_URL ""
| #define STDC_HEADERS 1
| #define HAVE_SYS_TYPES_H 1
| #define HAVE_SYS_STAT_H 1
| #define HAVE_STDLIB_H 1
| #define HAVE_STRING_H 1
| #define HAVE_MEMORY_H 1
| #define HAVE_STRINGS_H 1
| #define HAVE_INTTYPES_H 1
| #define HAVE_STDINT_H 1
| #define HAVE_UNISTD_H 1
| #define __EXTENSIONS__ 1
| #define _ALL_SOURCE 1
| #define _GNU_SOURCE 1
| #define _POSIX_PTHREAD_SEMANTICS 1
| #define _TANDEM_SOURCE 1
| #define SIZEOF_VOID_P 8
| #define SIZEOF_SHORT 2
| #define SIZEOF_INT 4
| #define SIZEOF_LONG 8
| #define HAVE_LONG_LONG 1
| #define SIZEOF_LONG_LONG 8
| #define HAVE_LONG_LONG_INT 1
| /* end confdefs.h.  */
| #include <stdio.h>
| #ifdef HAVE_SYS_TYPES_H
| # include <sys/types.h>
| #endif
| #ifdef HAVE_SYS_STAT_H
| # include <sys/stat.h>
| #endif
| #ifdef STDC_HEADERS
| # include <stdlib.h>
| # include <stddef.h>
| #else
| # ifdef HAVE_STDLIB_H
| #  include <stdlib.h>
| # endif
| #endif
| #ifdef HAVE_STRING_H
| # if !defined STDC_HEADERS && defined HAVE_MEMORY_H
| #  include <memory.h>
| # endif
| # include <string.h>
| #endif
| #ifdef HAVE_STRINGS_H
| # include <strings.h>
| #endif
| #ifdef HAVE_INTTYPES_H
| # include <inttypes.h>
| #endif
| #ifdef HAVE_STDINT_H
| # include <stdint.h>
| #endif
| #ifdef HAVE_UNISTD_H
| # include <unistd.h>
| #endif
| int
| main ()
| {
| if (sizeof ((intmax_t)))
| 	    return 0;
|   ;
|   return 0;
| }
configure:6065: result: yes
configure:6083: checking for intptr_t
configure:6083: gcc  -c -isystem/jenhome/jenkins/jobs/LE910Cx_Multi_DAILY/workspace/build/apps_proc/poky/build/tmp-glibc/sysroots/x86_64-linux/usr/include -pipe   conftest.c >&5
configure:6083: $? = 0
configure:6083: gcc  -c -isystem/jenhome/jenkins/jobs/LE910Cx_Multi_DAILY/workspace/build/apps_proc/poky/build/tmp-glibc/sysroots/x86_64-linux/usr/include -pipe   conftest.c >&5
conftest.c: In function 'main':
conftest.c:68:23: error: expected expression before ')' token
 if (sizeof ((intptr_t)))
                       ^
configure:6083: $? = 1
configure: failed program was:
| /* confdefs.h */
| #define PACKAGE_NAME ""
| #define PACKAGE_TARNAME ""
| #define PACKAGE_VERSION ""
| #define PACKAGE_STRING ""
| #define PACKAGE_BUGREPORT ""
| #define PACKAGE_URL ""
| #define STDC_HEADERS 1
| #define HAVE_SYS_TYPES_H 1
| #define HAVE_SYS_STAT_H 1
| #define HAVE_STDLIB_H 1
| #define HAVE_STRING_H 1
| #define HAVE_MEMORY_H 1
| #define HAVE_STRINGS_H 1
| #define HAVE_INTTYPES_H 1
| #define HAVE_STDINT_H 1
| #define HAVE_UNISTD_H 1
| #define __EXTENSIONS__ 1
| #define _ALL_SOURCE 1
| #define _GNU_SOURCE 1
| #define _POSIX_PTHREAD_SEMANTICS 1
| #define _TANDEM_SOURCE 1
| #define SIZEOF_VOID_P 8
| #define SIZEOF_SHORT 2
| #define SIZEOF_INT 4
| #define SIZEOF_LONG 8
| #define HAVE_LONG_LONG 1
| #define SIZEOF_LONG_LONG 8
| #define HAVE_LONG_LONG_INT 1
| #define HAVE_INTMAX_T 1
| /* end confdefs.h.  */
| #include <stdio.h>
| #ifdef HAVE_SYS_TYPES_H
| # include <sys/types.h>
| #endif
| #ifdef HAVE_SYS_STAT_H
| # include <sys/stat.h>
| #endif
| #ifdef STDC_HEADERS
| # include <stdlib.h>
| # include <stddef.h>
| #else
| # ifdef HAVE_STDLIB_H
| #  include <stdlib.h>
| # endif
| #endif
| #ifdef HAVE_STRING_H
| # if !defined STDC_HEADERS && defined HAVE_MEMORY_H
| #  include <memory.h>
| # endif
| # include <string.h>
| #endif
| #ifdef HAVE_STRINGS_H
| # include <strings.h>
| #endif
| #ifdef HAVE_INTTYPES_H
| # include <inttypes.h>
| #endif
| #ifdef HAVE_STDINT_H
| # include <stdint.h>
| #endif
| #ifdef HAVE_UNISTD_H
| # include <unistd.h>
| #endif
| int
| main ()
| {
| if (sizeof ((intptr_t)))
| 	    return 0;
|   ;
|   return 0;
| }
configure:6083: result: yes
configure:6117: checking for uint8_t
configure:6117: gcc  -c -isystem/jenhome/jenkins/jobs/LE910Cx_Multi_DAILY/workspace/build/apps_proc/poky/build/tmp-glibc/sysroots/x86_64-linux/usr/include -pipe   conftest.c >&5
configure:6117: $? = 0
configure:6117: result: yes
configure:6131: checking for uint16_t
configure:6131: gcc  -c -isystem/jenhome/jenkins/jobs/LE910Cx_Multi_DAILY/workspace/build/apps_proc/poky/build/tmp-glibc/sysroots/x86_64-linux/usr/include -pipe   conftest.c >&5
configure:6131: $? = 0
configure:6131: result: yes
configure:6143: checking for uint32_t
configure:6143: gcc  -c -isystem/jenhome/jenkins/jobs/LE910Cx_Multi_DAILY/workspace/build/apps_proc/poky/build/tmp-glibc/sysroots/x86_64-linux/usr/include -pipe   conftest.c >&5
configure:6143: $? = 0
configure:6143: result: yes
configure:6157: checking for uint64_t
configure:6157: gcc  -c -isystem/jenhome/jenkins/jobs/LE910Cx_Multi_DAILY/workspace/build/apps_proc/poky/build/tmp-glibc/sysroots/x86_64-linux/usr/include -pipe   conftest.c >&5
configure:6157: $? = 0
configure:6157: result: yes
configure:6172: checking for unsigned long long int
configure:6209: gcc  -o conftest -isystem/jenhome/jenkins/jobs/LE910Cx_Multi_DAILY/workspace/build/apps_proc/poky/build/tmp-glibc/sysroots/x86_64-linux/usr/include -pipe   -static-libstdc++ -static-libgcc -L/jenhome/jenkins/jobs/LE910Cx_Multi_DAILY/workspace/build/apps_proc/poky/build/tmp-glibc/sysroots/x86_64-linux/usr/lib -L/jenhome/jenkins/jobs/LE910Cx_Multi_DAILY/workspace/build/apps_proc/poky/build/tmp-glibc/sysroots/x86_64-linux/lib -Wl,-rpath-link,/jenhome/jenkins/jobs/LE910Cx_Multi_DAILY/workspace/build/apps_proc/poky/build/tmp-glibc/sysroots/x86_64-linux/usr/lib -Wl,-rpath-link,/jenhome/jenkins/jobs/LE910Cx_Multi_DAILY/workspace/build/apps_proc/poky/build/tmp-glibc/sysroots/x86_64-linux/lib -Wl,-rpath,/jenhome/jenkins/jobs/LE910Cx_Multi_DAILY/workspace/build/apps_proc/poky/build/tmp-glibc/sysroots/x86_64-linux/usr/lib -Wl,-rpath,/jenhome/jenkins/jobs/LE910Cx_Multi_DAILY/workspace/build/apps_proc/poky/build/tmp-glibc/sysroots/x86_64-linux/lib -Wl,-O1 conftest.c  >&5
configure:6209: $? = 0
configure:6217: result: yes
configure:6227: checking for uintmax_t
configure:6227: gcc  -c -isystem/jenhome/jenkins/jobs/LE910Cx_Multi_DAILY/workspace/build/apps_proc/poky/build/tmp-glibc/sysroots/x86_64-linux/usr/include -pipe   conftest.c >&5
configure:6227: $? = 0
configure:6227: gcc  -c -isystem/jenhome/jenkins/jobs/LE910Cx_Multi_DAILY/workspace/build/apps_proc/poky/build/tmp-glibc/sysroots/x86_64-linux/usr/include -pipe   conftest.c >&5
conftest.c: In function 'main':
conftest.c:70:24: error: expected expression before ')' token
 if (sizeof ((uintmax_t)))
                        ^
configure:6227: $? = 1
configure: failed program was:
| /* confdefs.h */
| #define PACKAGE_NAME ""
| #define PACKAGE_TARNAME ""
| #define PACKAGE_VERSION ""
| #define PACKAGE_STRING ""
| #define PACKAGE_BUGREPORT ""
| #define PACKAGE_URL ""
| #define STDC_HEADERS 1
| #define HAVE_SYS_TYPES_H 1
| #define HAVE_SYS_STAT_H 1
| #define HAVE_STDLIB_H 1
| #define HAVE_STRING_H 1
| #define HAVE_MEMORY_H 1
| #define HAVE_STRINGS_H 1
| #define HAVE_INTTYPES_H 1
| #define HAVE_STDINT_H 1
| #define HAVE_UNISTD_H 1
| #define __EXTENSIONS__ 1
| #define _ALL_SOURCE 1
| #define _GNU_SOURCE 1
| #define _POSIX_PTHREAD_SEMANTICS 1
| #define _TANDEM_SOURCE 1
| #define SIZEOF_VOID_P 8
| #define SIZEOF_SHORT 2
| #define SIZEOF_INT 4
| #define SIZEOF_LONG 8
| #define HAVE_LONG_LONG 1
| #define SIZEOF_LONG_LONG 8
| #define HAVE_LONG_LONG_INT 1
| #define HAVE_INTMAX_T 1
| #define HAVE_INTPTR_T 1
| #define HAVE_UNSIGNED_LONG_LONG_INT 1
| /* end confdefs.h.  */
| #include <stdio.h>
| #ifdef HAVE_SYS_TYPES_H
| # include <sys/types.h>
| #endif
| #ifdef HAVE_SYS_STAT_H
| # include <sys/stat.h>
| #endif
| #ifdef STDC_HEADERS
| # include <stdlib.h>
| # include <stddef.h>
| #else
| # ifdef HAVE_STDLIB_H
| #  include <stdlib.h>
| # endif
| #endif
| #ifdef HAVE_STRING_H
| # if !defined STDC_HEADERS && defined HAVE_MEMORY_H
| #  include <memory.h>
| # endif
| # include <string.h>
| #endif
| #ifdef HAVE_STRINGS_H
| # include <strings.h>
| #endif
| #ifdef HAVE_INTTYPES_H
| # include <inttypes.h>
| #endif
| #ifdef HAVE_STDINT_H
| # include <stdint.h>
| #endif
| #ifdef HAVE_UNISTD_H
| # include <unistd.h>
| #endif
| int
| main ()
| {
| if (sizeof ((uintmax_t)))
| 	    return 0;
|   ;
|   return 0;
| }
configure:6227: result: yes
configure:6245: checking for uintptr_t
configure:6245: gcc  -c -isystem/jenhome/jenkins/jobs/LE910Cx_Multi_DAILY/workspace/build/apps_proc/poky/build/tmp-glibc/sysroots/x86_64-linux/usr/include -pipe   conftest.c >&5
configure:6245: $? = 0
configure:6245: gcc  -c -isystem/jenhome/jenkins/jobs/LE910Cx_Multi_DAILY/workspace/build/apps_proc/poky/build/tmp-glibc/sysroots/x86_64-linux/usr/include -pipe   conftest.c >&5
conftest.c: In function 'main':
conftest.c:71:24: error: expected expression before ')' token
 if (sizeof ((uintptr_t)))
                        ^
configure:6245: $? = 1
configure: failed program was:
| /* confdefs.h */
| #define PACKAGE_NAME ""
| #define PACKAGE_TARNAME ""
| #define PACKAGE_VERSION ""
| #define PACKAGE_STRING ""
| #define PACKAGE_BUGREPORT ""
| #define PACKAGE_URL ""
| #define STDC_HEADERS 1
| #define HAVE_SYS_TYPES_H 1
| #define HAVE_SYS_STAT_H 1
| #define HAVE_STDLIB_H 1
| #define HAVE_STRING_H 1
| #define HAVE_MEMORY_H 1
| #define HAVE_STRINGS_H 1
| #define HAVE_INTTYPES_H 1
| #define HAVE_STDINT_H 1
| #define HAVE_UNISTD_H 1
| #define __EXTENSIONS__ 1
| #define _ALL_SOURCE 1
| #define _GNU_SOURCE 1
| #define _POSIX_PTHREAD_SEMANTICS 1
| #define _TANDEM_SOURCE 1
| #define SIZEOF_VOID_P 8
| #define SIZEOF_SHORT 2
| #define SIZEOF_INT 4
| #define SIZEOF_LONG 8
| #define HAVE_LONG_LONG 1
| #define SIZEOF_LONG_LONG 8
| #define HAVE_LONG_LONG_INT 1
| #define HAVE_INTMAX_T 1
| #define HAVE_INTPTR_T 1
| #define HAVE_UNSIGNED_LONG_LONG_INT 1
| #define HAVE_UINTMAX_T 1
| /* end confdefs.h.  */
| #include <stdio.h>
| #ifdef HAVE_SYS_TYPES_H
| # include <sys/types.h>
| #endif
| #ifdef HAVE_SYS_STAT_H
| # include <sys/stat.h>
| #endif
| #ifdef STDC_HEADERS
| # include <stdlib.h>
| # include <stddef.h>
| #else
| # ifdef HAVE_STDLIB_H
| #  include <stdlib.h>
| # endif
| #endif
| #ifdef HAVE_STRING_H
| # if !defined STDC_HEADERS && defined HAVE_MEMORY_H
| #  include <memory.h>
| # endif
| # include <string.h>
| #endif
| #ifdef HAVE_STRINGS_H
| # include <strings.h>
| #endif
| #ifdef HAVE_INTTYPES_H
| # include <inttypes.h>
| #endif
| #ifdef HAVE_STDINT_H
| # include <stdint.h>
| #endif
| #ifdef HAVE_UNISTD_H
| # include <unistd.h>
| #endif
| int
| main ()
| {
| if (sizeof ((uintptr_t)))
| 	    return 0;
|   ;
|   return 0;
| }
configure:6245: result: yes
configure:6329: checking whether gcc  supports -W
configure:6346: gcc  -c -W  conftest.c >&5
configure:6346: $? = 0
configure:6355: result: yes
configure:6329: checking whether gcc  supports -Wall
configure:6346: gcc  -c -Wall  conftest.c >&5
configure:6346: $? = 0
configure:6355: result: yes
configure:6329: checking whether gcc  supports -Wnarrowing
configure:6346: gcc  -c -Wnarrowing  conftest.c >&5
configure:6346: $? = 0
configure:6355: result: yes
configure:6329: checking whether gcc  supports -Wwrite-strings
configure:6346: gcc  -c -Wwrite-strings  conftest.c >&5
configure:6346: $? = 0
configure:6355: result: yes
configure:6329: checking whether gcc  supports -Wcast-qual
configure:6346: gcc  -c -Wcast-qual  conftest.c >&5
configure:6346: $? = 0
configure:6355: result: yes
configure:6374: checking whether gcc  supports -Wstrict-prototypes
configure:6391: gcc  -c -Wstrict-prototypes  conftest.c >&5
conftest.c:38:1: warning: function declaration isn't a prototype [-Wstrict-prototypes]
 main ()
 ^
configure:6391: $? = 0
configure:6400: result: yes
configure:6374: checking whether gcc  supports -Wmissing-prototypes
configure:6391: gcc  -c -Wmissing-prototypes  conftest.c >&5
configure:6391: $? = 0
configure:6400: result: yes
configure:6419: checking whether gcc  supports -Wmissing-format-attribute
configure:6436: gcc  -c -Wmissing-format-attribute  conftest.c >&5
configure:6436: $? = 0
configure:6445: result: yes
configure:6464: checking whether gcc  supports -Wold-style-definition
configure:6481: gcc  -c -Wold-style-definition  conftest.c >&5
conftest.c: In function 'main':
conftest.c:38:1: warning: old-style function definition [-Wold-style-definition]
 main ()
 ^
configure:6481: $? = 0
configure:6490: result: yes
configure:6464: checking whether gcc  supports -Wc++-compat
configure:6481: gcc  -c -Wc++-compat  conftest.c >&5
configure:6481: $? = 0
configure:6490: result: yes
configure:6501: checking whether gcc  supports -pedantic -Wlong-long -Wvariadic-macros -Woverlength-strings
configure:6519: gcc  -c -pedantic -Wlong-long -Wvariadic-macros -Woverlength-strings  conftest.c >&5
configure:6519: $? = 0
configure:6527: result: yes
configure:6572: checking whether gcc  supports -fno-exceptions
configure:6589: gcc  -c -fno-exceptions  conftest.c >&5
configure:6589: $? = 0
configure:6598: result: yes
configure:6572: checking whether gcc  supports -fno-rtti
configure:6589: gcc  -c -fno-rtti  conftest.c >&5
cc1: warning: command line option '-fno-rtti' is valid for C++/ObjC++ but not for C [enabled by default]
configure:6589: $? = 0
configure:6598: result: yes
configure:6572: checking whether gcc  supports -fasynchronous-unwind-tables
configure:6589: gcc  -c -fasynchronous-unwind-tables  conftest.c >&5
configure:6589: $? = 0
configure:6598: result: yes
configure:6745: checking valgrind.h usability
configure:6745: gcc  -c -isystem/jenhome/jenkins/jobs/LE910Cx_Multi_DAILY/workspace/build/apps_proc/poky/build/tmp-glibc/sysroots/x86_64-linux/usr/include -pipe   conftest.c >&5
conftest.c:71:22: fatal error: valgrind.h: No such file or directory
 #include <valgrind.h>
                      ^
compilation terminated.
configure:6745: $? = 1
configure: failed program was:
| /* confdefs.h */
| #define PACKAGE_NAME ""
| #define PACKAGE_TARNAME ""
| #define PACKAGE_VERSION ""
| #define PACKAGE_STRING ""
| #define PACKAGE_BUGREPORT ""
| #define PACKAGE_URL ""
| #define STDC_HEADERS 1
| #define HAVE_SYS_TYPES_H 1
| #define HAVE_SYS_STAT_H 1
| #define HAVE_STDLIB_H 1
| #define HAVE_STRING_H 1
| #define HAVE_MEMORY_H 1
| #define HAVE_STRINGS_H 1
| #define HAVE_INTTYPES_H 1
| #define HAVE_STDINT_H 1
| #define HAVE_UNISTD_H 1
| #define __EXTENSIONS__ 1
| #define _ALL_SOURCE 1
| #define _GNU_SOURCE 1
| #define _POSIX_PTHREAD_SEMANTICS 1
| #define _TANDEM_SOURCE 1
| #define SIZEOF_VOID_P 8
| #define SIZEOF_SHORT 2
| #define SIZEOF_INT 4
| #define SIZEOF_LONG 8
| #define HAVE_LONG_LONG 1
| #define SIZEOF_LONG_LONG 8
| #define HAVE_LONG_LONG_INT 1
| #define HAVE_INTMAX_T 1
| #define HAVE_INTPTR_T 1
| #define HAVE_UNSIGNED_LONG_LONG_INT 1
| #define HAVE_UINTMAX_T 1
| #define HAVE_UINTPTR_T 1
| #define ENABLE_ASSERT_CHECKING 1
| #define ENABLE_RUNTIME_CHECKING 1
| /* end confdefs.h.  */
| #include <stdio.h>
| #ifdef HAVE_SYS_TYPES_H
| # include <sys/types.h>
| #endif
| #ifdef HAVE_SYS_STAT_H
| # include <sys/stat.h>
| #endif
| #ifdef STDC_HEADERS
| # include <stdlib.h>
| # include <stddef.h>
| #else
| # ifdef HAVE_STDLIB_H
| #  include <stdlib.h>
| # endif
| #endif
| #ifdef HAVE_STRING_H
| # if !defined STDC_HEADERS && defined HAVE_MEMORY_H
| #  include <memory.h>
| # endif
| # include <string.h>
| #endif
| #ifdef HAVE_STRINGS_H
| # include <strings.h>
| #endif
| #ifdef HAVE_INTTYPES_H
| # include <inttypes.h>
| #endif
| #ifdef HAVE_STDINT_H
| # include <stdint.h>
| #endif
| #ifdef HAVE_UNISTD_H
| # include <unistd.h>
| #endif
| #include <valgrind.h>
configure:6745: result: no
configure:6745: checking valgrind.h presence
configure:6745: gcc -E   conftest.c
conftest.c:38:22: fatal error: valgrind.h: No such file or directory
 #include <valgrind.h>
                      ^
compilation terminated.
configure:6745: $? = 1
configure: failed program was:
| /* confdefs.h */
| #define PACKAGE_NAME ""
| #define PACKAGE_TARNAME ""
| #define PACKAGE_VERSION ""
| #define PACKAGE_STRING ""
| #define PACKAGE_BUGREPORT ""
| #define PACKAGE_URL ""
| #define STDC_HEADERS 1
| #define HAVE_SYS_TYPES_H 1
| #define HAVE_SYS_STAT_H 1
| #define HAVE_STDLIB_H 1
| #define HAVE_STRING_H 1
| #define HAVE_MEMORY_H 1
| #define HAVE_STRINGS_H 1
| #define HAVE_INTTYPES_H 1
| #define HAVE_STDINT_H 1
| #define HAVE_UNISTD_H 1
| #define __EXTENSIONS__ 1
| #define _ALL_SOURCE 1
| #define _GNU_SOURCE 1
| #define _POSIX_PTHREAD_SEMANTICS 1
| #define _TANDEM_SOURCE 1
| #define SIZEOF_VOID_P 8
| #define SIZEOF_SHORT 2
| #define SIZEOF_INT 4
| #define SIZEOF_LONG 8
| #define HAVE_LONG_LONG 1
| #define SIZEOF_LONG_LONG 8
| #define HAVE_LONG_LONG_INT 1
| #define HAVE_INTMAX_T 1
| #define HAVE_INTPTR_T 1
| #define HAVE_UNSIGNED_LONG_LONG_INT 1
| #define HAVE_UINTMAX_T 1
| #define HAVE_UINTPTR_T 1
| #define ENABLE_ASSERT_CHECKING 1
| #define ENABLE_RUNTIME_CHECKING 1
| /* end confdefs.h.  */
| #include <valgrind.h>
configure:6745: result: no
configure:6745: checking for valgrind.h
configure:6745: result: no
configure:6966: checking for multiarch configuration
configure:6969: result: auto
configure:7004: WARNING: decimal float is not supported for this target, ignored
configure:7322: checking whether make sets $(MAKE)
configure:7344: result: yes
configure:7359: checking for gawk
configure:7386: result: gawk
configure:7403: checking whether ln -s works
configure:7431: result: yes
configure:7443: checking whether ln works
configure:7465: result: yes
configure:7472: checking for x86_64-linux-ranlib
configure:7499: result: ranlib
configure:7574: checking for a BSD compatible install
configure:7616: result: /usr/bin/install -c
configure:7627: checking for cmp's capabilities
configure:7654: result: gnucompare
configure:7663: checking for mktemp
configure:7679: found /bin/mktemp
configure:7691: result: yes
configure:7705: checking for makeinfo
configure:7732: result: makeinfo
configure:7742: checking for modern makeinfo
configure:7757: result: yes
configure:7780: checking for recent Pod::Man
configure:7783: result: yes
configure:7800: checking for flex
configure:7827: result: flex
configure:7845: checking for bison
configure:7872: result: bison
configure:7895: checking for nm
configure:7923: result: nm
configure:7940: checking for ar
configure:7968: result: ar
configure:7988: checking for ANSI C header files
configure:8092: result: yes
configure:8100: checking whether time.h and sys/time.h may both be included
configure:8120: gcc  -c -isystem/jenhome/jenkins/jobs/LE910Cx_Multi_DAILY/workspace/build/apps_proc/poky/build/tmp-glibc/sysroots/x86_64-linux/usr/include -pipe   conftest.c >&5
configure:8120: $? = 0
configure:8127: result: yes
configure:8135: checking whether string.h and strings.h may both be included
configure:8152: gcc  -c -isystem/jenhome/jenkins/jobs/LE910Cx_Multi_DAILY/workspace/build/apps_proc/poky/build/tmp-glibc/sysroots/x86_64-linux/usr/include -pipe   conftest.c >&5
configure:8152: $? = 0
configure:8159: result: yes
configure:8167: checking for sys/wait.h that is POSIX.1 compatible
configure:8193: gcc  -c -isystem/jenhome/jenkins/jobs/LE910Cx_Multi_DAILY/workspace/build/apps_proc/poky/build/tmp-glibc/sysroots/x86_64-linux/usr/include -pipe   conftest.c >&5
configure:8193: $? = 0
configure:8200: result: yes
configure:8208: checking whether termios.h defines TIOCGWINSZ
configure:8231: result: no
configure:8235: checking whether sys/ioctl.h defines TIOCGWINSZ
configure:8258: result: yes
configure:8274: checking for limits.h
configure:8274: gcc -E   conftest.c
configure:8274: $? = 0
configure:8274: result: yes
configure:8274: checking for stddef.h
configure:8274: gcc -E   conftest.c
configure:8274: $? = 0
configure:8274: result: yes
configure:8274: checking for string.h
configure:8274: result: yes
configure:8274: checking for strings.h
configure:8274: result: yes
configure:8274: checking for stdlib.h
configure:8274: result: yes
configure:8274: checking for time.h
configure:8274: gcc -E   conftest.c
configure:8274: $? = 0
configure:8274: result: yes
configure:8274: checking for iconv.h
configure:8274: gcc -E   conftest.c
configure:8274: $? = 0
configure:8274: result: yes
configure:8274: checking for fcntl.h
configure:8274: gcc -E   conftest.c
configure:8274: $? = 0
configure:8274: result: yes
configure:8274: checking for unistd.h
configure:8274: result: yes
configure:8274: checking for sys/file.h
configure:8274: gcc -E   conftest.c
configure:8274: $? = 0
configure:8274: result: yes
configure:8274: checking for sys/time.h
configure:8274: gcc -E   conftest.c
configure:8274: $? = 0
configure:8274: result: yes
configure:8274: checking for sys/mman.h
configure:8274: gcc -E   conftest.c
configure:8274: $? = 0
configure:8274: result: yes
configure:8274: checking for sys/resource.h
configure:8274: gcc -E   conftest.c
configure:8274: $? = 0
configure:8274: result: yes
configure:8274: checking for sys/param.h
configure:8274: gcc -E   conftest.c
configure:8274: $? = 0
configure:8274: result: yes
configure:8274: checking for sys/times.h
configure:8274: gcc -E   conftest.c
configure:8274: $? = 0
configure:8274: result: yes
configure:8274: checking for sys/stat.h
configure:8274: result: yes
configure:8274: checking for direct.h
configure:8274: gcc -E   conftest.c
conftest.c:63:20: fatal error: direct.h: No such file or directory
 #include <direct.h>
                    ^
compilation terminated.
configure:8274: $? = 1
configure: failed program was:
| /* confdefs.h */
| #define PACKAGE_NAME ""
| #define PACKAGE_TARNAME ""
| #define PACKAGE_VERSION ""
| #define PACKAGE_STRING ""
| #define PACKAGE_BUGREPORT ""
| #define PACKAGE_URL ""
| #define STDC_HEADERS 1
| #define HAVE_SYS_TYPES_H 1
| #define HAVE_SYS_STAT_H 1
| #define HAVE_STDLIB_H 1
| #define HAVE_STRING_H 1
| #define HAVE_MEMORY_H 1
| #define HAVE_STRINGS_H 1
| #define HAVE_INTTYPES_H 1
| #define HAVE_STDINT_H 1
| #define HAVE_UNISTD_H 1
| #define __EXTENSIONS__ 1
| #define _ALL_SOURCE 1
| #define _GNU_SOURCE 1
| #define _POSIX_PTHREAD_SEMANTICS 1
| #define _TANDEM_SOURCE 1
| #define SIZEOF_VOID_P 8
| #define SIZEOF_SHORT 2
| #define SIZEOF_INT 4
| #define SIZEOF_LONG 8
| #define HAVE_LONG_LONG 1
| #define SIZEOF_LONG_LONG 8
| #define HAVE_LONG_LONG_INT 1
| #define HAVE_INTMAX_T 1
| #define HAVE_INTPTR_T 1
| #define HAVE_UNSIGNED_LONG_LONG_INT 1
| #define HAVE_UINTMAX_T 1
| #define HAVE_UINTPTR_T 1
| #define ENABLE_ASSERT_CHECKING 1
| #define ENABLE_RUNTIME_CHECKING 1
| #define GATHER_STATISTICS 0
| #define ENABLE_DECIMAL_FLOAT 0
| #define ENABLE_DECIMAL_BID_FORMAT 0
| #define ENABLE_FIXED_POINT 1
| #define STDC_HEADERS 1
| #define TIME_WITH_SYS_TIME 1
| #define STRING_WITH_STRINGS 1
| #define HAVE_SYS_WAIT_H 1
| #define GWINSZ_IN_SYS_IOCTL 1
| #define HAVE_LIMITS_H 1
| #define HAVE_STDDEF_H 1
| #define HAVE_STRING_H 1
| #define HAVE_STRINGS_H 1
| #define HAVE_STDLIB_H 1
| #define HAVE_TIME_H 1
| #define HAVE_ICONV_H 1
| #define HAVE_FCNTL_H 1
| #define HAVE_UNISTD_H 1
| #define HAVE_SYS_FILE_H 1
| #define HAVE_SYS_TIME_H 1
| #define HAVE_SYS_MMAN_H 1
| #define HAVE_SYS_RESOURCE_H 1
| #define HAVE_SYS_PARAM_H 1
| #define HAVE_SYS_TIMES_H 1
| #define HAVE_SYS_STAT_H 1
| /* end confdefs.h.  */
| #include <direct.h>
configure:8274: result: no
configure:8274: checking for malloc.h
configure:8274: gcc -E   conftest.c
configure:8274: $? = 0
configure:8274: result: yes
configure:8274: checking for langinfo.h
configure:8274: gcc -E   conftest.c
configure:8274: $? = 0
configure:8274: result: yes
configure:8274: checking for ldfcn.h
configure:8274: gcc -E   conftest.c
conftest.c:65:19: fatal error: ldfcn.h: No such file or directory
 #include <ldfcn.h>
                   ^
compilation terminated.
configure:8274: $? = 1
configure: failed program was:
| /* confdefs.h */
| #define PACKAGE_NAME ""
| #define PACKAGE_TARNAME ""
| #define PACKAGE_VERSION ""
| #define PACKAGE_STRING ""
| #define PACKAGE_BUGREPORT ""
| #define PACKAGE_URL ""
| #define STDC_HEADERS 1
| #define HAVE_SYS_TYPES_H 1
| #define HAVE_SYS_STAT_H 1
| #define HAVE_STDLIB_H 1
| #define HAVE_STRING_H 1
| #define HAVE_MEMORY_H 1
| #define HAVE_STRINGS_H 1
| #define HAVE_INTTYPES_H 1
| #define HAVE_STDINT_H 1
| #define HAVE_UNISTD_H 1
| #define __EXTENSIONS__ 1
| #define _ALL_SOURCE 1
| #define _GNU_SOURCE 1
| #define _POSIX_PTHREAD_SEMANTICS 1
| #define _TANDEM_SOURCE 1
| #define SIZEOF_VOID_P 8
| #define SIZEOF_SHORT 2
| #define SIZEOF_INT 4
| #define SIZEOF_LONG 8
| #define HAVE_LONG_LONG 1
| #define SIZEOF_LONG_LONG 8
| #define HAVE_LONG_LONG_INT 1
| #define HAVE_INTMAX_T 1
| #define HAVE_INTPTR_T 1
| #define HAVE_UNSIGNED_LONG_LONG_INT 1
| #define HAVE_UINTMAX_T 1
| #define HAVE_UINTPTR_T 1
| #define ENABLE_ASSERT_CHECKING 1
| #define ENABLE_RUNTIME_CHECKING 1
| #define GATHER_STATISTICS 0
| #define ENABLE_DECIMAL_FLOAT 0
| #define ENABLE_DECIMAL_BID_FORMAT 0
| #define ENABLE_FIXED_POINT 1
| #define STDC_HEADERS 1
| #define TIME_WITH_SYS_TIME 1
| #define STRING_WITH_STRINGS 1
| #define HAVE_SYS_WAIT_H 1
| #define GWINSZ_IN_SYS_IOCTL 1
| #define HAVE_LIMITS_H 1
| #define HAVE_STDDEF_H 1
| #define HAVE_STRING_H 1
| #define HAVE_STRINGS_H 1
| #define HAVE_STDLIB_H 1
| #define HAVE_TIME_H 1
| #define HAVE_ICONV_H 1
| #define HAVE_FCNTL_H 1
| #define HAVE_UNISTD_H 1
| #define HAVE_SYS_FILE_H 1
| #define HAVE_SYS_TIME_H 1
| #define HAVE_SYS_MMAN_H 1
| #define HAVE_SYS_RESOURCE_H 1
| #define HAVE_SYS_PARAM_H 1
| #define HAVE_SYS_TIMES_H 1
| #define HAVE_SYS_STAT_H 1
| #define HAVE_MALLOC_H 1
| #define HAVE_LANGINFO_H 1
| /* end confdefs.h.  */
| #include <ldfcn.h>
configure:8274: result: no
configure:8274: checking for locale.h
configure:8274: gcc -E   conftest.c
configure:8274: $? = 0
configure:8274: result: yes
configure:8274: checking for wchar.h
configure:8274: gcc -E   conftest.c
configure:8274: $? = 0
configure:8274: result: yes
configure:8286: checking for thread.h
configure:8286: gcc -E   conftest.c
conftest.c:67:20: fatal error: thread.h: No such file or directory
 #include <thread.h>
                    ^
compilation terminated.
configure:8286: $? = 1
configure: failed program was:
| /* confdefs.h */
| #define PACKAGE_NAME ""
| #define PACKAGE_TARNAME ""
| #define PACKAGE_VERSION ""
| #define PACKAGE_STRING ""
| #define PACKAGE_BUGREPORT ""
| #define PACKAGE_URL ""
| #define STDC_HEADERS 1
| #define HAVE_SYS_TYPES_H 1
| #define HAVE_SYS_STAT_H 1
| #define HAVE_STDLIB_H 1
| #define HAVE_STRING_H 1
| #define HAVE_MEMORY_H 1
| #define HAVE_STRINGS_H 1
| #define HAVE_INTTYPES_H 1
| #define HAVE_STDINT_H 1
| #define HAVE_UNISTD_H 1
| #define __EXTENSIONS__ 1
| #define _ALL_SOURCE 1
| #define _GNU_SOURCE 1
| #define _POSIX_PTHREAD_SEMANTICS 1
| #define _TANDEM_SOURCE 1
| #define SIZEOF_VOID_P 8
| #define SIZEOF_SHORT 2
| #define SIZEOF_INT 4
| #define SIZEOF_LONG 8
| #define HAVE_LONG_LONG 1
| #define SIZEOF_LONG_LONG 8
| #define HAVE_LONG_LONG_INT 1
| #define HAVE_INTMAX_T 1
| #define HAVE_INTPTR_T 1
| #define HAVE_UNSIGNED_LONG_LONG_INT 1
| #define HAVE_UINTMAX_T 1
| #define HAVE_UINTPTR_T 1
| #define ENABLE_ASSERT_CHECKING 1
| #define ENABLE_RUNTIME_CHECKING 1
| #define GATHER_STATISTICS 0
| #define ENABLE_DECIMAL_FLOAT 0
| #define ENABLE_DECIMAL_BID_FORMAT 0
| #define ENABLE_FIXED_POINT 1
| #define STDC_HEADERS 1
| #define TIME_WITH_SYS_TIME 1
| #define STRING_WITH_STRINGS 1
| #define HAVE_SYS_WAIT_H 1
| #define GWINSZ_IN_SYS_IOCTL 1
| #define HAVE_LIMITS_H 1
| #define HAVE_STDDEF_H 1
| #define HAVE_STRING_H 1
| #define HAVE_STRINGS_H 1
| #define HAVE_STDLIB_H 1
| #define HAVE_TIME_H 1
| #define HAVE_ICONV_H 1
| #define HAVE_FCNTL_H 1
| #define HAVE_UNISTD_H 1
| #define HAVE_SYS_FILE_H 1
| #define HAVE_SYS_TIME_H 1
| #define HAVE_SYS_MMAN_H 1
| #define HAVE_SYS_RESOURCE_H 1
| #define HAVE_SYS_PARAM_H 1
| #define HAVE_SYS_TIMES_H 1
| #define HAVE_SYS_STAT_H 1
| #define HAVE_MALLOC_H 1
| #define HAVE_LANGINFO_H 1
| #define HAVE_LOCALE_H 1
| #define HAVE_WCHAR_H 1
| /* end confdefs.h.  */
| #include <thread.h>
configure:8286: result: no
configure:8293: checking for pthread.h
configure:8293: gcc -E   conftest.c
configure:8293: $? = 0
configure:8293: result: yes
configure:8302: checking for CHAR_BIT
configure:8326: result: yes
configure:8372: checking whether byte ordering is bigendian
configure:8387: gcc  -c -isystem/jenhome/jenkins/jobs/LE910Cx_Multi_DAILY/workspace/build/apps_proc/poky/build/tmp-glibc/sysroots/x86_64-linux/usr/include -pipe   conftest.c >&5
conftest.c:68:9: error: unknown type name 'not'
         not a universal capable compiler
         ^
conftest.c:68:15: error: expected '=', ',', ';', 'asm' or '__attribute__' before 'universal'
         not a universal capable compiler
               ^
conftest.c:68:15: error: unknown type name 'universal'
configure:8387: $? = 1
configure: failed program was:
| /* confdefs.h */
| #define PACKAGE_NAME ""
| #define PACKAGE_TARNAME ""
| #define PACKAGE_VERSION ""
| #define PACKAGE_STRING ""
| #define PACKAGE_BUGREPORT ""
| #define PACKAGE_URL ""
| #define STDC_HEADERS 1
| #define HAVE_SYS_TYPES_H 1
| #define HAVE_SYS_STAT_H 1
| #define HAVE_STDLIB_H 1
| #define HAVE_STRING_H 1
| #define HAVE_MEMORY_H 1
| #define HAVE_STRINGS_H 1
| #define HAVE_INTTYPES_H 1
| #define HAVE_STDINT_H 1
| #define HAVE_UNISTD_H 1
| #define __EXTENSIONS__ 1
| #define _ALL_SOURCE 1
| #define _GNU_SOURCE 1
| #define _POSIX_PTHREAD_SEMANTICS 1
| #define _TANDEM_SOURCE 1
| #define SIZEOF_VOID_P 8
| #define SIZEOF_SHORT 2
| #define SIZEOF_INT 4
| #define SIZEOF_LONG 8
| #define HAVE_LONG_LONG 1
| #define SIZEOF_LONG_LONG 8
| #define HAVE_LONG_LONG_INT 1
| #define HAVE_INTMAX_T 1
| #define HAVE_INTPTR_T 1
| #define HAVE_UNSIGNED_LONG_LONG_INT 1
| #define HAVE_UINTMAX_T 1
| #define HAVE_UINTPTR_T 1
| #define ENABLE_ASSERT_CHECKING 1
| #define ENABLE_RUNTIME_CHECKING 1
| #define GATHER_STATISTICS 0
| #define ENABLE_DECIMAL_FLOAT 0
| #define ENABLE_DECIMAL_BID_FORMAT 0
| #define ENABLE_FIXED_POINT 1
| #define STDC_HEADERS 1
| #define TIME_WITH_SYS_TIME 1
| #define STRING_WITH_STRINGS 1
| #define HAVE_SYS_WAIT_H 1
| #define GWINSZ_IN_SYS_IOCTL 1
| #define HAVE_LIMITS_H 1
| #define HAVE_STDDEF_H 1
| #define HAVE_STRING_H 1
| #define HAVE_STRINGS_H 1
| #define HAVE_STDLIB_H 1
| #define HAVE_TIME_H 1
| #define HAVE_ICONV_H 1
| #define HAVE_FCNTL_H 1
| #define HAVE_UNISTD_H 1
| #define HAVE_SYS_FILE_H 1
| #define HAVE_SYS_TIME_H 1
| #define HAVE_SYS_MMAN_H 1
| #define HAVE_SYS_RESOURCE_H 1
| #define HAVE_SYS_PARAM_H 1
| #define HAVE_SYS_TIMES_H 1
| #define HAVE_SYS_STAT_H 1
| #define HAVE_MALLOC_H 1
| #define HAVE_LANGINFO_H 1
| #define HAVE_LOCALE_H 1
| #define HAVE_WCHAR_H 1
| /* end confdefs.h.  */
| #ifndef __APPLE_CC__
| 	       not a universal capable compiler
| 	     #endif
| 	     typedef int dummy;
| 
configure:8432: gcc  -c -isystem/jenhome/jenkins/jobs/LE910Cx_Multi_DAILY/workspace/build/apps_proc/poky/build/tmp-glibc/sysroots/x86_64-linux/usr/include -pipe   conftest.c >&5
configure:8432: $? = 0
configure:8450: gcc  -c -isystem/jenhome/jenkins/jobs/LE910Cx_Multi_DAILY/workspace/build/apps_proc/poky/build/tmp-glibc/sysroots/x86_64-linux/usr/include -pipe   conftest.c >&5
conftest.c: In function 'main':
conftest.c:74:4: error: unknown type name 'not'
    not big endian
    ^
conftest.c:74:12: error: expected '=', ',', ';', 'asm' or '__attribute__' before 'endian'
    not big endian
            ^
configure:8450: $? = 1
configure: failed program was:
| /* confdefs.h */
| #define PACKAGE_NAME ""
| #define PACKAGE_TARNAME ""
| #define PACKAGE_VERSION ""
| #define PACKAGE_STRING ""
| #define PACKAGE_BUGREPORT ""
| #define PACKAGE_URL ""
| #define STDC_HEADERS 1
| #define HAVE_SYS_TYPES_H 1
| #define HAVE_SYS_STAT_H 1
| #define HAVE_STDLIB_H 1
| #define HAVE_STRING_H 1
| #define HAVE_MEMORY_H 1
| #define HAVE_STRINGS_H 1
| #define HAVE_INTTYPES_H 1
| #define HAVE_STDINT_H 1
| #define HAVE_UNISTD_H 1
| #define __EXTENSIONS__ 1
| #define _ALL_SOURCE 1
| #define _GNU_SOURCE 1
| #define _POSIX_PTHREAD_SEMANTICS 1
| #define _TANDEM_SOURCE 1
| #define SIZEOF_VOID_P 8
| #define SIZEOF_SHORT 2
| #define SIZEOF_INT 4
| #define SIZEOF_LONG 8
| #define HAVE_LONG_LONG 1
| #define SIZEOF_LONG_LONG 8
| #define HAVE_LONG_LONG_INT 1
| #define HAVE_INTMAX_T 1
| #define HAVE_INTPTR_T 1
| #define HAVE_UNSIGNED_LONG_LONG_INT 1
| #define HAVE_UINTMAX_T 1
| #define HAVE_UINTPTR_T 1
| #define ENABLE_ASSERT_CHECKING 1
| #define ENABLE_RUNTIME_CHECKING 1
| #define GATHER_STATISTICS 0
| #define ENABLE_DECIMAL_FLOAT 0
| #define ENABLE_DECIMAL_BID_FORMAT 0
| #define ENABLE_FIXED_POINT 1
| #define STDC_HEADERS 1
| #define TIME_WITH_SYS_TIME 1
| #define STRING_WITH_STRINGS 1
| #define HAVE_SYS_WAIT_H 1
| #define GWINSZ_IN_SYS_IOCTL 1
| #define HAVE_LIMITS_H 1
| #define HAVE_STDDEF_H 1
| #define HAVE_STRING_H 1
| #define HAVE_STRINGS_H 1
| #define HAVE_STDLIB_H 1
| #define HAVE_TIME_H 1
| #define HAVE_ICONV_H 1
| #define HAVE_FCNTL_H 1
| #define HAVE_UNISTD_H 1
| #define HAVE_SYS_FILE_H 1
| #define HAVE_SYS_TIME_H 1
| #define HAVE_SYS_MMAN_H 1
| #define HAVE_SYS_RESOURCE_H 1
| #define HAVE_SYS_PARAM_H 1
| #define HAVE_SYS_TIMES_H 1
| #define HAVE_SYS_STAT_H 1
| #define HAVE_MALLOC_H 1
| #define HAVE_LANGINFO_H 1
| #define HAVE_LOCALE_H 1
| #define HAVE_WCHAR_H 1
| /* end confdefs.h.  */
| #include <sys/types.h>
| 		#include <sys/param.h>
| 
| int
| main ()
| {
| #if BYTE_ORDER != BIG_ENDIAN
| 		 not big endian
| 		#endif
| 
|   ;
|   return 0;
| }
configure:8578: result: no
configure:8606: checking how to run the C++ preprocessor
configure:8633: g++  -E  conftest.cpp
configure:8633: $? = 0
configure:8647: g++  -E  conftest.cpp
conftest.cpp:67:28: fatal error: ac_nonexistent.h: No such file or directory
 #include <ac_nonexistent.h>
                            ^
compilation terminated.
configure:8647: $? = 1
configure: failed program was:
| /* confdefs.h */
| #define PACKAGE_NAME ""
| #define PACKAGE_TARNAME ""
| #define PACKAGE_VERSION ""
| #define PACKAGE_STRING ""
| #define PACKAGE_BUGREPORT ""
| #define PACKAGE_URL ""
| #define STDC_HEADERS 1
| #define HAVE_SYS_TYPES_H 1
| #define HAVE_SYS_STAT_H 1
| #define HAVE_STDLIB_H 1
| #define HAVE_STRING_H 1
| #define HAVE_MEMORY_H 1
| #define HAVE_STRINGS_H 1
| #define HAVE_INTTYPES_H 1
| #define HAVE_STDINT_H 1
| #define HAVE_UNISTD_H 1
| #define __EXTENSIONS__ 1
| #define _ALL_SOURCE 1
| #define _GNU_SOURCE 1
| #define _POSIX_PTHREAD_SEMANTICS 1
| #define _TANDEM_SOURCE 1
| #define SIZEOF_VOID_P 8
| #define SIZEOF_SHORT 2
| #define SIZEOF_INT 4
| #define SIZEOF_LONG 8
| #define HAVE_LONG_LONG 1
| #define SIZEOF_LONG_LONG 8
| #define HAVE_LONG_LONG_INT 1
| #define HAVE_INTMAX_T 1
| #define HAVE_INTPTR_T 1
| #define HAVE_UNSIGNED_LONG_LONG_INT 1
| #define HAVE_UINTMAX_T 1
| #define HAVE_UINTPTR_T 1
| #define ENABLE_ASSERT_CHECKING 1
| #define ENABLE_RUNTIME_CHECKING 1
| #define GATHER_STATISTICS 0
| #define ENABLE_DECIMAL_FLOAT 0
| #define ENABLE_DECIMAL_BID_FORMAT 0
| #define ENABLE_FIXED_POINT 1
| #define STDC_HEADERS 1
| #define TIME_WITH_SYS_TIME 1
| #define STRING_WITH_STRINGS 1
| #define HAVE_SYS_WAIT_H 1
| #define GWINSZ_IN_SYS_IOCTL 1
| #define HAVE_LIMITS_H 1
| #define HAVE_STDDEF_H 1
| #define HAVE_STRING_H 1
| #define HAVE_STRINGS_H 1
| #define HAVE_STDLIB_H 1
| #define HAVE_TIME_H 1
| #define HAVE_ICONV_H 1
| #define HAVE_FCNTL_H 1
| #define HAVE_UNISTD_H 1
| #define HAVE_SYS_FILE_H 1
| #define HAVE_SYS_TIME_H 1
| #define HAVE_SYS_MMAN_H 1
| #define HAVE_SYS_RESOURCE_H 1
| #define HAVE_SYS_PARAM_H 1
| #define HAVE_SYS_TIMES_H 1
| #define HAVE_SYS_STAT_H 1
| #define HAVE_MALLOC_H 1
| #define HAVE_LANGINFO_H 1
| #define HAVE_LOCALE_H 1
| #define HAVE_WCHAR_H 1
| /* end confdefs.h.  */
| #include <ac_nonexistent.h>
configure:8672: result: g++  -E
configure:8692: g++  -E  conftest.cpp
configure:8692: $? = 0
configure:8706: g++  -E  conftest.cpp
conftest.cpp:67:28: fatal error: ac_nonexistent.h: No such file or directory
 #include <ac_nonexistent.h>
                            ^
compilation terminated.
configure:8706: $? = 1
configure: failed program was:
| /* confdefs.h */
| #define PACKAGE_NAME ""
| #define PACKAGE_TARNAME ""
| #define PACKAGE_VERSION ""
| #define PACKAGE_STRING ""
| #define PACKAGE_BUGREPORT ""
| #define PACKAGE_URL ""
| #define STDC_HEADERS 1
| #define HAVE_SYS_TYPES_H 1
| #define HAVE_SYS_STAT_H 1
| #define HAVE_STDLIB_H 1
| #define HAVE_STRING_H 1
| #define HAVE_MEMORY_H 1
| #define HAVE_STRINGS_H 1
| #define HAVE_INTTYPES_H 1
| #define HAVE_STDINT_H 1
| #define HAVE_UNISTD_H 1
| #define __EXTENSIONS__ 1
| #define _ALL_SOURCE 1
| #define _GNU_SOURCE 1
| #define _POSIX_PTHREAD_SEMANTICS 1
| #define _TANDEM_SOURCE 1
| #define SIZEOF_VOID_P 8
| #define SIZEOF_SHORT 2
| #define SIZEOF_INT 4
| #define SIZEOF_LONG 8
| #define HAVE_LONG_LONG 1
| #define SIZEOF_LONG_LONG 8
| #define HAVE_LONG_LONG_INT 1
| #define HAVE_INTMAX_T 1
| #define HAVE_INTPTR_T 1
| #define HAVE_UNSIGNED_LONG_LONG_INT 1
| #define HAVE_UINTMAX_T 1
| #define HAVE_UINTPTR_T 1
| #define ENABLE_ASSERT_CHECKING 1
| #define ENABLE_RUNTIME_CHECKING 1
| #define GATHER_STATISTICS 0
| #define ENABLE_DECIMAL_FLOAT 0
| #define ENABLE_DECIMAL_BID_FORMAT 0
| #define ENABLE_FIXED_POINT 1
| #define STDC_HEADERS 1
| #define TIME_WITH_SYS_TIME 1
| #define STRING_WITH_STRINGS 1
| #define HAVE_SYS_WAIT_H 1
| #define GWINSZ_IN_SYS_IOCTL 1
| #define HAVE_LIMITS_H 1
| #define HAVE_STDDEF_H 1
| #define HAVE_STRING_H 1
| #define HAVE_STRINGS_H 1
| #define HAVE_STDLIB_H 1
| #define HAVE_TIME_H 1
| #define HAVE_ICONV_H 1
| #define HAVE_FCNTL_H 1
| #define HAVE_UNISTD_H 1
| #define HAVE_SYS_FILE_H 1
| #define HAVE_SYS_TIME_H 1
| #define HAVE_SYS_MMAN_H 1
| #define HAVE_SYS_RESOURCE_H 1
| #define HAVE_SYS_PARAM_H 1
| #define HAVE_SYS_TIMES_H 1
| #define HAVE_SYS_STAT_H 1
| #define HAVE_MALLOC_H 1
| #define HAVE_LANGINFO_H 1
| #define HAVE_LOCALE_H 1
| #define HAVE_WCHAR_H 1
| /* end confdefs.h.  */
| #include <ac_nonexistent.h>
configure:8748: checking for unordered_map
configure:8748: g++  -E  conftest.cpp
In file included from /usr/include/c++/4.8/unordered_map:35:0,
                 from conftest.cpp:67:
/usr/include/c++/4.8/bits/c++0x_warning.h:32:2: error: #error This file requires compiler and library support for the ISO C++ 2011 standard. This support is currently experimental, and must be enabled with the -std=c++11 or -std=gnu++11 compiler options.
 #error This file requires compiler and library support for the \
  ^
configure:8748: $? = 1
configure: failed program was:
| /* confdefs.h */
| #define PACKAGE_NAME ""
| #define PACKAGE_TARNAME ""
| #define PACKAGE_VERSION ""
| #define PACKAGE_STRING ""
| #define PACKAGE_BUGREPORT ""
| #define PACKAGE_URL ""
| #define STDC_HEADERS 1
| #define HAVE_SYS_TYPES_H 1
| #define HAVE_SYS_STAT_H 1
| #define HAVE_STDLIB_H 1
| #define HAVE_STRING_H 1
| #define HAVE_MEMORY_H 1
| #define HAVE_STRINGS_H 1
| #define HAVE_INTTYPES_H 1
| #define HAVE_STDINT_H 1
| #define HAVE_UNISTD_H 1
| #define __EXTENSIONS__ 1
| #define _ALL_SOURCE 1
| #define _GNU_SOURCE 1
| #define _POSIX_PTHREAD_SEMANTICS 1
| #define _TANDEM_SOURCE 1
| #define SIZEOF_VOID_P 8
| #define SIZEOF_SHORT 2
| #define SIZEOF_INT 4
| #define SIZEOF_LONG 8
| #define HAVE_LONG_LONG 1
| #define SIZEOF_LONG_LONG 8
| #define HAVE_LONG_LONG_INT 1
| #define HAVE_INTMAX_T 1
| #define HAVE_INTPTR_T 1
| #define HAVE_UNSIGNED_LONG_LONG_INT 1
| #define HAVE_UINTMAX_T 1
| #define HAVE_UINTPTR_T 1
| #define ENABLE_ASSERT_CHECKING 1
| #define ENABLE_RUNTIME_CHECKING 1
| #define GATHER_STATISTICS 0
| #define ENABLE_DECIMAL_FLOAT 0
| #define ENABLE_DECIMAL_BID_FORMAT 0
| #define ENABLE_FIXED_POINT 1
| #define STDC_HEADERS 1
| #define TIME_WITH_SYS_TIME 1
| #define STRING_WITH_STRINGS 1
| #define HAVE_SYS_WAIT_H 1
| #define GWINSZ_IN_SYS_IOCTL 1
| #define HAVE_LIMITS_H 1
| #define HAVE_STDDEF_H 1
| #define HAVE_STRING_H 1
| #define HAVE_STRINGS_H 1
| #define HAVE_STDLIB_H 1
| #define HAVE_TIME_H 1
| #define HAVE_ICONV_H 1
| #define HAVE_FCNTL_H 1
| #define HAVE_UNISTD_H 1
| #define HAVE_SYS_FILE_H 1
| #define HAVE_SYS_TIME_H 1
| #define HAVE_SYS_MMAN_H 1
| #define HAVE_SYS_RESOURCE_H 1
| #define HAVE_SYS_PARAM_H 1
| #define HAVE_SYS_TIMES_H 1
| #define HAVE_SYS_STAT_H 1
| #define HAVE_MALLOC_H 1
| #define HAVE_LANGINFO_H 1
| #define HAVE_LOCALE_H 1
| #define HAVE_WCHAR_H 1
| /* end confdefs.h.  */
| #include <unordered_map>
configure:8748: result: no
configure:8759: checking for tr1/unordered_map
configure:8759: g++  -E  conftest.cpp
configure:8759: $? = 0
configure:8759: result: yes
configure:8770: checking for ext/hash_map
configure:8770: g++  -E  conftest.cpp
In file included from /usr/include/c++/4.8/ext/hash_map:60:0,
                 from conftest.cpp:68:
/usr/include/c++/4.8/backward/backward_warning.h:32:2: warning: #warning This file includes at least one deprecated or antiquated header which may be removed without further notice at a future date. Please use a non-deprecated interface with equivalent functionality instead. For a listing of replacement headers and interfaces, consult the file backward_warning.h. To disable this warning use -Wno-deprecated. [-Wcpp]
 #warning \
  ^
configure:8770: $? = 0
configure:8770: result: yes
configure:8817: checking dependency style of g++ 
configure:8848: trying gcc3
| depmode=gcc3 source=sub/conftest.c object=sub/conftest.o depfile=sub/conftest.Po tmpdepfile=sub/conftest.TPo /bin/sh ./depcomp g++ -c -o sub/conftest.o sub/conftest.c
configure:8887: success
configure:8902: result: gcc3
configure:8924: checking for collect2 libraries
configure:8962: result: none required
configure:8974: checking for library containing exc_resume
configure:9005: gcc  -o conftest -isystem/jenhome/jenkins/jobs/LE910Cx_Multi_DAILY/workspace/build/apps_proc/poky/build/tmp-glibc/sysroots/x86_64-linux/usr/include -pipe   -static-libstdc++ -static-libgcc -L/jenhome/jenkins/jobs/LE910Cx_Multi_DAILY/workspace/build/apps_proc/poky/build/tmp-glibc/sysroots/x86_64-linux/usr/lib -L/jenhome/jenkins/jobs/LE910Cx_Multi_DAILY/workspace/build/apps_proc/poky/build/tmp-glibc/sysroots/x86_64-linux/lib -Wl,-rpath-link,/jenhome/jenkins/jobs/LE910Cx_Multi_DAILY/workspace/build/apps_proc/poky/build/tmp-glibc/sysroots/x86_64-linux/usr/lib -Wl,-rpath-link,/jenhome/jenkins/jobs/LE910Cx_Multi_DAILY/workspace/build/apps_proc/poky/build/tmp-glibc/sysroots/x86_64-linux/lib -Wl,-rpath,/jenhome/jenkins/jobs/LE910Cx_Multi_DAILY/workspace/build/apps_proc/poky/build/tmp-glibc/sysroots/x86_64-linux/usr/lib -Wl,-rpath,/jenhome/jenkins/jobs/LE910Cx_Multi_DAILY/workspace/build/apps_proc/poky/build/tmp-glibc/sysroots/x86_64-linux/lib -Wl,-O1 conftest.c  >&5
/tmp/ccOMX4V0.o: In function `main':
conftest.c:(.text+0xa): undefined reference to `exc_resume'
collect2: error: ld returned 1 exit status
configure:9005: $? = 1
configure: failed program was:
| /* confdefs.h */
| #define PACKAGE_NAME ""
| #define PACKAGE_TARNAME ""
| #define PACKAGE_VERSION ""
| #define PACKAGE_STRING ""
| #define PACKAGE_BUGREPORT ""
| #define PACKAGE_URL ""
| #define STDC_HEADERS 1
| #define HAVE_SYS_TYPES_H 1
| #define HAVE_SYS_STAT_H 1
| #define HAVE_STDLIB_H 1
| #define HAVE_STRING_H 1
| #define HAVE_MEMORY_H 1
| #define HAVE_STRINGS_H 1
| #define HAVE_INTTYPES_H 1
| #define HAVE_STDINT_H 1
| #define HAVE_UNISTD_H 1
| #define __EXTENSIONS__ 1
| #define _ALL_SOURCE 1
| #define _GNU_SOURCE 1
| #define _POSIX_PTHREAD_SEMANTICS 1
| #define _TANDEM_SOURCE 1
| #define SIZEOF_VOID_P 8
| #define SIZEOF_SHORT 2
| #define SIZEOF_INT 4
| #define SIZEOF_LONG 8
| #define HAVE_LONG_LONG 1
| #define SIZEOF_LONG_LONG 8
| #define HAVE_LONG_LONG_INT 1
| #define HAVE_INTMAX_T 1
| #define HAVE_INTPTR_T 1
| #define HAVE_UNSIGNED_LONG_LONG_INT 1
| #define HAVE_UINTMAX_T 1
| #define HAVE_UINTPTR_T 1
| #define ENABLE_ASSERT_CHECKING 1
| #define ENABLE_RUNTIME_CHECKING 1
| #define GATHER_STATISTICS 0
| #define ENABLE_DECIMAL_FLOAT 0
| #define ENABLE_DECIMAL_BID_FORMAT 0
| #define ENABLE_FIXED_POINT 1
| #define STDC_HEADERS 1
| #define TIME_WITH_SYS_TIME 1
| #define STRING_WITH_STRINGS 1
| #define HAVE_SYS_WAIT_H 1
| #define GWINSZ_IN_SYS_IOCTL 1
| #define HAVE_LIMITS_H 1
| #define HAVE_STDDEF_H 1
| #define HAVE_STRING_H 1
| #define HAVE_STRINGS_H 1
| #define HAVE_STDLIB_H 1
| #define HAVE_TIME_H 1
| #define HAVE_ICONV_H 1
| #define HAVE_FCNTL_H 1
| #define HAVE_UNISTD_H 1
| #define HAVE_SYS_FILE_H 1
| #define HAVE_SYS_TIME_H 1
| #define HAVE_SYS_MMAN_H 1
| #define HAVE_SYS_RESOURCE_H 1
| #define HAVE_SYS_PARAM_H 1
| #define HAVE_SYS_TIMES_H 1
| #define HAVE_SYS_STAT_H 1
| #define HAVE_MALLOC_H 1
| #define HAVE_LANGINFO_H 1
| #define HAVE_LOCALE_H 1
| #define HAVE_WCHAR_H 1
| #define HAVE_TR1_UNORDERED_MAP 1
| #define HAVE_EXT_HASH_MAP 1
| /* end confdefs.h.  */
| 
| /* Override any GCC internal prototype to avoid an error.
|    Use char because int might match the return type of a GCC
|    builtin and then its argument prototype would still apply.  */
| #ifdef __cplusplus
| extern "C"
| #endif
| char exc_resume ();
| int
| main ()
| {
| return exc_resume ();
|   ;
|   return 0;
| }
configure:9005: gcc  -o conftest -isystem/jenhome/jenkins/jobs/LE910Cx_Multi_DAILY/workspace/build/apps_proc/poky/build/tmp-glibc/sysroots/x86_64-linux/usr/include -pipe   -static-libstdc++ -static-libgcc -L/jenhome/jenkins/jobs/LE910Cx_Multi_DAILY/workspace/build/apps_proc/poky/build/tmp-glibc/sysroots/x86_64-linux/usr/lib -L/jenhome/jenkins/jobs/LE910Cx_Multi_DAILY/workspace/build/apps_proc/poky/build/tmp-glibc/sysroots/x86_64-linux/lib -Wl,-rpath-link,/jenhome/jenkins/jobs/LE910Cx_Multi_DAILY/workspace/build/apps_proc/poky/build/tmp-glibc/sysroots/x86_64-linux/usr/lib -Wl,-rpath-link,/jenhome/jenkins/jobs/LE910Cx_Multi_DAILY/workspace/build/apps_proc/poky/build/tmp-glibc/sysroots/x86_64-linux/lib -Wl,-rpath,/jenhome/jenkins/jobs/LE910Cx_Multi_DAILY/workspace/build/apps_proc/poky/build/tmp-glibc/sysroots/x86_64-linux/usr/lib -Wl,-rpath,/jenhome/jenkins/jobs/LE910Cx_Multi_DAILY/workspace/build/apps_proc/poky/build/tmp-glibc/sysroots/x86_64-linux/lib -Wl,-O1 conftest.c -lexc   >&5
/usr/bin/ld: cannot find -lexc
collect2: error: ld returned 1 exit status
configure:9005: $? = 1
configure: failed program was:
| /* confdefs.h */
| #define PACKAGE_NAME ""
| #define PACKAGE_TARNAME ""
| #define PACKAGE_VERSION ""
| #define PACKAGE_STRING ""
| #define PACKAGE_BUGREPORT ""
| #define PACKAGE_URL ""
| #define STDC_HEADERS 1
| #define HAVE_SYS_TYPES_H 1
| #define HAVE_SYS_STAT_H 1
| #define HAVE_STDLIB_H 1
| #define HAVE_STRING_H 1
| #define HAVE_MEMORY_H 1
| #define HAVE_STRINGS_H 1
| #define HAVE_INTTYPES_H 1
| #define HAVE_STDINT_H 1
| #define HAVE_UNISTD_H 1
| #define __EXTENSIONS__ 1
| #define _ALL_SOURCE 1
| #define _GNU_SOURCE 1
| #define _POSIX_PTHREAD_SEMANTICS 1
| #define _TANDEM_SOURCE 1
| #define SIZEOF_VOID_P 8
| #define SIZEOF_SHORT 2
| #define SIZEOF_INT 4
| #define SIZEOF_LONG 8
| #define HAVE_LONG_LONG 1
| #define SIZEOF_LONG_LONG 8
| #define HAVE_LONG_LONG_INT 1
| #define HAVE_INTMAX_T 1
| #define HAVE_INTPTR_T 1
| #define HAVE_UNSIGNED_LONG_LONG_INT 1
| #define HAVE_UINTMAX_T 1
| #define HAVE_UINTPTR_T 1
| #define ENABLE_ASSERT_CHECKING 1
| #define ENABLE_RUNTIME_CHECKING 1
| #define GATHER_STATISTICS 0
| #define ENABLE_DECIMAL_FLOAT 0
| #define ENABLE_DECIMAL_BID_FORMAT 0
| #define ENABLE_FIXED_POINT 1
| #define STDC_HEADERS 1
| #define TIME_WITH_SYS_TIME 1
| #define STRING_WITH_STRINGS 1
| #define HAVE_SYS_WAIT_H 1
| #define GWINSZ_IN_SYS_IOCTL 1
| #define HAVE_LIMITS_H 1
| #define HAVE_STDDEF_H 1
| #define HAVE_STRING_H 1
| #define HAVE_STRINGS_H 1
| #define HAVE_STDLIB_H 1
| #define HAVE_TIME_H 1
| #define HAVE_ICONV_H 1
| #define HAVE_FCNTL_H 1
| #define HAVE_UNISTD_H 1
| #define HAVE_SYS_FILE_H 1
| #define HAVE_SYS_TIME_H 1
| #define HAVE_SYS_MMAN_H 1
| #define HAVE_SYS_RESOURCE_H 1
| #define HAVE_SYS_PARAM_H 1
| #define HAVE_SYS_TIMES_H 1
| #define HAVE_SYS_STAT_H 1
| #define HAVE_MALLOC_H 1
| #define HAVE_LANGINFO_H 1
| #define HAVE_LOCALE_H 1
| #define HAVE_WCHAR_H 1
| #define HAVE_TR1_UNORDERED_MAP 1
| #define HAVE_EXT_HASH_MAP 1
| /* end confdefs.h.  */
| 
| /* Override any GCC internal prototype to avoid an error.
|    Use char because int might match the return type of a GCC
|    builtin and then its argument prototype would still apply.  */
| #ifdef __cplusplus
| extern "C"
| #endif
| char exc_resume ();
| int
| main ()
| {
| return exc_resume ();
|   ;
|   return 0;
| }
configure:9022: result: no
configure:9037: checking for library containing kstat_open
configure:9068: gcc  -o conftest -isystem/jenhome/jenkins/jobs/LE910Cx_Multi_DAILY/workspace/build/apps_proc/poky/build/tmp-glibc/sysroots/x86_64-linux/usr/include -pipe   -static-libstdc++ -static-libgcc -L/jenhome/jenkins/jobs/LE910Cx_Multi_DAILY/workspace/build/apps_proc/poky/build/tmp-glibc/sysroots/x86_64-linux/usr/lib -L/jenhome/jenkins/jobs/LE910Cx_Multi_DAILY/workspace/build/apps_proc/poky/build/tmp-glibc/sysroots/x86_64-linux/lib -Wl,-rpath-link,/jenhome/jenkins/jobs/LE910Cx_Multi_DAILY/workspace/build/apps_proc/poky/build/tmp-glibc/sysroots/x86_64-linux/usr/lib -Wl,-rpath-link,/jenhome/jenkins/jobs/LE910Cx_Multi_DAILY/workspace/build/apps_proc/poky/build/tmp-glibc/sysroots/x86_64-linux/lib -Wl,-rpath,/jenhome/jenkins/jobs/LE910Cx_Multi_DAILY/workspace/build/apps_proc/poky/build/tmp-glibc/sysroots/x86_64-linux/usr/lib -Wl,-rpath,/jenhome/jenkins/jobs/LE910Cx_Multi_DAILY/workspace/build/apps_proc/poky/build/tmp-glibc/sysroots/x86_64-linux/lib -Wl,-O1 conftest.c  >&5
/tmp/cc9WQIug.o: In function `main':
conftest.c:(.text+0xa): undefined reference to `kstat_open'
collect2: error: ld returned 1 exit status
configure:9068: $? = 1
configure: failed program was:
| /* confdefs.h */
| #define PACKAGE_NAME ""
| #define PACKAGE_TARNAME ""
| #define PACKAGE_VERSION ""
| #define PACKAGE_STRING ""
| #define PACKAGE_BUGREPORT ""
| #define PACKAGE_URL ""
| #define STDC_HEADERS 1
| #define HAVE_SYS_TYPES_H 1
| #define HAVE_SYS_STAT_H 1
| #define HAVE_STDLIB_H 1
| #define HAVE_STRING_H 1
| #define HAVE_MEMORY_H 1
| #define HAVE_STRINGS_H 1
| #define HAVE_INTTYPES_H 1
| #define HAVE_STDINT_H 1
| #define HAVE_UNISTD_H 1
| #define __EXTENSIONS__ 1
| #define _ALL_SOURCE 1
| #define _GNU_SOURCE 1
| #define _POSIX_PTHREAD_SEMANTICS 1
| #define _TANDEM_SOURCE 1
| #define SIZEOF_VOID_P 8
| #define SIZEOF_SHORT 2
| #define SIZEOF_INT 4
| #define SIZEOF_LONG 8
| #define HAVE_LONG_LONG 1
| #define SIZEOF_LONG_LONG 8
| #define HAVE_LONG_LONG_INT 1
| #define HAVE_INTMAX_T 1
| #define HAVE_INTPTR_T 1
| #define HAVE_UNSIGNED_LONG_LONG_INT 1
| #define HAVE_UINTMAX_T 1
| #define HAVE_UINTPTR_T 1
| #define ENABLE_ASSERT_CHECKING 1
| #define ENABLE_RUNTIME_CHECKING 1
| #define GATHER_STATISTICS 0
| #define ENABLE_DECIMAL_FLOAT 0
| #define ENABLE_DECIMAL_BID_FORMAT 0
| #define ENABLE_FIXED_POINT 1
| #define STDC_HEADERS 1
| #define TIME_WITH_SYS_TIME 1
| #define STRING_WITH_STRINGS 1
| #define HAVE_SYS_WAIT_H 1
| #define GWINSZ_IN_SYS_IOCTL 1
| #define HAVE_LIMITS_H 1
| #define HAVE_STDDEF_H 1
| #define HAVE_STRING_H 1
| #define HAVE_STRINGS_H 1
| #define HAVE_STDLIB_H 1
| #define HAVE_TIME_H 1
| #define HAVE_ICONV_H 1
| #define HAVE_FCNTL_H 1
| #define HAVE_UNISTD_H 1
| #define HAVE_SYS_FILE_H 1
| #define HAVE_SYS_TIME_H 1
| #define HAVE_SYS_MMAN_H 1
| #define HAVE_SYS_RESOURCE_H 1
| #define HAVE_SYS_PARAM_H 1
| #define HAVE_SYS_TIMES_H 1
| #define HAVE_SYS_STAT_H 1
| #define HAVE_MALLOC_H 1
| #define HAVE_LANGINFO_H 1
| #define HAVE_LOCALE_H 1
| #define HAVE_WCHAR_H 1
| #define HAVE_TR1_UNORDERED_MAP 1
| #define HAVE_EXT_HASH_MAP 1
| /* end confdefs.h.  */
| 
| /* Override any GCC internal prototype to avoid an error.
|    Use char because int might match the return type of a GCC
|    builtin and then its argument prototype would still apply.  */
| #ifdef __cplusplus
| extern "C"
| #endif
| char kstat_open ();
| int
| main ()
| {
| return kstat_open ();
|   ;
|   return 0;
| }
configure:9068: gcc  -o conftest -isystem/jenhome/jenkins/jobs/LE910Cx_Multi_DAILY/workspace/build/apps_proc/poky/build/tmp-glibc/sysroots/x86_64-linux/usr/include -pipe   -static-libstdc++ -static-libgcc -L/jenhome/jenkins/jobs/LE910Cx_Multi_DAILY/workspace/build/apps_proc/poky/build/tmp-glibc/sysroots/x86_64-linux/usr/lib -L/jenhome/jenkins/jobs/LE910Cx_Multi_DAILY/workspace/build/apps_proc/poky/build/tmp-glibc/sysroots/x86_64-linux/lib -Wl,-rpath-link,/jenhome/jenkins/jobs/LE910Cx_Multi_DAILY/workspace/build/apps_proc/poky/build/tmp-glibc/sysroots/x86_64-linux/usr/lib -Wl,-rpath-link,/jenhome/jenkins/jobs/LE910Cx_Multi_DAILY/workspace/build/apps_proc/poky/build/tmp-glibc/sysroots/x86_64-linux/lib -Wl,-rpath,/jenhome/jenkins/jobs/LE910Cx_Multi_DAILY/workspace/build/apps_proc/poky/build/tmp-glibc/sysroots/x86_64-linux/usr/lib -Wl,-rpath,/jenhome/jenkins/jobs/LE910Cx_Multi_DAILY/workspace/build/apps_proc/poky/build/tmp-glibc/sysroots/x86_64-linux/lib -Wl,-O1 conftest.c -lkstat   >&5
/usr/bin/ld: cannot find -lkstat
collect2: error: ld returned 1 exit status
configure:9068: $? = 1
configure: failed program was:
| /* confdefs.h */
| #define PACKAGE_NAME ""
| #define PACKAGE_TARNAME ""
| #define PACKAGE_VERSION ""
| #define PACKAGE_STRING ""
| #define PACKAGE_BUGREPORT ""
| #define PACKAGE_URL ""
| #define STDC_HEADERS 1
| #define HAVE_SYS_TYPES_H 1
| #define HAVE_SYS_STAT_H 1
| #define HAVE_STDLIB_H 1
| #define HAVE_STRING_H 1
| #define HAVE_MEMORY_H 1
| #define HAVE_STRINGS_H 1
| #define HAVE_INTTYPES_H 1
| #define HAVE_STDINT_H 1
| #define HAVE_UNISTD_H 1
| #define __EXTENSIONS__ 1
| #define _ALL_SOURCE 1
| #define _GNU_SOURCE 1
| #define _POSIX_PTHREAD_SEMANTICS 1
| #define _TANDEM_SOURCE 1
| #define SIZEOF_VOID_P 8
| #define SIZEOF_SHORT 2
| #define SIZEOF_INT 4
| #define SIZEOF_LONG 8
| #define HAVE_LONG_LONG 1
| #define SIZEOF_LONG_LONG 8
| #define HAVE_LONG_LONG_INT 1
| #define HAVE_INTMAX_T 1
| #define HAVE_INTPTR_T 1
| #define HAVE_UNSIGNED_LONG_LONG_INT 1
| #define HAVE_UINTMAX_T 1
| #define HAVE_UINTPTR_T 1
| #define ENABLE_ASSERT_CHECKING 1
| #define ENABLE_RUNTIME_CHECKING 1
| #define GATHER_STATISTICS 0
| #define ENABLE_DECIMAL_FLOAT 0
| #define ENABLE_DECIMAL_BID_FORMAT 0
| #define ENABLE_FIXED_POINT 1
| #define STDC_HEADERS 1
| #define TIME_WITH_SYS_TIME 1
| #define STRING_WITH_STRINGS 1
| #define HAVE_SYS_WAIT_H 1
| #define GWINSZ_IN_SYS_IOCTL 1
| #define HAVE_LIMITS_H 1
| #define HAVE_STDDEF_H 1
| #define HAVE_STRING_H 1
| #define HAVE_STRINGS_H 1
| #define HAVE_STDLIB_H 1
| #define HAVE_TIME_H 1
| #define HAVE_ICONV_H 1
| #define HAVE_FCNTL_H 1
| #define HAVE_UNISTD_H 1
| #define HAVE_SYS_FILE_H 1
| #define HAVE_SYS_TIME_H 1
| #define HAVE_SYS_MMAN_H 1
| #define HAVE_SYS_RESOURCE_H 1
| #define HAVE_SYS_PARAM_H 1
| #define HAVE_SYS_TIMES_H 1
| #define HAVE_SYS_STAT_H 1
| #define HAVE_MALLOC_H 1
| #define HAVE_LANGINFO_H 1
| #define HAVE_LOCALE_H 1
| #define HAVE_WCHAR_H 1
| #define HAVE_TR1_UNORDERED_MAP 1
| #define HAVE_EXT_HASH_MAP 1
| /* end confdefs.h.  */
| 
| /* Override any GCC internal prototype to avoid an error.
|    Use char because int might match the return type of a GCC
|    builtin and then its argument prototype would still apply.  */
| #ifdef __cplusplus
| extern "C"
| #endif
| char kstat_open ();
| int
| main ()
| {
| return kstat_open ();
|   ;
|   return 0;
| }
configure:9085: result: no
configure:9101: checking for library containing ldexp
configure:9132: gcc  -o conftest -isystem/jenhome/jenkins/jobs/LE910Cx_Multi_DAILY/workspace/build/apps_proc/poky/build/tmp-glibc/sysroots/x86_64-linux/usr/include -pipe   -static-libstdc++ -static-libgcc -L/jenhome/jenkins/jobs/LE910Cx_Multi_DAILY/workspace/build/apps_proc/poky/build/tmp-glibc/sysroots/x86_64-linux/usr/lib -L/jenhome/jenkins/jobs/LE910Cx_Multi_DAILY/workspace/build/apps_proc/poky/build/tmp-glibc/sysroots/x86_64-linux/lib -Wl,-rpath-link,/jenhome/jenkins/jobs/LE910Cx_Multi_DAILY/workspace/build/apps_proc/poky/build/tmp-glibc/sysroots/x86_64-linux/usr/lib -Wl,-rpath-link,/jenhome/jenkins/jobs/LE910Cx_Multi_DAILY/workspace/build/apps_proc/poky/build/tmp-glibc/sysroots/x86_64-linux/lib -Wl,-rpath,/jenhome/jenkins/jobs/LE910Cx_Multi_DAILY/workspace/build/apps_proc/poky/build/tmp-glibc/sysroots/x86_64-linux/usr/lib -Wl,-rpath,/jenhome/jenkins/jobs/LE910Cx_Multi_DAILY/workspace/build/apps_proc/poky/build/tmp-glibc/sysroots/x86_64-linux/lib -Wl,-O1 conftest.c  >&5
conftest.c:76:6: warning: conflicting types for built-in function 'ldexp' [enabled by default]
 char ldexp ();
      ^
configure:9132: $? = 0
configure:9149: result: none required
configure:9163: checking for inttypes.h
configure:9180: gcc  -c -isystem/jenhome/jenkins/jobs/LE910Cx_Multi_DAILY/workspace/build/apps_proc/poky/build/tmp-glibc/sysroots/x86_64-linux/usr/include -pipe   conftest.c >&5
configure:9180: $? = 0
configure:9188: result: yes
configure:9204: checking for times
configure:9204: gcc  -o conftest -isystem/jenhome/jenkins/jobs/LE910Cx_Multi_DAILY/workspace/build/apps_proc/poky/build/tmp-glibc/sysroots/x86_64-linux/usr/include -pipe   -static-libstdc++ -static-libgcc -L/jenhome/jenkins/jobs/LE910Cx_Multi_DAILY/workspace/build/apps_proc/poky/build/tmp-glibc/sysroots/x86_64-linux/usr/lib -L/jenhome/jenkins/jobs/LE910Cx_Multi_DAILY/workspace/build/apps_proc/poky/build/tmp-glibc/sysroots/x86_64-linux/lib -Wl,-rpath-link,/jenhome/jenkins/jobs/LE910Cx_Multi_DAILY/workspace/build/apps_proc/poky/build/tmp-glibc/sysroots/x86_64-linux/usr/lib -Wl,-rpath-link,/jenhome/jenkins/jobs/LE910Cx_Multi_DAILY/workspace/build/apps_proc/poky/build/tmp-glibc/sysroots/x86_64-linux/lib -Wl,-rpath,/jenhome/jenkins/jobs/LE910Cx_Multi_DAILY/workspace/build/apps_proc/poky/build/tmp-glibc/sysroots/x86_64-linux/usr/lib -Wl,-rpath,/jenhome/jenkins/jobs/LE910Cx_Multi_DAILY/workspace/build/apps_proc/poky/build/tmp-glibc/sysroots/x86_64-linux/lib -Wl,-O1 conftest.c  >&5
configure:9204: $? = 0
configure:9204: result: yes
configure:9204: checking for clock
configure:9204: gcc  -o conftest -isystem/jenhome/jenkins/jobs/LE910Cx_Multi_DAILY/workspace/build/apps_proc/poky/build/tmp-glibc/sysroots/x86_64-linux/usr/include -pipe   -static-libstdc++ -static-libgcc -L/jenhome/jenkins/jobs/LE910Cx_Multi_DAILY/workspace/build/apps_proc/poky/build/tmp-glibc/sysroots/x86_64-linux/usr/lib -L/jenhome/jenkins/jobs/LE910Cx_Multi_DAILY/workspace/build/apps_proc/poky/build/tmp-glibc/sysroots/x86_64-linux/lib -Wl,-rpath-link,/jenhome/jenkins/jobs/LE910Cx_Multi_DAILY/workspace/build/apps_proc/poky/build/tmp-glibc/sysroots/x86_64-linux/usr/lib -Wl,-rpath-link,/jenhome/jenkins/jobs/LE910Cx_Multi_DAILY/workspace/build/apps_proc/poky/build/tmp-glibc/sysroots/x86_64-linux/lib -Wl,-rpath,/jenhome/jenkins/jobs/LE910Cx_Multi_DAILY/workspace/build/apps_proc/poky/build/tmp-glibc/sysroots/x86_64-linux/usr/lib -Wl,-rpath,/jenhome/jenkins/jobs/LE910Cx_Multi_DAILY/workspace/build/apps_proc/poky/build/tmp-glibc/sysroots/x86_64-linux/lib -Wl,-O1 conftest.c  >&5
configure:9204: $? = 0
configure:9204: result: yes
configure:9204: checking for kill
configure:9204: gcc  -o conftest -isystem/jenhome/jenkins/jobs/LE910Cx_Multi_DAILY/workspace/build/apps_proc/poky/build/tmp-glibc/sysroots/x86_64-linux/usr/include -pipe   -static-libstdc++ -static-libgcc -L/jenhome/jenkins/jobs/LE910Cx_Multi_DAILY/workspace/build/apps_proc/poky/build/tmp-glibc/sysroots/x86_64-linux/usr/lib -L/jenhome/jenkins/jobs/LE910Cx_Multi_DAILY/workspace/build/apps_proc/poky/build/tmp-glibc/sysroots/x86_64-linux/lib -Wl,-rpath-link,/jenhome/jenkins/jobs/LE910Cx_Multi_DAILY/workspace/build/apps_proc/poky/build/tmp-glibc/sysroots/x86_64-linux/usr/lib -Wl,-rpath-link,/jenhome/jenkins/jobs/LE910Cx_Multi_DAILY/workspace/build/apps_proc/poky/build/tmp-glibc/sysroots/x86_64-linux/lib -Wl,-rpath,/jenhome/jenkins/jobs/LE910Cx_Multi_DAILY/workspace/build/apps_proc/poky/build/tmp-glibc/sysroots/x86_64-linux/usr/lib -Wl,-rpath,/jenhome/jenkins/jobs/LE910Cx_Multi_DAILY/workspace/build/apps_proc/poky/build/tmp-glibc/sysroots/x86_64-linux/lib -Wl,-O1 conftest.c  >&5
configure:9204: $? = 0
configure:9204: result: yes
configure:9204: checking for getrlimit
configure:9204: gcc  -o conftest -isystem/jenhome/jenkins/jobs/LE910Cx_Multi_DAILY/workspace/build/apps_proc/poky/build/tmp-glibc/sysroots/x86_64-linux/usr/include -pipe   -static-libstdc++ -static-libgcc -L/jenhome/jenkins/jobs/LE910Cx_Multi_DAILY/workspace/build/apps_proc/poky/build/tmp-glibc/sysroots/x86_64-linux/usr/lib -L/jenhome/jenkins/jobs/LE910Cx_Multi_DAILY/workspace/build/apps_proc/poky/build/tmp-glibc/sysroots/x86_64-linux/lib -Wl,-rpath-link,/jenhome/jenkins/jobs/LE910Cx_Multi_DAILY/workspace/build/apps_proc/poky/build/tmp-glibc/sysroots/x86_64-linux/usr/lib -Wl,-rpath-link,/jenhome/jenkins/jobs/LE910Cx_Multi_DAILY/workspace/build/apps_proc/poky/build/tmp-glibc/sysroots/x86_64-linux/lib -Wl,-rpath,/jenhome/jenkins/jobs/LE910Cx_Multi_DAILY/workspace/build/apps_proc/poky/build/tmp-glibc/sysroots/x86_64-linux/usr/lib -Wl,-rpath,/jenhome/jenkins/jobs/LE910Cx_Multi_DAILY/workspace/build/apps_proc/poky/build/tmp-glibc/sysroots/x86_64-linux/lib -Wl,-O1 conftest.c  >&5
configure:9204: $? = 0
configure:9204: result: yes
configure:9204: checking for setrlimit
configure:9204: gcc  -o conftest -isystem/jenhome/jenkins/jobs/LE910Cx_Multi_DAILY/workspace/build/apps_proc/poky/build/tmp-glibc/sysroots/x86_64-linux/usr/include -pipe   -static-libstdc++ -static-libgcc -L/jenhome/jenkins/jobs/LE910Cx_Multi_DAILY/workspace/build/apps_proc/poky/build/tmp-glibc/sysroots/x86_64-linux/usr/lib -L/jenhome/jenkins/jobs/LE910Cx_Multi_DAILY/workspace/build/apps_proc/poky/build/tmp-glibc/sysroots/x86_64-linux/lib -Wl,-rpath-link,/jenhome/jenkins/jobs/LE910Cx_Multi_DAILY/workspace/build/apps_proc/poky/build/tmp-glibc/sysroots/x86_64-linux/usr/lib -Wl,-rpath-link,/jenhome/jenkins/jobs/LE910Cx_Multi_DAILY/workspace/build/apps_proc/poky/build/tmp-glibc/sysroots/x86_64-linux/lib -Wl,-rpath,/jenhome/jenkins/jobs/LE910Cx_Multi_DAILY/workspace/build/apps_proc/poky/build/tmp-glibc/sysroots/x86_64-linux/usr/lib -Wl,-rpath,/jenhome/jenkins/jobs/LE910Cx_Multi_DAILY/workspace/build/apps_proc/poky/build/tmp-glibc/sysroots/x86_64-linux/lib -Wl,-O1 conftest.c  >&5
configure:9204: $? = 0
configure:9204: result: yes
configure:9204: checking for atoll
configure:9204: gcc  -o conftest -isystem/jenhome/jenkins/jobs/LE910Cx_Multi_DAILY/workspace/build/apps_proc/poky/build/tmp-glibc/sysroots/x86_64-linux/usr/include -pipe   -static-libstdc++ -static-libgcc -L/jenhome/jenkins/jobs/LE910Cx_Multi_DAILY/workspace/build/apps_proc/poky/build/tmp-glibc/sysroots/x86_64-linux/usr/lib -L/jenhome/jenkins/jobs/LE910Cx_Multi_DAILY/workspace/build/apps_proc/poky/build/tmp-glibc/sysroots/x86_64-linux/lib -Wl,-rpath-link,/jenhome/jenkins/jobs/LE910Cx_Multi_DAILY/workspace/build/apps_proc/poky/build/tmp-glibc/sysroots/x86_64-linux/usr/lib -Wl,-rpath-link,/jenhome/jenkins/jobs/LE910Cx_Multi_DAILY/workspace/build/apps_proc/poky/build/tmp-glibc/sysroots/x86_64-linux/lib -Wl,-rpath,/jenhome/jenkins/jobs/LE910Cx_Multi_DAILY/workspace/build/apps_proc/poky/build/tmp-glibc/sysroots/x86_64-linux/usr/lib -Wl,-rpath,/jenhome/jenkins/jobs/LE910Cx_Multi_DAILY/workspace/build/apps_proc/poky/build/tmp-glibc/sysroots/x86_64-linux/lib -Wl,-O1 conftest.c  >&5
configure:9204: $? = 0
configure:9204: result: yes
configure:9204: checking for atoq
configure:9204: gcc  -o conftest -isystem/jenhome/jenkins/jobs/LE910Cx_Multi_DAILY/workspace/build/apps_proc/poky/build/tmp-glibc/sysroots/x86_64-linux/usr/include -pipe   -static-libstdc++ -static-libgcc -L/jenhome/jenkins/jobs/LE910Cx_Multi_DAILY/workspace/build/apps_proc/poky/build/tmp-glibc/sysroots/x86_64-linux/usr/lib -L/jenhome/jenkins/jobs/LE910Cx_Multi_DAILY/workspace/build/apps_proc/poky/build/tmp-glibc/sysroots/x86_64-linux/lib -Wl,-rpath-link,/jenhome/jenkins/jobs/LE910Cx_Multi_DAILY/workspace/build/apps_proc/poky/build/tmp-glibc/sysroots/x86_64-linux/usr/lib -Wl,-rpath-link,/jenhome/jenkins/jobs/LE910Cx_Multi_DAILY/workspace/build/apps_proc/poky/build/tmp-glibc/sysroots/x86_64-linux/lib -Wl,-rpath,/jenhome/jenkins/jobs/LE910Cx_Multi_DAILY/workspace/build/apps_proc/poky/build/tmp-glibc/sysroots/x86_64-linux/usr/lib -Wl,-rpath,/jenhome/jenkins/jobs/LE910Cx_Multi_DAILY/workspace/build/apps_proc/poky/build/tmp-glibc/sysroots/x86_64-linux/lib -Wl,-O1 conftest.c  >&5
/tmp/ccpmb8Ar.o: In function `main':
conftest.c:(.text+0xa): undefined reference to `atoq'
collect2: error: ld returned 1 exit status
configure:9204: $? = 1
configure: failed program was:
| /* confdefs.h */
| #define PACKAGE_NAME ""
| #define PACKAGE_TARNAME ""
| #define PACKAGE_VERSION ""
| #define PACKAGE_STRING ""
| #define PACKAGE_BUGREPORT ""
| #define PACKAGE_URL ""
| #define STDC_HEADERS 1
| #define HAVE_SYS_TYPES_H 1
| #define HAVE_SYS_STAT_H 1
| #define HAVE_STDLIB_H 1
| #define HAVE_STRING_H 1
| #define HAVE_MEMORY_H 1
| #define HAVE_STRINGS_H 1
| #define HAVE_INTTYPES_H 1
| #define HAVE_STDINT_H 1
| #define HAVE_UNISTD_H 1
| #define __EXTENSIONS__ 1
| #define _ALL_SOURCE 1
| #define _GNU_SOURCE 1
| #define _POSIX_PTHREAD_SEMANTICS 1
| #define _TANDEM_SOURCE 1
| #define SIZEOF_VOID_P 8
| #define SIZEOF_SHORT 2
| #define SIZEOF_INT 4
| #define SIZEOF_LONG 8
| #define HAVE_LONG_LONG 1
| #define SIZEOF_LONG_LONG 8
| #define HAVE_LONG_LONG_INT 1
| #define HAVE_INTMAX_T 1
| #define HAVE_INTPTR_T 1
| #define HAVE_UNSIGNED_LONG_LONG_INT 1
| #define HAVE_UINTMAX_T 1
| #define HAVE_UINTPTR_T 1
| #define ENABLE_ASSERT_CHECKING 1
| #define ENABLE_RUNTIME_CHECKING 1
| #define GATHER_STATISTICS 0
| #define ENABLE_DECIMAL_FLOAT 0
| #define ENABLE_DECIMAL_BID_FORMAT 0
| #define ENABLE_FIXED_POINT 1
| #define STDC_HEADERS 1
| #define TIME_WITH_SYS_TIME 1
| #define STRING_WITH_STRINGS 1
| #define HAVE_SYS_WAIT_H 1
| #define GWINSZ_IN_SYS_IOCTL 1
| #define HAVE_LIMITS_H 1
| #define HAVE_STDDEF_H 1
| #define HAVE_STRING_H 1
| #define HAVE_STRINGS_H 1
| #define HAVE_STDLIB_H 1
| #define HAVE_TIME_H 1
| #define HAVE_ICONV_H 1
| #define HAVE_FCNTL_H 1
| #define HAVE_UNISTD_H 1
| #define HAVE_SYS_FILE_H 1
| #define HAVE_SYS_TIME_H 1
| #define HAVE_SYS_MMAN_H 1
| #define HAVE_SYS_RESOURCE_H 1
| #define HAVE_SYS_PARAM_H 1
| #define HAVE_SYS_TIMES_H 1
| #define HAVE_SYS_STAT_H 1
| #define HAVE_MALLOC_H 1
| #define HAVE_LANGINFO_H 1
| #define HAVE_LOCALE_H 1
| #define HAVE_WCHAR_H 1
| #define HAVE_TR1_UNORDERED_MAP 1
| #define HAVE_EXT_HASH_MAP 1
| #define HAVE_INTTYPES_H 1
| #define HAVE_TIMES 1
| #define HAVE_CLOCK 1
| #define HAVE_KILL 1
| #define HAVE_GETRLIMIT 1
| #define HAVE_SETRLIMIT 1
| #define HAVE_ATOLL 1
| /* end confdefs.h.  */
| /* Define atoq to an innocuous variant, in case <limits.h> declares atoq.
|    For example, HP-UX 11i <limits.h> declares gettimeofday.  */
| #define atoq innocuous_atoq
| 
| /* System header to define __stub macros and hopefully few prototypes,
|     which can conflict with char atoq (); below.
|     Prefer <limits.h> to <assert.h> if __STDC__ is defined, since
|     <limits.h> exists even on freestanding compilers.  */
| 
| #ifdef __STDC__
| # include <limits.h>
| #else
| # include <assert.h>
| #endif
| 
| #undef atoq
| 
| /* Override any GCC internal prototype to avoid an error.
|    Use char because int might match the return type of a GCC
|    builtin and then its argument prototype would still apply.  */
| #ifdef __cplusplus
| extern "C"
| #endif
| char atoq ();
| /* The GNU C library defines this for functions which it implements
|     to always fail with ENOSYS.  Some functions are actually named
|     something starting with __ and the normal name is an alias.  */
| #if defined __stub_atoq || defined __stub___atoq
| choke me
| #endif
| 
| int
| main ()
| {
| return atoq ();
|   ;
|   return 0;
| }
configure:9204: result: no
configure:9204: checking for sysconf
configure:9204: gcc  -o conftest -isystem/jenhome/jenkins/jobs/LE910Cx_Multi_DAILY/workspace/build/apps_proc/poky/build/tmp-glibc/sysroots/x86_64-linux/usr/include -pipe   -static-libstdc++ -static-libgcc -L/jenhome/jenkins/jobs/LE910Cx_Multi_DAILY/workspace/build/apps_proc/poky/build/tmp-glibc/sysroots/x86_64-linux/usr/lib -L/jenhome/jenkins/jobs/LE910Cx_Multi_DAILY/workspace/build/apps_proc/poky/build/tmp-glibc/sysroots/x86_64-linux/lib -Wl,-rpath-link,/jenhome/jenkins/jobs/LE910Cx_Multi_DAILY/workspace/build/apps_proc/poky/build/tmp-glibc/sysroots/x86_64-linux/usr/lib -Wl,-rpath-link,/jenhome/jenkins/jobs/LE910Cx_Multi_DAILY/workspace/build/apps_proc/poky/build/tmp-glibc/sysroots/x86_64-linux/lib -Wl,-rpath,/jenhome/jenkins/jobs/LE910Cx_Multi_DAILY/workspace/build/apps_proc/poky/build/tmp-glibc/sysroots/x86_64-linux/usr/lib -Wl,-rpath,/jenhome/jenkins/jobs/LE910Cx_Multi_DAILY/workspace/build/apps_proc/poky/build/tmp-glibc/sysroots/x86_64-linux/lib -Wl,-O1 conftest.c  >&5
configure:9204: $? = 0
configure:9204: result: yes
configure:9204: checking for strsignal
configure:9204: gcc  -o conftest -isystem/jenhome/jenkins/jobs/LE910Cx_Multi_DAILY/workspace/build/apps_proc/poky/build/tmp-glibc/sysroots/x86_64-linux/usr/include -pipe   -static-libstdc++ -static-libgcc -L/jenhome/jenkins/jobs/LE910Cx_Multi_DAILY/workspace/build/apps_proc/poky/build/tmp-glibc/sysroots/x86_64-linux/usr/lib -L/jenhome/jenkins/jobs/LE910Cx_Multi_DAILY/workspace/build/apps_proc/poky/build/tmp-glibc/sysroots/x86_64-linux/lib -Wl,-rpath-link,/jenhome/jenkins/jobs/LE910Cx_Multi_DAILY/workspace/build/apps_proc/poky/build/tmp-glibc/sysroots/x86_64-linux/usr/lib -Wl,-rpath-link,/jenhome/jenkins/jobs/LE910Cx_Multi_DAILY/workspace/build/apps_proc/poky/build/tmp-glibc/sysroots/x86_64-linux/lib -Wl,-rpath,/jenhome/jenkins/jobs/LE910Cx_Multi_DAILY/workspace/build/apps_proc/poky/build/tmp-glibc/sysroots/x86_64-linux/usr/lib -Wl,-rpath,/jenhome/jenkins/jobs/LE910Cx_Multi_DAILY/workspace/build/apps_proc/poky/build/tmp-glibc/sysroots/x86_64-linux/lib -Wl,-O1 conftest.c  >&5
configure:9204: $? = 0
configure:9204: result: yes
configure:9204: checking for getrusage
configure:9204: gcc  -o conftest -isystem/jenhome/jenkins/jobs/LE910Cx_Multi_DAILY/workspace/build/apps_proc/poky/build/tmp-glibc/sysroots/x86_64-linux/usr/include -pipe   -static-libstdc++ -static-libgcc -L/jenhome/jenkins/jobs/LE910Cx_Multi_DAILY/workspace/build/apps_proc/poky/build/tmp-glibc/sysroots/x86_64-linux/usr/lib -L/jenhome/jenkins/jobs/LE910Cx_Multi_DAILY/workspace/build/apps_proc/poky/build/tmp-glibc/sysroots/x86_64-linux/lib -Wl,-rpath-link,/jenhome/jenkins/jobs/LE910Cx_Multi_DAILY/workspace/build/apps_proc/poky/build/tmp-glibc/sysroots/x86_64-linux/usr/lib -Wl,-rpath-link,/jenhome/jenkins/jobs/LE910Cx_Multi_DAILY/workspace/build/apps_proc/poky/build/tmp-glibc/sysroots/x86_64-linux/lib -Wl,-rpath,/jenhome/jenkins/jobs/LE910Cx_Multi_DAILY/workspace/build/apps_proc/poky/build/tmp-glibc/sysroots/x86_64-linux/usr/lib -Wl,-rpath,/jenhome/jenkins/jobs/LE910Cx_Multi_DAILY/workspace/build/apps_proc/poky/build/tmp-glibc/sysroots/x86_64-linux/lib -Wl,-O1 conftest.c  >&5
configure:9204: $? = 0
configure:9204: result: yes
configure:9204: checking for nl_langinfo
configure:9204: gcc  -o conftest -isystem/jenhome/jenkins/jobs/LE910Cx_Multi_DAILY/workspace/build/apps_proc/poky/build/tmp-glibc/sysroots/x86_64-linux/usr/include -pipe   -static-libstdc++ -static-libgcc -L/jenhome/jenkins/jobs/LE910Cx_Multi_DAILY/workspace/build/apps_proc/poky/build/tmp-glibc/sysroots/x86_64-linux/usr/lib -L/jenhome/jenkins/jobs/LE910Cx_Multi_DAILY/workspace/build/apps_proc/poky/build/tmp-glibc/sysroots/x86_64-linux/lib -Wl,-rpath-link,/jenhome/jenkins/jobs/LE910Cx_Multi_DAILY/workspace/build/apps_proc/poky/build/tmp-glibc/sysroots/x86_64-linux/usr/lib -Wl,-rpath-link,/jenhome/jenkins/jobs/LE910Cx_Multi_DAILY/workspace/build/apps_proc/poky/build/tmp-glibc/sysroots/x86_64-linux/lib -Wl,-rpath,/jenhome/jenkins/jobs/LE910Cx_Multi_DAILY/workspace/build/apps_proc/poky/build/tmp-glibc/sysroots/x86_64-linux/usr/lib -Wl,-rpath,/jenhome/jenkins/jobs/LE910Cx_Multi_DAILY/workspace/build/apps_proc/poky/build/tmp-glibc/sysroots/x86_64-linux/lib -Wl,-O1 conftest.c  >&5
configure:9204: $? = 0
configure:9204: result: yes
configure:9204: checking for gettimeofday
configure:9204: gcc  -o conftest -isystem/jenhome/jenkins/jobs/LE910Cx_Multi_DAILY/workspace/build/apps_proc/poky/build/tmp-glibc/sysroots/x86_64-linux/usr/include -pipe   -static-libstdc++ -static-libgcc -L/jenhome/jenkins/jobs/LE910Cx_Multi_DAILY/workspace/build/apps_proc/poky/build/tmp-glibc/sysroots/x86_64-linux/usr/lib -L/jenhome/jenkins/jobs/LE910Cx_Multi_DAILY/workspace/build/apps_proc/poky/build/tmp-glibc/sysroots/x86_64-linux/lib -Wl,-rpath-link,/jenhome/jenkins/jobs/LE910Cx_Multi_DAILY/workspace/build/apps_proc/poky/build/tmp-glibc/sysroots/x86_64-linux/usr/lib -Wl,-rpath-link,/jenhome/jenkins/jobs/LE910Cx_Multi_DAILY/workspace/build/apps_proc/poky/build/tmp-glibc/sysroots/x86_64-linux/lib -Wl,-rpath,/jenhome/jenkins/jobs/LE910Cx_Multi_DAILY/workspace/build/apps_proc/poky/build/tmp-glibc/sysroots/x86_64-linux/usr/lib -Wl,-rpath,/jenhome/jenkins/jobs/LE910Cx_Multi_DAILY/workspace/build/apps_proc/poky/build/tmp-glibc/sysroots/x86_64-linux/lib -Wl,-O1 conftest.c  >&5
configure:9204: $? = 0
configure:9204: result: yes
configure:9204: checking for mbstowcs
configure:9204: gcc  -o conftest -isystem/jenhome/jenkins/jobs/LE910Cx_Multi_DAILY/workspace/build/apps_proc/poky/build/tmp-glibc/sysroots/x86_64-linux/usr/include -pipe   -static-libstdc++ -static-libgcc -L/jenhome/jenkins/jobs/LE910Cx_Multi_DAILY/workspace/build/apps_proc/poky/build/tmp-glibc/sysroots/x86_64-linux/usr/lib -L/jenhome/jenkins/jobs/LE910Cx_Multi_DAILY/workspace/build/apps_proc/poky/build/tmp-glibc/sysroots/x86_64-linux/lib -Wl,-rpath-link,/jenhome/jenkins/jobs/LE910Cx_Multi_DAILY/workspace/build/apps_proc/poky/build/tmp-glibc/sysroots/x86_64-linux/usr/lib -Wl,-rpath-link,/jenhome/jenkins/jobs/LE910Cx_Multi_DAILY/workspace/build/apps_proc/poky/build/tmp-glibc/sysroots/x86_64-linux/lib -Wl,-rpath,/jenhome/jenkins/jobs/LE910Cx_Multi_DAILY/workspace/build/apps_proc/poky/build/tmp-glibc/sysroots/x86_64-linux/usr/lib -Wl,-rpath,/jenhome/jenkins/jobs/LE910Cx_Multi_DAILY/workspace/build/apps_proc/poky/build/tmp-glibc/sysroots/x86_64-linux/lib -Wl,-O1 conftest.c  >&5
configure:9204: $? = 0
configure:9204: result: yes
configure:9204: checking for wcswidth
configure:9204: gcc  -o conftest -isystem/jenhome/jenkins/jobs/LE910Cx_Multi_DAILY/workspace/build/apps_proc/poky/build/tmp-glibc/sysroots/x86_64-linux/usr/include -pipe   -static-libstdc++ -static-libgcc -L/jenhome/jenkins/jobs/LE910Cx_Multi_DAILY/workspace/build/apps_proc/poky/build/tmp-glibc/sysroots/x86_64-linux/usr/lib -L/jenhome/jenkins/jobs/LE910Cx_Multi_DAILY/workspace/build/apps_proc/poky/build/tmp-glibc/sysroots/x86_64-linux/lib -Wl,-rpath-link,/jenhome/jenkins/jobs/LE910Cx_Multi_DAILY/workspace/build/apps_proc/poky/build/tmp-glibc/sysroots/x86_64-linux/usr/lib -Wl,-rpath-link,/jenhome/jenkins/jobs/LE910Cx_Multi_DAILY/workspace/build/apps_proc/poky/build/tmp-glibc/sysroots/x86_64-linux/lib -Wl,-rpath,/jenhome/jenkins/jobs/LE910Cx_Multi_DAILY/workspace/build/apps_proc/poky/build/tmp-glibc/sysroots/x86_64-linux/usr/lib -Wl,-rpath,/jenhome/jenkins/jobs/LE910Cx_Multi_DAILY/workspace/build/apps_proc/poky/build/tmp-glibc/sysroots/x86_64-linux/lib -Wl,-O1 conftest.c  >&5
configure:9204: $? = 0
configure:9204: result: yes
configure:9204: checking for mmap
configure:9204: gcc  -o conftest -isystem/jenhome/jenkins/jobs/LE910Cx_Multi_DAILY/workspace/build/apps_proc/poky/build/tmp-glibc/sysroots/x86_64-linux/usr/include -pipe   -static-libstdc++ -static-libgcc -L/jenhome/jenkins/jobs/LE910Cx_Multi_DAILY/workspace/build/apps_proc/poky/build/tmp-glibc/sysroots/x86_64-linux/usr/lib -L/jenhome/jenkins/jobs/LE910Cx_Multi_DAILY/workspace/build/apps_proc/poky/build/tmp-glibc/sysroots/x86_64-linux/lib -Wl,-rpath-link,/jenhome/jenkins/jobs/LE910Cx_Multi_DAILY/workspace/build/apps_proc/poky/build/tmp-glibc/sysroots/x86_64-linux/usr/lib -Wl,-rpath-link,/jenhome/jenkins/jobs/LE910Cx_Multi_DAILY/workspace/build/apps_proc/poky/build/tmp-glibc/sysroots/x86_64-linux/lib -Wl,-rpath,/jenhome/jenkins/jobs/LE910Cx_Multi_DAILY/workspace/build/apps_proc/poky/build/tmp-glibc/sysroots/x86_64-linux/usr/lib -Wl,-rpath,/jenhome/jenkins/jobs/LE910Cx_Multi_DAILY/workspace/build/apps_proc/poky/build/tmp-glibc/sysroots/x86_64-linux/lib -Wl,-O1 conftest.c  >&5
configure:9204: $? = 0
configure:9204: result: yes
configure:9204: checking for setlocale
configure:9204: gcc  -o conftest -isystem/jenhome/jenkins/jobs/LE910Cx_Multi_DAILY/workspace/build/apps_proc/poky/build/tmp-glibc/sysroots/x86_64-linux/usr/include -pipe   -static-libstdc++ -static-libgcc -L/jenhome/jenkins/jobs/LE910Cx_Multi_DAILY/workspace/build/apps_proc/poky/build/tmp-glibc/sysroots/x86_64-linux/usr/lib -L/jenhome/jenkins/jobs/LE910Cx_Multi_DAILY/workspace/build/apps_proc/poky/build/tmp-glibc/sysroots/x86_64-linux/lib -Wl,-rpath-link,/jenhome/jenkins/jobs/LE910Cx_Multi_DAILY/workspace/build/apps_proc/poky/build/tmp-glibc/sysroots/x86_64-linux/usr/lib -Wl,-rpath-link,/jenhome/jenkins/jobs/LE910Cx_Multi_DAILY/workspace/build/apps_proc/poky/build/tmp-glibc/sysroots/x86_64-linux/lib -Wl,-rpath,/jenhome/jenkins/jobs/LE910Cx_Multi_DAILY/workspace/build/apps_proc/poky/build/tmp-glibc/sysroots/x86_64-linux/usr/lib -Wl,-rpath,/jenhome/jenkins/jobs/LE910Cx_Multi_DAILY/workspace/build/apps_proc/poky/build/tmp-glibc/sysroots/x86_64-linux/lib -Wl,-O1 conftest.c  >&5
configure:9204: $? = 0
configure:9204: result: yes
configure:9204: checking for clearerr_unlocked
configure:9204: gcc  -o conftest -isystem/jenhome/jenkins/jobs/LE910Cx_Multi_DAILY/workspace/build/apps_proc/poky/build/tmp-glibc/sysroots/x86_64-linux/usr/include -pipe   -static-libstdc++ -static-libgcc -L/jenhome/jenkins/jobs/LE910Cx_Multi_DAILY/workspace/build/apps_proc/poky/build/tmp-glibc/sysroots/x86_64-linux/usr/lib -L/jenhome/jenkins/jobs/LE910Cx_Multi_DAILY/workspace/build/apps_proc/poky/build/tmp-glibc/sysroots/x86_64-linux/lib -Wl,-rpath-link,/jenhome/jenkins/jobs/LE910Cx_Multi_DAILY/workspace/build/apps_proc/poky/build/tmp-glibc/sysroots/x86_64-linux/usr/lib -Wl,-rpath-link,/jenhome/jenkins/jobs/LE910Cx_Multi_DAILY/workspace/build/apps_proc/poky/build/tmp-glibc/sysroots/x86_64-linux/lib -Wl,-rpath,/jenhome/jenkins/jobs/LE910Cx_Multi_DAILY/workspace/build/apps_proc/poky/build/tmp-glibc/sysroots/x86_64-linux/usr/lib -Wl,-rpath,/jenhome/jenkins/jobs/LE910Cx_Multi_DAILY/workspace/build/apps_proc/poky/build/tmp-glibc/sysroots/x86_64-linux/lib -Wl,-O1 conftest.c  >&5
configure:9204: $? = 0
configure:9204: result: yes
configure:9204: checking for feof_unlocked
configure:9204: gcc  -o conftest -isystem/jenhome/jenkins/jobs/LE910Cx_Multi_DAILY/workspace/build/apps_proc/poky/build/tmp-glibc/sysroots/x86_64-linux/usr/include -pipe   -static-libstdc++ -static-libgcc -L/jenhome/jenkins/jobs/LE910Cx_Multi_DAILY/workspace/build/apps_proc/poky/build/tmp-glibc/sysroots/x86_64-linux/usr/lib -L/jenhome/jenkins/jobs/LE910Cx_Multi_DAILY/workspace/build/apps_proc/poky/build/tmp-glibc/sysroots/x86_64-linux/lib -Wl,-rpath-link,/jenhome/jenkins/jobs/LE910Cx_Multi_DAILY/workspace/build/apps_proc/poky/build/tmp-glibc/sysroots/x86_64-linux/usr/lib -Wl,-rpath-link,/jenhome/jenkins/jobs/LE910Cx_Multi_DAILY/workspace/build/apps_proc/poky/build/tmp-glibc/sysroots/x86_64-linux/lib -Wl,-rpath,/jenhome/jenkins/jobs/LE910Cx_Multi_DAILY/workspace/build/apps_proc/poky/build/tmp-glibc/sysroots/x86_64-linux/usr/lib -Wl,-rpath,/jenhome/jenkins/jobs/LE910Cx_Multi_DAILY/workspace/build/apps_proc/poky/build/tmp-glibc/sysroots/x86_64-linux/lib -Wl,-O1 conftest.c  >&5
configure:9204: $? = 0
configure:9204: result: yes
configure:9204: checking for ferror_unlocked
configure:9204: gcc  -o conftest -isystem/jenhome/jenkins/jobs/LE910Cx_Multi_DAILY/workspace/build/apps_proc/poky/build/tmp-glibc/sysroots/x86_64-linux/usr/include -pipe   -static-libstdc++ -static-libgcc -L/jenhome/jenkins/jobs/LE910Cx_Multi_DAILY/workspace/build/apps_proc/poky/build/tmp-glibc/sysroots/x86_64-linux/usr/lib -L/jenhome/jenkins/jobs/LE910Cx_Multi_DAILY/workspace/build/apps_proc/poky/build/tmp-glibc/sysroots/x86_64-linux/lib -Wl,-rpath-link,/jenhome/jenkins/jobs/LE910Cx_Multi_DAILY/workspace/build/apps_proc/poky/build/tmp-glibc/sysroots/x86_64-linux/usr/lib -Wl,-rpath-link,/jenhome/jenkins/jobs/LE910Cx_Multi_DAILY/workspace/build/apps_proc/poky/build/tmp-glibc/sysroots/x86_64-linux/lib -Wl,-rpath,/jenhome/jenkins/jobs/LE910Cx_Multi_DAILY/workspace/build/apps_proc/poky/build/tmp-glibc/sysroots/x86_64-linux/usr/lib -Wl,-rpath,/jenhome/jenkins/jobs/LE910Cx_Multi_DAILY/workspace/build/apps_proc/poky/build/tmp-glibc/sysroots/x86_64-linux/lib -Wl,-O1 conftest.c  >&5
configure:9204: $? = 0
configure:9204: result: yes
configure:9204: checking for fflush_unlocked
configure:9204: gcc  -o conftest -isystem/jenhome/jenkins/jobs/LE910Cx_Multi_DAILY/workspace/build/apps_proc/poky/build/tmp-glibc/sysroots/x86_64-linux/usr/include -pipe   -static-libstdc++ -static-libgcc -L/jenhome/jenkins/jobs/LE910Cx_Multi_DAILY/workspace/build/apps_proc/poky/build/tmp-glibc/sysroots/x86_64-linux/usr/lib -L/jenhome/jenkins/jobs/LE910Cx_Multi_DAILY/workspace/build/apps_proc/poky/build/tmp-glibc/sysroots/x86_64-linux/lib -Wl,-rpath-link,/jenhome/jenkins/jobs/LE910Cx_Multi_DAILY/workspace/build/apps_proc/poky/build/tmp-glibc/sysroots/x86_64-linux/usr/lib -Wl,-rpath-link,/jenhome/jenkins/jobs/LE910Cx_Multi_DAILY/workspace/build/apps_proc/poky/build/tmp-glibc/sysroots/x86_64-linux/lib -Wl,-rpath,/jenhome/jenkins/jobs/LE910Cx_Multi_DAILY/workspace/build/apps_proc/poky/build/tmp-glibc/sysroots/x86_64-linux/usr/lib -Wl,-rpath,/jenhome/jenkins/jobs/LE910Cx_Multi_DAILY/workspace/build/apps_proc/poky/build/tmp-glibc/sysroots/x86_64-linux/lib -Wl,-O1 conftest.c  >&5
configure:9204: $? = 0
configure:9204: result: yes
configure:9204: checking for fgetc_unlocked
configure:9204: gcc  -o conftest -isystem/jenhome/jenkins/jobs/LE910Cx_Multi_DAILY/workspace/build/apps_proc/poky/build/tmp-glibc/sysroots/x86_64-linux/usr/include -pipe   -static-libstdc++ -static-libgcc -L/jenhome/jenkins/jobs/LE910Cx_Multi_DAILY/workspace/build/apps_proc/poky/build/tmp-glibc/sysroots/x86_64-linux/usr/lib -L/jenhome/jenkins/jobs/LE910Cx_Multi_DAILY/workspace/build/apps_proc/poky/build/tmp-glibc/sysroots/x86_64-linux/lib -Wl,-rpath-link,/jenhome/jenkins/jobs/LE910Cx_Multi_DAILY/workspace/build/apps_proc/poky/build/tmp-glibc/sysroots/x86_64-linux/usr/lib -Wl,-rpath-link,/jenhome/jenkins/jobs/LE910Cx_Multi_DAILY/workspace/build/apps_proc/poky/build/tmp-glibc/sysroots/x86_64-linux/lib -Wl,-rpath,/jenhome/jenkins/jobs/LE910Cx_Multi_DAILY/workspace/build/apps_proc/poky/build/tmp-glibc/sysroots/x86_64-linux/usr/lib -Wl,-rpath,/jenhome/jenkins/jobs/LE910Cx_Multi_DAILY/workspace/build/apps_proc/poky/build/tmp-glibc/sysroots/x86_64-linux/lib -Wl,-O1 conftest.c  >&5
configure:9204: $? = 0
configure:9204: result: yes
configure:9204: checking for fgets_unlocked
configure:9204: gcc  -o conftest -isystem/jenhome/jenkins/jobs/LE910Cx_Multi_DAILY/workspace/build/apps_proc/poky/build/tmp-glibc/sysroots/x86_64-linux/usr/include -pipe   -static-libstdc++ -static-libgcc -L/jenhome/jenkins/jobs/LE910Cx_Multi_DAILY/workspace/build/apps_proc/poky/build/tmp-glibc/sysroots/x86_64-linux/usr/lib -L/jenhome/jenkins/jobs/LE910Cx_Multi_DAILY/workspace/build/apps_proc/poky/build/tmp-glibc/sysroots/x86_64-linux/lib -Wl,-rpath-link,/jenhome/jenkins/jobs/LE910Cx_Multi_DAILY/workspace/build/apps_proc/poky/build/tmp-glibc/sysroots/x86_64-linux/usr/lib -Wl,-rpath-link,/jenhome/jenkins/jobs/LE910Cx_Multi_DAILY/workspace/build/apps_proc/poky/build/tmp-glibc/sysroots/x86_64-linux/lib -Wl,-rpath,/jenhome/jenkins/jobs/LE910Cx_Multi_DAILY/workspace/build/apps_proc/poky/build/tmp-glibc/sysroots/x86_64-linux/usr/lib -Wl,-rpath,/jenhome/jenkins/jobs/LE910Cx_Multi_DAILY/workspace/build/apps_proc/poky/build/tmp-glibc/sysroots/x86_64-linux/lib -Wl,-O1 conftest.c  >&5
configure:9204: $? = 0
configure:9204: result: yes
configure:9204: checking for fileno_unlocked
configure:9204: gcc  -o conftest -isystem/jenhome/jenkins/jobs/LE910Cx_Multi_DAILY/workspace/build/apps_proc/poky/build/tmp-glibc/sysroots/x86_64-linux/usr/include -pipe   -static-libstdc++ -static-libgcc -L/jenhome/jenkins/jobs/LE910Cx_Multi_DAILY/workspace/build/apps_proc/poky/build/tmp-glibc/sysroots/x86_64-linux/usr/lib -L/jenhome/jenkins/jobs/LE910Cx_Multi_DAILY/workspace/build/apps_proc/poky/build/tmp-glibc/sysroots/x86_64-linux/lib -Wl,-rpath-link,/jenhome/jenkins/jobs/LE910Cx_Multi_DAILY/workspace/build/apps_proc/poky/build/tmp-glibc/sysroots/x86_64-linux/usr/lib -Wl,-rpath-link,/jenhome/jenkins/jobs/LE910Cx_Multi_DAILY/workspace/build/apps_proc/poky/build/tmp-glibc/sysroots/x86_64-linux/lib -Wl,-rpath,/jenhome/jenkins/jobs/LE910Cx_Multi_DAILY/workspace/build/apps_proc/poky/build/tmp-glibc/sysroots/x86_64-linux/usr/lib -Wl,-rpath,/jenhome/jenkins/jobs/LE910Cx_Multi_DAILY/workspace/build/apps_proc/poky/build/tmp-glibc/sysroots/x86_64-linux/lib -Wl,-O1 conftest.c  >&5
configure:9204: $? = 0
configure:9204: result: yes
configure:9204: checking for fprintf_unlocked
configure:9204: gcc  -o conftest -isystem/jenhome/jenkins/jobs/LE910Cx_Multi_DAILY/workspace/build/apps_proc/poky/build/tmp-glibc/sysroots/x86_64-linux/usr/include -pipe   -static-libstdc++ -static-libgcc -L/jenhome/jenkins/jobs/LE910Cx_Multi_DAILY/workspace/build/apps_proc/poky/build/tmp-glibc/sysroots/x86_64-linux/usr/lib -L/jenhome/jenkins/jobs/LE910Cx_Multi_DAILY/workspace/build/apps_proc/poky/build/tmp-glibc/sysroots/x86_64-linux/lib -Wl,-rpath-link,/jenhome/jenkins/jobs/LE910Cx_Multi_DAILY/workspace/build/apps_proc/poky/build/tmp-glibc/sysroots/x86_64-linux/usr/lib -Wl,-rpath-link,/jenhome/jenkins/jobs/LE910Cx_Multi_DAILY/workspace/build/apps_proc/poky/build/tmp-glibc/sysroots/x86_64-linux/lib -Wl,-rpath,/jenhome/jenkins/jobs/LE910Cx_Multi_DAILY/workspace/build/apps_proc/poky/build/tmp-glibc/sysroots/x86_64-linux/usr/lib -Wl,-rpath,/jenhome/jenkins/jobs/LE910Cx_Multi_DAILY/workspace/build/apps_proc/poky/build/tmp-glibc/sysroots/x86_64-linux/lib -Wl,-O1 conftest.c  >&5
conftest.c:115:6: warning: conflicting types for built-in function 'fprintf_unlocked' [enabled by default]
 char fprintf_unlocked ();
      ^
/tmp/ccTopqt0.o: In function `main':
conftest.c:(.text+0xa): undefined reference to `fprintf_unlocked'
collect2: error: ld returned 1 exit status
configure:9204: $? = 1
configure: failed program was:
| /* confdefs.h */
| #define PACKAGE_NAME ""
| #define PACKAGE_TARNAME ""
| #define PACKAGE_VERSION ""
| #define PACKAGE_STRING ""
| #define PACKAGE_BUGREPORT ""
| #define PACKAGE_URL ""
| #define STDC_HEADERS 1
| #define HAVE_SYS_TYPES_H 1
| #define HAVE_SYS_STAT_H 1
| #define HAVE_STDLIB_H 1
| #define HAVE_STRING_H 1
| #define HAVE_MEMORY_H 1
| #define HAVE_STRINGS_H 1
| #define HAVE_INTTYPES_H 1
| #define HAVE_STDINT_H 1
| #define HAVE_UNISTD_H 1
| #define __EXTENSIONS__ 1
| #define _ALL_SOURCE 1
| #define _GNU_SOURCE 1
| #define _POSIX_PTHREAD_SEMANTICS 1
| #define _TANDEM_SOURCE 1
| #define SIZEOF_VOID_P 8
| #define SIZEOF_SHORT 2
| #define SIZEOF_INT 4
| #define SIZEOF_LONG 8
| #define HAVE_LONG_LONG 1
| #define SIZEOF_LONG_LONG 8
| #define HAVE_LONG_LONG_INT 1
| #define HAVE_INTMAX_T 1
| #define HAVE_INTPTR_T 1
| #define HAVE_UNSIGNED_LONG_LONG_INT 1
| #define HAVE_UINTMAX_T 1
| #define HAVE_UINTPTR_T 1
| #define ENABLE_ASSERT_CHECKING 1
| #define ENABLE_RUNTIME_CHECKING 1
| #define GATHER_STATISTICS 0
| #define ENABLE_DECIMAL_FLOAT 0
| #define ENABLE_DECIMAL_BID_FORMAT 0
| #define ENABLE_FIXED_POINT 1
| #define STDC_HEADERS 1
| #define TIME_WITH_SYS_TIME 1
| #define STRING_WITH_STRINGS 1
| #define HAVE_SYS_WAIT_H 1
| #define GWINSZ_IN_SYS_IOCTL 1
| #define HAVE_LIMITS_H 1
| #define HAVE_STDDEF_H 1
| #define HAVE_STRING_H 1
| #define HAVE_STRINGS_H 1
| #define HAVE_STDLIB_H 1
| #define HAVE_TIME_H 1
| #define HAVE_ICONV_H 1
| #define HAVE_FCNTL_H 1
| #define HAVE_UNISTD_H 1
| #define HAVE_SYS_FILE_H 1
| #define HAVE_SYS_TIME_H 1
| #define HAVE_SYS_MMAN_H 1
| #define HAVE_SYS_RESOURCE_H 1
| #define HAVE_SYS_PARAM_H 1
| #define HAVE_SYS_TIMES_H 1
| #define HAVE_SYS_STAT_H 1
| #define HAVE_MALLOC_H 1
| #define HAVE_LANGINFO_H 1
| #define HAVE_LOCALE_H 1
| #define HAVE_WCHAR_H 1
| #define HAVE_TR1_UNORDERED_MAP 1
| #define HAVE_EXT_HASH_MAP 1
| #define HAVE_INTTYPES_H 1
| #define HAVE_TIMES 1
| #define HAVE_CLOCK 1
| #define HAVE_KILL 1
| #define HAVE_GETRLIMIT 1
| #define HAVE_SETRLIMIT 1
| #define HAVE_ATOLL 1
| #define HAVE_SYSCONF 1
| #define HAVE_STRSIGNAL 1
| #define HAVE_GETRUSAGE 1
| #define HAVE_NL_LANGINFO 1
| #define HAVE_GETTIMEOFDAY 1
| #define HAVE_MBSTOWCS 1
| #define HAVE_WCSWIDTH 1
| #define HAVE_MMAP 1
| #define HAVE_SETLOCALE 1
| #define HAVE_CLEARERR_UNLOCKED 1
| #define HAVE_FEOF_UNLOCKED 1
| #define HAVE_FERROR_UNLOCKED 1
| #define HAVE_FFLUSH_UNLOCKED 1
| #define HAVE_FGETC_UNLOCKED 1
| #define HAVE_FGETS_UNLOCKED 1
| #define HAVE_FILENO_UNLOCKED 1
| /* end confdefs.h.  */
| /* Define fprintf_unlocked to an innocuous variant, in case <limits.h> declares fprintf_unlocked.
|    For example, HP-UX 11i <limits.h> declares gettimeofday.  */
| #define fprintf_unlocked innocuous_fprintf_unlocked
| 
| /* System header to define __stub macros and hopefully few prototypes,
|     which can conflict with char fprintf_unlocked (); below.
|     Prefer <limits.h> to <assert.h> if __STDC__ is defined, since
|     <limits.h> exists even on freestanding compilers.  */
| 
| #ifdef __STDC__
| # include <limits.h>
| #else
| # include <assert.h>
| #endif
| 
| #undef fprintf_unlocked
| 
| /* Override any GCC internal prototype to avoid an error.
|    Use char because int might match the return type of a GCC
|    builtin and then its argument prototype would still apply.  */
| #ifdef __cplusplus
| extern "C"
| #endif
| char fprintf_unlocked ();
| /* The GNU C library defines this for functions which it implements
|     to always fail with ENOSYS.  Some functions are actually named
|     something starting with __ and the normal name is an alias.  */
| #if defined __stub_fprintf_unlocked || defined __stub___fprintf_unlocked
| choke me
| #endif
| 
| int
| main ()
| {
| return fprintf_unlocked ();
|   ;
|   return 0;
| }
configure:9204: result: no
configure:9204: checking for fputc_unlocked
configure:9204: gcc  -o conftest -isystem/jenhome/jenkins/jobs/LE910Cx_Multi_DAILY/workspace/build/apps_proc/poky/build/tmp-glibc/sysroots/x86_64-linux/usr/include -pipe   -static-libstdc++ -static-libgcc -L/jenhome/jenkins/jobs/LE910Cx_Multi_DAILY/workspace/build/apps_proc/poky/build/tmp-glibc/sysroots/x86_64-linux/usr/lib -L/jenhome/jenkins/jobs/LE910Cx_Multi_DAILY/workspace/build/apps_proc/poky/build/tmp-glibc/sysroots/x86_64-linux/lib -Wl,-rpath-link,/jenhome/jenkins/jobs/LE910Cx_Multi_DAILY/workspace/build/apps_proc/poky/build/tmp-glibc/sysroots/x86_64-linux/usr/lib -Wl,-rpath-link,/jenhome/jenkins/jobs/LE910Cx_Multi_DAILY/workspace/build/apps_proc/poky/build/tmp-glibc/sysroots/x86_64-linux/lib -Wl,-rpath,/jenhome/jenkins/jobs/LE910Cx_Multi_DAILY/workspace/build/apps_proc/poky/build/tmp-glibc/sysroots/x86_64-linux/usr/lib -Wl,-rpath,/jenhome/jenkins/jobs/LE910Cx_Multi_DAILY/workspace/build/apps_proc/poky/build/tmp-glibc/sysroots/x86_64-linux/lib -Wl,-O1 conftest.c  >&5
conftest.c:115:6: warning: conflicting types for built-in function 'fputc_unlocked' [enabled by default]
 char fputc_unlocked ();
      ^
configure:9204: $? = 0
configure:9204: result: yes
configure:9204: checking for fputs_unlocked
configure:9204: gcc  -o conftest -isystem/jenhome/jenkins/jobs/LE910Cx_Multi_DAILY/workspace/build/apps_proc/poky/build/tmp-glibc/sysroots/x86_64-linux/usr/include -pipe   -static-libstdc++ -static-libgcc -L/jenhome/jenkins/jobs/LE910Cx_Multi_DAILY/workspace/build/apps_proc/poky/build/tmp-glibc/sysroots/x86_64-linux/usr/lib -L/jenhome/jenkins/jobs/LE910Cx_Multi_DAILY/workspace/build/apps_proc/poky/build/tmp-glibc/sysroots/x86_64-linux/lib -Wl,-rpath-link,/jenhome/jenkins/jobs/LE910Cx_Multi_DAILY/workspace/build/apps_proc/poky/build/tmp-glibc/sysroots/x86_64-linux/usr/lib -Wl,-rpath-link,/jenhome/jenkins/jobs/LE910Cx_Multi_DAILY/workspace/build/apps_proc/poky/build/tmp-glibc/sysroots/x86_64-linux/lib -Wl,-rpath,/jenhome/jenkins/jobs/LE910Cx_Multi_DAILY/workspace/build/apps_proc/poky/build/tmp-glibc/sysroots/x86_64-linux/usr/lib -Wl,-rpath,/jenhome/jenkins/jobs/LE910Cx_Multi_DAILY/workspace/build/apps_proc/poky/build/tmp-glibc/sysroots/x86_64-linux/lib -Wl,-O1 conftest.c  >&5
conftest.c:116:6: warning: conflicting types for built-in function 'fputs_unlocked' [enabled by default]
 char fputs_unlocked ();
      ^
configure:9204: $? = 0
configure:9204: result: yes
configure:9204: checking for fread_unlocked
configure:9204: gcc  -o conftest -isystem/jenhome/jenkins/jobs/LE910Cx_Multi_DAILY/workspace/build/apps_proc/poky/build/tmp-glibc/sysroots/x86_64-linux/usr/include -pipe   -static-libstdc++ -static-libgcc -L/jenhome/jenkins/jobs/LE910Cx_Multi_DAILY/workspace/build/apps_proc/poky/build/tmp-glibc/sysroots/x86_64-linux/usr/lib -L/jenhome/jenkins/jobs/LE910Cx_Multi_DAILY/workspace/build/apps_proc/poky/build/tmp-glibc/sysroots/x86_64-linux/lib -Wl,-rpath-link,/jenhome/jenkins/jobs/LE910Cx_Multi_DAILY/workspace/build/apps_proc/poky/build/tmp-glibc/sysroots/x86_64-linux/usr/lib -Wl,-rpath-link,/jenhome/jenkins/jobs/LE910Cx_Multi_DAILY/workspace/build/apps_proc/poky/build/tmp-glibc/sysroots/x86_64-linux/lib -Wl,-rpath,/jenhome/jenkins/jobs/LE910Cx_Multi_DAILY/workspace/build/apps_proc/poky/build/tmp-glibc/sysroots/x86_64-linux/usr/lib -Wl,-rpath,/jenhome/jenkins/jobs/LE910Cx_Multi_DAILY/workspace/build/apps_proc/poky/build/tmp-glibc/sysroots/x86_64-linux/lib -Wl,-O1 conftest.c  >&5
configure:9204: $? = 0
configure:9204: result: yes
configure:9204: checking for fwrite_unlocked
configure:9204: gcc  -o conftest -isystem/jenhome/jenkins/jobs/LE910Cx_Multi_DAILY/workspace/build/apps_proc/poky/build/tmp-glibc/sysroots/x86_64-linux/usr/include -pipe   -static-libstdc++ -static-libgcc -L/jenhome/jenkins/jobs/LE910Cx_Multi_DAILY/workspace/build/apps_proc/poky/build/tmp-glibc/sysroots/x86_64-linux/usr/lib -L/jenhome/jenkins/jobs/LE910Cx_Multi_DAILY/workspace/build/apps_proc/poky/build/tmp-glibc/sysroots/x86_64-linux/lib -Wl,-rpath-link,/jenhome/jenkins/jobs/LE910Cx_Multi_DAILY/workspace/build/apps_proc/poky/build/tmp-glibc/sysroots/x86_64-linux/usr/lib -Wl,-rpath-link,/jenhome/jenkins/jobs/LE910Cx_Multi_DAILY/workspace/build/apps_proc/poky/build/tmp-glibc/sysroots/x86_64-linux/lib -Wl,-rpath,/jenhome/jenkins/jobs/LE910Cx_Multi_DAILY/workspace/build/apps_proc/poky/build/tmp-glibc/sysroots/x86_64-linux/usr/lib -Wl,-rpath,/jenhome/jenkins/jobs/LE910Cx_Multi_DAILY/workspace/build/apps_proc/poky/build/tmp-glibc/sysroots/x86_64-linux/lib -Wl,-O1 conftest.c  >&5
conftest.c:118:6: warning: conflicting types for built-in function 'fwrite_unlocked' [enabled by default]
 char fwrite_unlocked ();
      ^
configure:9204: $? = 0
configure:9204: result: yes
configure:9204: checking for getchar_unlocked
configure:9204: gcc  -o conftest -isystem/jenhome/jenkins/jobs/LE910Cx_Multi_DAILY/workspace/build/apps_proc/poky/build/tmp-glibc/sysroots/x86_64-linux/usr/include -pipe   -static-libstdc++ -static-libgcc -L/jenhome/jenkins/jobs/LE910Cx_Multi_DAILY/workspace/build/apps_proc/poky/build/tmp-glibc/sysroots/x86_64-linux/usr/lib -L/jenhome/jenkins/jobs/LE910Cx_Multi_DAILY/workspace/build/apps_proc/poky/build/tmp-glibc/sysroots/x86_64-linux/lib -Wl,-rpath-link,/jenhome/jenkins/jobs/LE910Cx_Multi_DAILY/workspace/build/apps_proc/poky/build/tmp-glibc/sysroots/x86_64-linux/usr/lib -Wl,-rpath-link,/jenhome/jenkins/jobs/LE910Cx_Multi_DAILY/workspace/build/apps_proc/poky/build/tmp-glibc/sysroots/x86_64-linux/lib -Wl,-rpath,/jenhome/jenkins/jobs/LE910Cx_Multi_DAILY/workspace/build/apps_proc/poky/build/tmp-glibc/sysroots/x86_64-linux/usr/lib -Wl,-rpath,/jenhome/jenkins/jobs/LE910Cx_Multi_DAILY/workspace/build/apps_proc/poky/build/tmp-glibc/sysroots/x86_64-linux/lib -Wl,-O1 conftest.c  >&5
configure:9204: $? = 0
configure:9204: result: yes
configure:9204: checking for getc_unlocked
configure:9204: gcc  -o conftest -isystem/jenhome/jenkins/jobs/LE910Cx_Multi_DAILY/workspace/build/apps_proc/poky/build/tmp-glibc/sysroots/x86_64-linux/usr/include -pipe   -static-libstdc++ -static-libgcc -L/jenhome/jenkins/jobs/LE910Cx_Multi_DAILY/workspace/build/apps_proc/poky/build/tmp-glibc/sysroots/x86_64-linux/usr/lib -L/jenhome/jenkins/jobs/LE910Cx_Multi_DAILY/workspace/build/apps_proc/poky/build/tmp-glibc/sysroots/x86_64-linux/lib -Wl,-rpath-link,/jenhome/jenkins/jobs/LE910Cx_Multi_DAILY/workspace/build/apps_proc/poky/build/tmp-glibc/sysroots/x86_64-linux/usr/lib -Wl,-rpath-link,/jenhome/jenkins/jobs/LE910Cx_Multi_DAILY/workspace/build/apps_proc/poky/build/tmp-glibc/sysroots/x86_64-linux/lib -Wl,-rpath,/jenhome/jenkins/jobs/LE910Cx_Multi_DAILY/workspace/build/apps_proc/poky/build/tmp-glibc/sysroots/x86_64-linux/usr/lib -Wl,-rpath,/jenhome/jenkins/jobs/LE910Cx_Multi_DAILY/workspace/build/apps_proc/poky/build/tmp-glibc/sysroots/x86_64-linux/lib -Wl,-O1 conftest.c  >&5
configure:9204: $? = 0
configure:9204: result: yes
configure:9204: checking for putchar_unlocked
configure:9204: gcc  -o conftest -isystem/jenhome/jenkins/jobs/LE910Cx_Multi_DAILY/workspace/build/apps_proc/poky/build/tmp-glibc/sysroots/x86_64-linux/usr/include -pipe   -static-libstdc++ -static-libgcc -L/jenhome/jenkins/jobs/LE910Cx_Multi_DAILY/workspace/build/apps_proc/poky/build/tmp-glibc/sysroots/x86_64-linux/usr/lib -L/jenhome/jenkins/jobs/LE910Cx_Multi_DAILY/workspace/build/apps_proc/poky/build/tmp-glibc/sysroots/x86_64-linux/lib -Wl,-rpath-link,/jenhome/jenkins/jobs/LE910Cx_Multi_DAILY/workspace/build/apps_proc/poky/build/tmp-glibc/sysroots/x86_64-linux/usr/lib -Wl,-rpath-link,/jenhome/jenkins/jobs/LE910Cx_Multi_DAILY/workspace/build/apps_proc/poky/build/tmp-glibc/sysroots/x86_64-linux/lib -Wl,-rpath,/jenhome/jenkins/jobs/LE910Cx_Multi_DAILY/workspace/build/apps_proc/poky/build/tmp-glibc/sysroots/x86_64-linux/usr/lib -Wl,-rpath,/jenhome/jenkins/jobs/LE910Cx_Multi_DAILY/workspace/build/apps_proc/poky/build/tmp-glibc/sysroots/x86_64-linux/lib -Wl,-O1 conftest.c  >&5
conftest.c:121:6: warning: conflicting types for built-in function 'putchar_unlocked' [enabled by default]
 char putchar_unlocked ();
      ^
configure:9204: $? = 0
configure:9204: result: yes
configure:9204: checking for putc_unlocked
configure:9204: gcc  -o conftest -isystem/jenhome/jenkins/jobs/LE910Cx_Multi_DAILY/workspace/build/apps_proc/poky/build/tmp-glibc/sysroots/x86_64-linux/usr/include -pipe   -static-libstdc++ -static-libgcc -L/jenhome/jenkins/jobs/LE910Cx_Multi_DAILY/workspace/build/apps_proc/poky/build/tmp-glibc/sysroots/x86_64-linux/usr/lib -L/jenhome/jenkins/jobs/LE910Cx_Multi_DAILY/workspace/build/apps_proc/poky/build/tmp-glibc/sysroots/x86_64-linux/lib -Wl,-rpath-link,/jenhome/jenkins/jobs/LE910Cx_Multi_DAILY/workspace/build/apps_proc/poky/build/tmp-glibc/sysroots/x86_64-linux/usr/lib -Wl,-rpath-link,/jenhome/jenkins/jobs/LE910Cx_Multi_DAILY/workspace/build/apps_proc/poky/build/tmp-glibc/sysroots/x86_64-linux/lib -Wl,-rpath,/jenhome/jenkins/jobs/LE910Cx_Multi_DAILY/workspace/build/apps_proc/poky/build/tmp-glibc/sysroots/x86_64-linux/usr/lib -Wl,-rpath,/jenhome/jenkins/jobs/LE910Cx_Multi_DAILY/workspace/build/apps_proc/poky/build/tmp-glibc/sysroots/x86_64-linux/lib -Wl,-O1 conftest.c  >&5
conftest.c:122:6: warning: conflicting types for built-in function 'putc_unlocked' [enabled by default]
 char putc_unlocked ();
      ^
configure:9204: $? = 0
configure:9204: result: yes
configure:9204: checking for madvise
configure:9204: gcc  -o conftest -isystem/jenhome/jenkins/jobs/LE910Cx_Multi_DAILY/workspace/build/apps_proc/poky/build/tmp-glibc/sysroots/x86_64-linux/usr/include -pipe   -static-libstdc++ -static-libgcc -L/jenhome/jenkins/jobs/LE910Cx_Multi_DAILY/workspace/build/apps_proc/poky/build/tmp-glibc/sysroots/x86_64-linux/usr/lib -L/jenhome/jenkins/jobs/LE910Cx_Multi_DAILY/workspace/build/apps_proc/poky/build/tmp-glibc/sysroots/x86_64-linux/lib -Wl,-rpath-link,/jenhome/jenkins/jobs/LE910Cx_Multi_DAILY/workspace/build/apps_proc/poky/build/tmp-glibc/sysroots/x86_64-linux/usr/lib -Wl,-rpath-link,/jenhome/jenkins/jobs/LE910Cx_Multi_DAILY/workspace/build/apps_proc/poky/build/tmp-glibc/sysroots/x86_64-linux/lib -Wl,-rpath,/jenhome/jenkins/jobs/LE910Cx_Multi_DAILY/workspace/build/apps_proc/poky/build/tmp-glibc/sysroots/x86_64-linux/usr/lib -Wl,-rpath,/jenhome/jenkins/jobs/LE910Cx_Multi_DAILY/workspace/build/apps_proc/poky/build/tmp-glibc/sysroots/x86_64-linux/lib -Wl,-O1 conftest.c  >&5
configure:9204: $? = 0
configure:9204: result: yes
configure:9216: checking whether mbstowcs works
configure:9233: gcc  -o conftest -isystem/jenhome/jenkins/jobs/LE910Cx_Multi_DAILY/workspace/build/apps_proc/poky/build/tmp-glibc/sysroots/x86_64-linux/usr/include -pipe   -static-libstdc++ -static-libgcc -L/jenhome/jenkins/jobs/LE910Cx_Multi_DAILY/workspace/build/apps_proc/poky/build/tmp-glibc/sysroots/x86_64-linux/usr/lib -L/jenhome/jenkins/jobs/LE910Cx_Multi_DAILY/workspace/build/apps_proc/poky/build/tmp-glibc/sysroots/x86_64-linux/lib -Wl,-rpath-link,/jenhome/jenkins/jobs/LE910Cx_Multi_DAILY/workspace/build/apps_proc/poky/build/tmp-glibc/sysroots/x86_64-linux/usr/lib -Wl,-rpath-link,/jenhome/jenkins/jobs/LE910Cx_Multi_DAILY/workspace/build/apps_proc/poky/build/tmp-glibc/sysroots/x86_64-linux/lib -Wl,-rpath,/jenhome/jenkins/jobs/LE910Cx_Multi_DAILY/workspace/build/apps_proc/poky/build/tmp-glibc/sysroots/x86_64-linux/usr/lib -Wl,-rpath,/jenhome/jenkins/jobs/LE910Cx_Multi_DAILY/workspace/build/apps_proc/poky/build/tmp-glibc/sysroots/x86_64-linux/lib -Wl,-O1 conftest.c  >&5
configure:9233: $? = 0
configure:9233: ./conftest
configure:9233: $? = 0
configure:9243: result: yes
configure:9252: checking for ssize_t
configure:9252: gcc  -c -isystem/jenhome/jenkins/jobs/LE910Cx_Multi_DAILY/workspace/build/apps_proc/poky/build/tmp-glibc/sysroots/x86_64-linux/usr/include -pipe   conftest.c >&5
configure:9252: $? = 0
configure:9252: gcc  -c -isystem/jenhome/jenkins/jobs/LE910Cx_Multi_DAILY/workspace/build/apps_proc/poky/build/tmp-glibc/sysroots/x86_64-linux/usr/include -pipe   conftest.c >&5
conftest.c: In function 'main':
conftest.c:138:22: error: expected expression before ')' token
 if (sizeof ((ssize_t)))
                      ^
configure:9252: $? = 1
configure: failed program was:
| /* confdefs.h */
| #define PACKAGE_NAME ""
| #define PACKAGE_TARNAME ""
| #define PACKAGE_VERSION ""
| #define PACKAGE_STRING ""
| #define PACKAGE_BUGREPORT ""
| #define PACKAGE_URL ""
| #define STDC_HEADERS 1
| #define HAVE_SYS_TYPES_H 1
| #define HAVE_SYS_STAT_H 1
| #define HAVE_STDLIB_H 1
| #define HAVE_STRING_H 1
| #define HAVE_MEMORY_H 1
| #define HAVE_STRINGS_H 1
| #define HAVE_INTTYPES_H 1
| #define HAVE_STDINT_H 1
| #define HAVE_UNISTD_H 1
| #define __EXTENSIONS__ 1
| #define _ALL_SOURCE 1
| #define _GNU_SOURCE 1
| #define _POSIX_PTHREAD_SEMANTICS 1
| #define _TANDEM_SOURCE 1
| #define SIZEOF_VOID_P 8
| #define SIZEOF_SHORT 2
| #define SIZEOF_INT 4
| #define SIZEOF_LONG 8
| #define HAVE_LONG_LONG 1
| #define SIZEOF_LONG_LONG 8
| #define HAVE_LONG_LONG_INT 1
| #define HAVE_INTMAX_T 1
| #define HAVE_INTPTR_T 1
| #define HAVE_UNSIGNED_LONG_LONG_INT 1
| #define HAVE_UINTMAX_T 1
| #define HAVE_UINTPTR_T 1
| #define ENABLE_ASSERT_CHECKING 1
| #define ENABLE_RUNTIME_CHECKING 1
| #define GATHER_STATISTICS 0
| #define ENABLE_DECIMAL_FLOAT 0
| #define ENABLE_DECIMAL_BID_FORMAT 0
| #define ENABLE_FIXED_POINT 1
| #define STDC_HEADERS 1
| #define TIME_WITH_SYS_TIME 1
| #define STRING_WITH_STRINGS 1
| #define HAVE_SYS_WAIT_H 1
| #define GWINSZ_IN_SYS_IOCTL 1
| #define HAVE_LIMITS_H 1
| #define HAVE_STDDEF_H 1
| #define HAVE_STRING_H 1
| #define HAVE_STRINGS_H 1
| #define HAVE_STDLIB_H 1
| #define HAVE_TIME_H 1
| #define HAVE_ICONV_H 1
| #define HAVE_FCNTL_H 1
| #define HAVE_UNISTD_H 1
| #define HAVE_SYS_FILE_H 1
| #define HAVE_SYS_TIME_H 1
| #define HAVE_SYS_MMAN_H 1
| #define HAVE_SYS_RESOURCE_H 1
| #define HAVE_SYS_PARAM_H 1
| #define HAVE_SYS_TIMES_H 1
| #define HAVE_SYS_STAT_H 1
| #define HAVE_MALLOC_H 1
| #define HAVE_LANGINFO_H 1
| #define HAVE_LOCALE_H 1
| #define HAVE_WCHAR_H 1
| #define HAVE_TR1_UNORDERED_MAP 1
| #define HAVE_EXT_HASH_MAP 1
| #define HAVE_INTTYPES_H 1
| #define HAVE_TIMES 1
| #define HAVE_CLOCK 1
| #define HAVE_KILL 1
| #define HAVE_GETRLIMIT 1
| #define HAVE_SETRLIMIT 1
| #define HAVE_ATOLL 1
| #define HAVE_SYSCONF 1
| #define HAVE_STRSIGNAL 1
| #define HAVE_GETRUSAGE 1
| #define HAVE_NL_LANGINFO 1
| #define HAVE_GETTIMEOFDAY 1
| #define HAVE_MBSTOWCS 1
| #define HAVE_WCSWIDTH 1
| #define HAVE_MMAP 1
| #define HAVE_SETLOCALE 1
| #define HAVE_CLEARERR_UNLOCKED 1
| #define HAVE_FEOF_UNLOCKED 1
| #define HAVE_FERROR_UNLOCKED 1
| #define HAVE_FFLUSH_UNLOCKED 1
| #define HAVE_FGETC_UNLOCKED 1
| #define HAVE_FGETS_UNLOCKED 1
| #define HAVE_FILENO_UNLOCKED 1
| #define HAVE_FPUTC_UNLOCKED 1
| #define HAVE_FPUTS_UNLOCKED 1
| #define HAVE_FREAD_UNLOCKED 1
| #define HAVE_FWRITE_UNLOCKED 1
| #define HAVE_GETCHAR_UNLOCKED 1
| #define HAVE_GETC_UNLOCKED 1
| #define HAVE_PUTCHAR_UNLOCKED 1
| #define HAVE_PUTC_UNLOCKED 1
| #define HAVE_MADVISE 1
| #define HAVE_WORKING_MBSTOWCS 1
| /* end confdefs.h.  */
| #include <stdio.h>
| #ifdef HAVE_SYS_TYPES_H
| # include <sys/types.h>
| #endif
| #ifdef HAVE_SYS_STAT_H
| # include <sys/stat.h>
| #endif
| #ifdef STDC_HEADERS
| # include <stdlib.h>
| # include <stddef.h>
| #else
| # ifdef HAVE_STDLIB_H
| #  include <stdlib.h>
| # endif
| #endif
| #ifdef HAVE_STRING_H
| # if !defined STDC_HEADERS && defined HAVE_MEMORY_H
| #  include <memory.h>
| # endif
| # include <string.h>
| #endif
| #ifdef HAVE_STRINGS_H
| # include <strings.h>
| #endif
| #ifdef HAVE_INTTYPES_H
| # include <inttypes.h>
| #endif
| #ifdef HAVE_STDINT_H
| # include <stdint.h>
| #endif
| #ifdef HAVE_UNISTD_H
| # include <unistd.h>
| #endif
| int
| main ()
| {
| if (sizeof ((ssize_t)))
| 	    return 0;
|   ;
|   return 0;
| }
configure:9252: result: yes
configure:9263: checking for caddr_t
configure:9263: gcc  -c -isystem/jenhome/jenkins/jobs/LE910Cx_Multi_DAILY/workspace/build/apps_proc/poky/build/tmp-glibc/sysroots/x86_64-linux/usr/include -pipe   conftest.c >&5
configure:9263: $? = 0
configure:9263: gcc  -c -isystem/jenhome/jenkins/jobs/LE910Cx_Multi_DAILY/workspace/build/apps_proc/poky/build/tmp-glibc/sysroots/x86_64-linux/usr/include -pipe   conftest.c >&5
conftest.c: In function 'main':
conftest.c:138:22: error: expected expression before ')' token
 if (sizeof ((caddr_t)))
                      ^
configure:9263: $? = 1
configure: failed program was:
| /* confdefs.h */
| #define PACKAGE_NAME ""
| #define PACKAGE_TARNAME ""
| #define PACKAGE_VERSION ""
| #define PACKAGE_STRING ""
| #define PACKAGE_BUGREPORT ""
| #define PACKAGE_URL ""
| #define STDC_HEADERS 1
| #define HAVE_SYS_TYPES_H 1
| #define HAVE_SYS_STAT_H 1
| #define HAVE_STDLIB_H 1
| #define HAVE_STRING_H 1
| #define HAVE_MEMORY_H 1
| #define HAVE_STRINGS_H 1
| #define HAVE_INTTYPES_H 1
| #define HAVE_STDINT_H 1
| #define HAVE_UNISTD_H 1
| #define __EXTENSIONS__ 1
| #define _ALL_SOURCE 1
| #define _GNU_SOURCE 1
| #define _POSIX_PTHREAD_SEMANTICS 1
| #define _TANDEM_SOURCE 1
| #define SIZEOF_VOID_P 8
| #define SIZEOF_SHORT 2
| #define SIZEOF_INT 4
| #define SIZEOF_LONG 8
| #define HAVE_LONG_LONG 1
| #define SIZEOF_LONG_LONG 8
| #define HAVE_LONG_LONG_INT 1
| #define HAVE_INTMAX_T 1
| #define HAVE_INTPTR_T 1
| #define HAVE_UNSIGNED_LONG_LONG_INT 1
| #define HAVE_UINTMAX_T 1
| #define HAVE_UINTPTR_T 1
| #define ENABLE_ASSERT_CHECKING 1
| #define ENABLE_RUNTIME_CHECKING 1
| #define GATHER_STATISTICS 0
| #define ENABLE_DECIMAL_FLOAT 0
| #define ENABLE_DECIMAL_BID_FORMAT 0
| #define ENABLE_FIXED_POINT 1
| #define STDC_HEADERS 1
| #define TIME_WITH_SYS_TIME 1
| #define STRING_WITH_STRINGS 1
| #define HAVE_SYS_WAIT_H 1
| #define GWINSZ_IN_SYS_IOCTL 1
| #define HAVE_LIMITS_H 1
| #define HAVE_STDDEF_H 1
| #define HAVE_STRING_H 1
| #define HAVE_STRINGS_H 1
| #define HAVE_STDLIB_H 1
| #define HAVE_TIME_H 1
| #define HAVE_ICONV_H 1
| #define HAVE_FCNTL_H 1
| #define HAVE_UNISTD_H 1
| #define HAVE_SYS_FILE_H 1
| #define HAVE_SYS_TIME_H 1
| #define HAVE_SYS_MMAN_H 1
| #define HAVE_SYS_RESOURCE_H 1
| #define HAVE_SYS_PARAM_H 1
| #define HAVE_SYS_TIMES_H 1
| #define HAVE_SYS_STAT_H 1
| #define HAVE_MALLOC_H 1
| #define HAVE_LANGINFO_H 1
| #define HAVE_LOCALE_H 1
| #define HAVE_WCHAR_H 1
| #define HAVE_TR1_UNORDERED_MAP 1
| #define HAVE_EXT_HASH_MAP 1
| #define HAVE_INTTYPES_H 1
| #define HAVE_TIMES 1
| #define HAVE_CLOCK 1
| #define HAVE_KILL 1
| #define HAVE_GETRLIMIT 1
| #define HAVE_SETRLIMIT 1
| #define HAVE_ATOLL 1
| #define HAVE_SYSCONF 1
| #define HAVE_STRSIGNAL 1
| #define HAVE_GETRUSAGE 1
| #define HAVE_NL_LANGINFO 1
| #define HAVE_GETTIMEOFDAY 1
| #define HAVE_MBSTOWCS 1
| #define HAVE_WCSWIDTH 1
| #define HAVE_MMAP 1
| #define HAVE_SETLOCALE 1
| #define HAVE_CLEARERR_UNLOCKED 1
| #define HAVE_FEOF_UNLOCKED 1
| #define HAVE_FERROR_UNLOCKED 1
| #define HAVE_FFLUSH_UNLOCKED 1
| #define HAVE_FGETC_UNLOCKED 1
| #define HAVE_FGETS_UNLOCKED 1
| #define HAVE_FILENO_UNLOCKED 1
| #define HAVE_FPUTC_UNLOCKED 1
| #define HAVE_FPUTS_UNLOCKED 1
| #define HAVE_FREAD_UNLOCKED 1
| #define HAVE_FWRITE_UNLOCKED 1
| #define HAVE_GETCHAR_UNLOCKED 1
| #define HAVE_GETC_UNLOCKED 1
| #define HAVE_PUTCHAR_UNLOCKED 1
| #define HAVE_PUTC_UNLOCKED 1
| #define HAVE_MADVISE 1
| #define HAVE_WORKING_MBSTOWCS 1
| /* end confdefs.h.  */
| #include <stdio.h>
| #ifdef HAVE_SYS_TYPES_H
| # include <sys/types.h>
| #endif
| #ifdef HAVE_SYS_STAT_H
| # include <sys/stat.h>
| #endif
| #ifdef STDC_HEADERS
| # include <stdlib.h>
| # include <stddef.h>
| #else
| # ifdef HAVE_STDLIB_H
| #  include <stdlib.h>
| # endif
| #endif
| #ifdef HAVE_STRING_H
| # if !defined STDC_HEADERS && defined HAVE_MEMORY_H
| #  include <memory.h>
| # endif
| # include <string.h>
| #endif
| #ifdef HAVE_STRINGS_H
| # include <strings.h>
| #endif
| #ifdef HAVE_INTTYPES_H
| # include <inttypes.h>
| #endif
| #ifdef HAVE_STDINT_H
| # include <stdint.h>
| #endif
| #ifdef HAVE_UNISTD_H
| # include <unistd.h>
| #endif
| int
| main ()
| {
| if (sizeof ((caddr_t)))
| 	    return 0;
|   ;
|   return 0;
| }
configure:9263: result: yes
configure:9276: checking for sys/mman.h
configure:9276: result: yes
configure:9283: checking for mmap
configure:9283: result: yes
configure:9296: checking whether read-only mmap of a plain file works
configure:9313: result: yes
configure:9315: checking whether mmap from /dev/zero works
configure:9337: result: yes
configure:9341: checking for MAP_ANON(YMOUS)
configure:9364: gcc  -c -isystem/jenhome/jenkins/jobs/LE910Cx_Multi_DAILY/workspace/build/apps_proc/poky/build/tmp-glibc/sysroots/x86_64-linux/usr/include -pipe   conftest.c >&5
configure:9364: $? = 0
configure:9371: result: yes
configure:9377: checking whether mmap with MAP_ANON(YMOUS) works
configure:9394: result: yes
configure:9424: checking for pid_t
configure:9424: gcc  -c -isystem/jenhome/jenkins/jobs/LE910Cx_Multi_DAILY/workspace/build/apps_proc/poky/build/tmp-glibc/sysroots/x86_64-linux/usr/include -pipe   conftest.c >&5
configure:9424: $? = 0
configure:9424: gcc  -c -isystem/jenhome/jenkins/jobs/LE910Cx_Multi_DAILY/workspace/build/apps_proc/poky/build/tmp-glibc/sysroots/x86_64-linux/usr/include -pipe   conftest.c >&5
conftest.c: In function 'main':
conftest.c:141:20: error: expected expression before ')' token
 if (sizeof ((pid_t)))
                    ^
configure:9424: $? = 1
configure: failed program was:
| /* confdefs.h */
| #define PACKAGE_NAME ""
| #define PACKAGE_TARNAME ""
| #define PACKAGE_VERSION ""
| #define PACKAGE_STRING ""
| #define PACKAGE_BUGREPORT ""
| #define PACKAGE_URL ""
| #define STDC_HEADERS 1
| #define HAVE_SYS_TYPES_H 1
| #define HAVE_SYS_STAT_H 1
| #define HAVE_STDLIB_H 1
| #define HAVE_STRING_H 1
| #define HAVE_MEMORY_H 1
| #define HAVE_STRINGS_H 1
| #define HAVE_INTTYPES_H 1
| #define HAVE_STDINT_H 1
| #define HAVE_UNISTD_H 1
| #define __EXTENSIONS__ 1
| #define _ALL_SOURCE 1
| #define _GNU_SOURCE 1
| #define _POSIX_PTHREAD_SEMANTICS 1
| #define _TANDEM_SOURCE 1
| #define SIZEOF_VOID_P 8
| #define SIZEOF_SHORT 2
| #define SIZEOF_INT 4
| #define SIZEOF_LONG 8
| #define HAVE_LONG_LONG 1
| #define SIZEOF_LONG_LONG 8
| #define HAVE_LONG_LONG_INT 1
| #define HAVE_INTMAX_T 1
| #define HAVE_INTPTR_T 1
| #define HAVE_UNSIGNED_LONG_LONG_INT 1
| #define HAVE_UINTMAX_T 1
| #define HAVE_UINTPTR_T 1
| #define ENABLE_ASSERT_CHECKING 1
| #define ENABLE_RUNTIME_CHECKING 1
| #define GATHER_STATISTICS 0
| #define ENABLE_DECIMAL_FLOAT 0
| #define ENABLE_DECIMAL_BID_FORMAT 0
| #define ENABLE_FIXED_POINT 1
| #define STDC_HEADERS 1
| #define TIME_WITH_SYS_TIME 1
| #define STRING_WITH_STRINGS 1
| #define HAVE_SYS_WAIT_H 1
| #define GWINSZ_IN_SYS_IOCTL 1
| #define HAVE_LIMITS_H 1
| #define HAVE_STDDEF_H 1
| #define HAVE_STRING_H 1
| #define HAVE_STRINGS_H 1
| #define HAVE_STDLIB_H 1
| #define HAVE_TIME_H 1
| #define HAVE_ICONV_H 1
| #define HAVE_FCNTL_H 1
| #define HAVE_UNISTD_H 1
| #define HAVE_SYS_FILE_H 1
| #define HAVE_SYS_TIME_H 1
| #define HAVE_SYS_MMAN_H 1
| #define HAVE_SYS_RESOURCE_H 1
| #define HAVE_SYS_PARAM_H 1
| #define HAVE_SYS_TIMES_H 1
| #define HAVE_SYS_STAT_H 1
| #define HAVE_MALLOC_H 1
| #define HAVE_LANGINFO_H 1
| #define HAVE_LOCALE_H 1
| #define HAVE_WCHAR_H 1
| #define HAVE_TR1_UNORDERED_MAP 1
| #define HAVE_EXT_HASH_MAP 1
| #define HAVE_INTTYPES_H 1
| #define HAVE_TIMES 1
| #define HAVE_CLOCK 1
| #define HAVE_KILL 1
| #define HAVE_GETRLIMIT 1
| #define HAVE_SETRLIMIT 1
| #define HAVE_ATOLL 1
| #define HAVE_SYSCONF 1
| #define HAVE_STRSIGNAL 1
| #define HAVE_GETRUSAGE 1
| #define HAVE_NL_LANGINFO 1
| #define HAVE_GETTIMEOFDAY 1
| #define HAVE_MBSTOWCS 1
| #define HAVE_WCSWIDTH 1
| #define HAVE_MMAP 1
| #define HAVE_SETLOCALE 1
| #define HAVE_CLEARERR_UNLOCKED 1
| #define HAVE_FEOF_UNLOCKED 1
| #define HAVE_FERROR_UNLOCKED 1
| #define HAVE_FFLUSH_UNLOCKED 1
| #define HAVE_FGETC_UNLOCKED 1
| #define HAVE_FGETS_UNLOCKED 1
| #define HAVE_FILENO_UNLOCKED 1
| #define HAVE_FPUTC_UNLOCKED 1
| #define HAVE_FPUTS_UNLOCKED 1
| #define HAVE_FREAD_UNLOCKED 1
| #define HAVE_FWRITE_UNLOCKED 1
| #define HAVE_GETCHAR_UNLOCKED 1
| #define HAVE_GETC_UNLOCKED 1
| #define HAVE_PUTCHAR_UNLOCKED 1
| #define HAVE_PUTC_UNLOCKED 1
| #define HAVE_MADVISE 1
| #define HAVE_WORKING_MBSTOWCS 1
| #define HAVE_MMAP_FILE 1
| #define HAVE_MMAP_DEV_ZERO 1
| #define HAVE_MMAP_ANON 1
| /* end confdefs.h.  */
| #include <stdio.h>
| #ifdef HAVE_SYS_TYPES_H
| # include <sys/types.h>
| #endif
| #ifdef HAVE_SYS_STAT_H
| # include <sys/stat.h>
| #endif
| #ifdef STDC_HEADERS
| # include <stdlib.h>
| # include <stddef.h>
| #else
| # ifdef HAVE_STDLIB_H
| #  include <stdlib.h>
| # endif
| #endif
| #ifdef HAVE_STRING_H
| # if !defined STDC_HEADERS && defined HAVE_MEMORY_H
| #  include <memory.h>
| # endif
| # include <string.h>
| #endif
| #ifdef HAVE_STRINGS_H
| # include <strings.h>
| #endif
| #ifdef HAVE_INTTYPES_H
| # include <inttypes.h>
| #endif
| #ifdef HAVE_STDINT_H
| # include <stdint.h>
| #endif
| #ifdef HAVE_UNISTD_H
| # include <unistd.h>
| #endif
| int
| main ()
| {
| if (sizeof ((pid_t)))
| 	    return 0;
|   ;
|   return 0;
| }
configure:9424: result: yes
configure:9437: checking for vfork.h
configure:9437: gcc -E   conftest.c
conftest.c:105:19: fatal error: vfork.h: No such file or directory
 #include <vfork.h>
                   ^
compilation terminated.
configure:9437: $? = 1
configure: failed program was:
| /* confdefs.h */
| #define PACKAGE_NAME ""
| #define PACKAGE_TARNAME ""
| #define PACKAGE_VERSION ""
| #define PACKAGE_STRING ""
| #define PACKAGE_BUGREPORT ""
| #define PACKAGE_URL ""
| #define STDC_HEADERS 1
| #define HAVE_SYS_TYPES_H 1
| #define HAVE_SYS_STAT_H 1
| #define HAVE_STDLIB_H 1
| #define HAVE_STRING_H 1
| #define HAVE_MEMORY_H 1
| #define HAVE_STRINGS_H 1
| #define HAVE_INTTYPES_H 1
| #define HAVE_STDINT_H 1
| #define HAVE_UNISTD_H 1
| #define __EXTENSIONS__ 1
| #define _ALL_SOURCE 1
| #define _GNU_SOURCE 1
| #define _POSIX_PTHREAD_SEMANTICS 1
| #define _TANDEM_SOURCE 1
| #define SIZEOF_VOID_P 8
| #define SIZEOF_SHORT 2
| #define SIZEOF_INT 4
| #define SIZEOF_LONG 8
| #define HAVE_LONG_LONG 1
| #define SIZEOF_LONG_LONG 8
| #define HAVE_LONG_LONG_INT 1
| #define HAVE_INTMAX_T 1
| #define HAVE_INTPTR_T 1
| #define HAVE_UNSIGNED_LONG_LONG_INT 1
| #define HAVE_UINTMAX_T 1
| #define HAVE_UINTPTR_T 1
| #define ENABLE_ASSERT_CHECKING 1
| #define ENABLE_RUNTIME_CHECKING 1
| #define GATHER_STATISTICS 0
| #define ENABLE_DECIMAL_FLOAT 0
| #define ENABLE_DECIMAL_BID_FORMAT 0
| #define ENABLE_FIXED_POINT 1
| #define STDC_HEADERS 1
| #define TIME_WITH_SYS_TIME 1
| #define STRING_WITH_STRINGS 1
| #define HAVE_SYS_WAIT_H 1
| #define GWINSZ_IN_SYS_IOCTL 1
| #define HAVE_LIMITS_H 1
| #define HAVE_STDDEF_H 1
| #define HAVE_STRING_H 1
| #define HAVE_STRINGS_H 1
| #define HAVE_STDLIB_H 1
| #define HAVE_TIME_H 1
| #define HAVE_ICONV_H 1
| #define HAVE_FCNTL_H 1
| #define HAVE_UNISTD_H 1
| #define HAVE_SYS_FILE_H 1
| #define HAVE_SYS_TIME_H 1
| #define HAVE_SYS_MMAN_H 1
| #define HAVE_SYS_RESOURCE_H 1
| #define HAVE_SYS_PARAM_H 1
| #define HAVE_SYS_TIMES_H 1
| #define HAVE_SYS_STAT_H 1
| #define HAVE_MALLOC_H 1
| #define HAVE_LANGINFO_H 1
| #define HAVE_LOCALE_H 1
| #define HAVE_WCHAR_H 1
| #define HAVE_TR1_UNORDERED_MAP 1
| #define HAVE_EXT_HASH_MAP 1
| #define HAVE_INTTYPES_H 1
| #define HAVE_TIMES 1
| #define HAVE_CLOCK 1
| #define HAVE_KILL 1
| #define HAVE_GETRLIMIT 1
| #define HAVE_SETRLIMIT 1
| #define HAVE_ATOLL 1
| #define HAVE_SYSCONF 1
| #define HAVE_STRSIGNAL 1
| #define HAVE_GETRUSAGE 1
| #define HAVE_NL_LANGINFO 1
| #define HAVE_GETTIMEOFDAY 1
| #define HAVE_MBSTOWCS 1
| #define HAVE_WCSWIDTH 1
| #define HAVE_MMAP 1
| #define HAVE_SETLOCALE 1
| #define HAVE_CLEARERR_UNLOCKED 1
| #define HAVE_FEOF_UNLOCKED 1
| #define HAVE_FERROR_UNLOCKED 1
| #define HAVE_FFLUSH_UNLOCKED 1
| #define HAVE_FGETC_UNLOCKED 1
| #define HAVE_FGETS_UNLOCKED 1
| #define HAVE_FILENO_UNLOCKED 1
| #define HAVE_FPUTC_UNLOCKED 1
| #define HAVE_FPUTS_UNLOCKED 1
| #define HAVE_FREAD_UNLOCKED 1
| #define HAVE_FWRITE_UNLOCKED 1
| #define HAVE_GETCHAR_UNLOCKED 1
| #define HAVE_GETC_UNLOCKED 1
| #define HAVE_PUTCHAR_UNLOCKED 1
| #define HAVE_PUTC_UNLOCKED 1
| #define HAVE_MADVISE 1
| #define HAVE_WORKING_MBSTOWCS 1
| #define HAVE_MMAP_FILE 1
| #define HAVE_MMAP_DEV_ZERO 1
| #define HAVE_MMAP_ANON 1
| /* end confdefs.h.  */
| #include <vfork.h>
configure:9437: result: no
configure:9449: checking for fork
configure:9449: gcc  -o conftest -isystem/jenhome/jenkins/jobs/LE910Cx_Multi_DAILY/workspace/build/apps_proc/poky/build/tmp-glibc/sysroots/x86_64-linux/usr/include -pipe   -static-libstdc++ -static-libgcc -L/jenhome/jenkins/jobs/LE910Cx_Multi_DAILY/workspace/build/apps_proc/poky/build/tmp-glibc/sysroots/x86_64-linux/usr/lib -L/jenhome/jenkins/jobs/LE910Cx_Multi_DAILY/workspace/build/apps_proc/poky/build/tmp-glibc/sysroots/x86_64-linux/lib -Wl,-rpath-link,/jenhome/jenkins/jobs/LE910Cx_Multi_DAILY/workspace/build/apps_proc/poky/build/tmp-glibc/sysroots/x86_64-linux/usr/lib -Wl,-rpath-link,/jenhome/jenkins/jobs/LE910Cx_Multi_DAILY/workspace/build/apps_proc/poky/build/tmp-glibc/sysroots/x86_64-linux/lib -Wl,-rpath,/jenhome/jenkins/jobs/LE910Cx_Multi_DAILY/workspace/build/apps_proc/poky/build/tmp-glibc/sysroots/x86_64-linux/usr/lib -Wl,-rpath,/jenhome/jenkins/jobs/LE910Cx_Multi_DAILY/workspace/build/apps_proc/poky/build/tmp-glibc/sysroots/x86_64-linux/lib -Wl,-O1 conftest.c  >&5
conftest.c:128:6: warning: conflicting types for built-in function 'fork' [enabled by default]
 char fork ();
      ^
configure:9449: $? = 0
configure:9449: result: yes
configure:9449: checking for vfork
configure:9449: gcc  -o conftest -isystem/jenhome/jenkins/jobs/LE910Cx_Multi_DAILY/workspace/build/apps_proc/poky/build/tmp-glibc/sysroots/x86_64-linux/usr/include -pipe   -static-libstdc++ -static-libgcc -L/jenhome/jenkins/jobs/LE910Cx_Multi_DAILY/workspace/build/apps_proc/poky/build/tmp-glibc/sysroots/x86_64-linux/usr/lib -L/jenhome/jenkins/jobs/LE910Cx_Multi_DAILY/workspace/build/apps_proc/poky/build/tmp-glibc/sysroots/x86_64-linux/lib -Wl,-rpath-link,/jenhome/jenkins/jobs/LE910Cx_Multi_DAILY/workspace/build/apps_proc/poky/build/tmp-glibc/sysroots/x86_64-linux/usr/lib -Wl,-rpath-link,/jenhome/jenkins/jobs/LE910Cx_Multi_DAILY/workspace/build/apps_proc/poky/build/tmp-glibc/sysroots/x86_64-linux/lib -Wl,-rpath,/jenhome/jenkins/jobs/LE910Cx_Multi_DAILY/workspace/build/apps_proc/poky/build/tmp-glibc/sysroots/x86_64-linux/usr/lib -Wl,-rpath,/jenhome/jenkins/jobs/LE910Cx_Multi_DAILY/workspace/build/apps_proc/poky/build/tmp-glibc/sysroots/x86_64-linux/lib -Wl,-O1 conftest.c  >&5
configure:9449: $? = 0
configure:9449: result: yes
configure:9460: checking for working fork
configure:9482: gcc  -o conftest -isystem/jenhome/jenkins/jobs/LE910Cx_Multi_DAILY/workspace/build/apps_proc/poky/build/tmp-glibc/sysroots/x86_64-linux/usr/include -pipe   -static-libstdc++ -static-libgcc -L/jenhome/jenkins/jobs/LE910Cx_Multi_DAILY/workspace/build/apps_proc/poky/build/tmp-glibc/sysroots/x86_64-linux/usr/lib -L/jenhome/jenkins/jobs/LE910Cx_Multi_DAILY/workspace/build/apps_proc/poky/build/tmp-glibc/sysroots/x86_64-linux/lib -Wl,-rpath-link,/jenhome/jenkins/jobs/LE910Cx_Multi_DAILY/workspace/build/apps_proc/poky/build/tmp-glibc/sysroots/x86_64-linux/usr/lib -Wl,-rpath-link,/jenhome/jenkins/jobs/LE910Cx_Multi_DAILY/workspace/build/apps_proc/poky/build/tmp-glibc/sysroots/x86_64-linux/lib -Wl,-rpath,/jenhome/jenkins/jobs/LE910Cx_Multi_DAILY/workspace/build/apps_proc/poky/build/tmp-glibc/sysroots/x86_64-linux/usr/lib -Wl,-rpath,/jenhome/jenkins/jobs/LE910Cx_Multi_DAILY/workspace/build/apps_proc/poky/build/tmp-glibc/sysroots/x86_64-linux/lib -Wl,-O1 conftest.c  >&5
configure:9482: $? = 0
configure:9482: ./conftest
configure:9482: $? = 0
configure:9492: result: yes
configure:9513: checking for working vfork
configure:9623: result: yes
configure:9697: checking for ld used by GCC
configure:9760: result: ld 
configure:9767: checking if the linker (ld ) is GNU ld
GNU ld (GNU Binutils for Ubuntu) 2.24
configure:9779: result: yes
configure:9785: checking for shared library run path origin
configure:9798: result: done
configure:10228: checking for iconv
configure:10250: g++  -o conftest -isystem/jenhome/jenkins/jobs/LE910Cx_Multi_DAILY/workspace/build/apps_proc/poky/build/tmp-glibc/sysroots/x86_64-linux/usr/include -pipe   -static-libstdc++ -static-libgcc -L/jenhome/jenkins/jobs/LE910Cx_Multi_DAILY/workspace/build/apps_proc/poky/build/tmp-glibc/sysroots/x86_64-linux/usr/lib -L/jenhome/jenkins/jobs/LE910Cx_Multi_DAILY/workspace/build/apps_proc/poky/build/tmp-glibc/sysroots/x86_64-linux/lib -Wl,-rpath-link,/jenhome/jenkins/jobs/LE910Cx_Multi_DAILY/workspace/build/apps_proc/poky/build/tmp-glibc/sysroots/x86_64-linux/usr/lib -Wl,-rpath-link,/jenhome/jenkins/jobs/LE910Cx_Multi_DAILY/workspace/build/apps_proc/poky/build/tmp-glibc/sysroots/x86_64-linux/lib -Wl,-rpath,/jenhome/jenkins/jobs/LE910Cx_Multi_DAILY/workspace/build/apps_proc/poky/build/tmp-glibc/sysroots/x86_64-linux/usr/lib -Wl,-rpath,/jenhome/jenkins/jobs/LE910Cx_Multi_DAILY/workspace/build/apps_proc/poky/build/tmp-glibc/sysroots/x86_64-linux/lib -Wl,-O1 conftest.cpp  >&5
configure:10250: $? = 0
configure:10282: result: yes
configure:10303: checking for iconv declaration
configure:10332: g++  -c -isystem/jenhome/jenkins/jobs/LE910Cx_Multi_DAILY/workspace/build/apps_proc/poky/build/tmp-glibc/sysroots/x86_64-linux/usr/include -pipe   conftest.cpp >&5
configure:10332: $? = 0
configure:10343: result: install-shextern size_t iconv (iconv_t cd, char * *inbuf, size_t *inbytesleft, char * *outbuf, size_t *outbytesleft);
configure:10365: checking for LC_MESSAGES
configure:10381: gcc  -o conftest -isystem/jenhome/jenkins/jobs/LE910Cx_Multi_DAILY/workspace/build/apps_proc/poky/build/tmp-glibc/sysroots/x86_64-linux/usr/include -pipe   -static-libstdc++ -static-libgcc -L/jenhome/jenkins/jobs/LE910Cx_Multi_DAILY/workspace/build/apps_proc/poky/build/tmp-glibc/sysroots/x86_64-linux/usr/lib -L/jenhome/jenkins/jobs/LE910Cx_Multi_DAILY/workspace/build/apps_proc/poky/build/tmp-glibc/sysroots/x86_64-linux/lib -Wl,-rpath-link,/jenhome/jenkins/jobs/LE910Cx_Multi_DAILY/workspace/build/apps_proc/poky/build/tmp-glibc/sysroots/x86_64-linux/usr/lib -Wl,-rpath-link,/jenhome/jenkins/jobs/LE910Cx_Multi_DAILY/workspace/build/apps_proc/poky/build/tmp-glibc/sysroots/x86_64-linux/lib -Wl,-rpath,/jenhome/jenkins/jobs/LE910Cx_Multi_DAILY/workspace/build/apps_proc/poky/build/tmp-glibc/sysroots/x86_64-linux/usr/lib -Wl,-rpath,/jenhome/jenkins/jobs/LE910Cx_Multi_DAILY/workspace/build/apps_proc/poky/build/tmp-glibc/sysroots/x86_64-linux/lib -Wl,-O1 conftest.c  >&5
configure:10381: $? = 0
configure:10389: result: yes
configure:10399: checking for nl_langinfo and CODESET
configure:10415: gcc  -o conftest -isystem/jenhome/jenkins/jobs/LE910Cx_Multi_DAILY/workspace/build/apps_proc/poky/build/tmp-glibc/sysroots/x86_64-linux/usr/include -pipe   -static-libstdc++ -static-libgcc -L/jenhome/jenkins/jobs/LE910Cx_Multi_DAILY/workspace/build/apps_proc/poky/build/tmp-glibc/sysroots/x86_64-linux/usr/lib -L/jenhome/jenkins/jobs/LE910Cx_Multi_DAILY/workspace/build/apps_proc/poky/build/tmp-glibc/sysroots/x86_64-linux/lib -Wl,-rpath-link,/jenhome/jenkins/jobs/LE910Cx_Multi_DAILY/workspace/build/apps_proc/poky/build/tmp-glibc/sysroots/x86_64-linux/usr/lib -Wl,-rpath-link,/jenhome/jenkins/jobs/LE910Cx_Multi_DAILY/workspace/build/apps_proc/poky/build/tmp-glibc/sysroots/x86_64-linux/lib -Wl,-rpath,/jenhome/jenkins/jobs/LE910Cx_Multi_DAILY/workspace/build/apps_proc/poky/build/tmp-glibc/sysroots/x86_64-linux/usr/lib -Wl,-rpath,/jenhome/jenkins/jobs/LE910Cx_Multi_DAILY/workspace/build/apps_proc/poky/build/tmp-glibc/sysroots/x86_64-linux/lib -Wl,-O1 conftest.c  >&5
configure:10415: $? = 0
configure:10424: result: yes
configure:10444: checking whether getenv is declared
configure:10467: gcc  -c -isystem/jenhome/jenkins/jobs/LE910Cx_Multi_DAILY/workspace/build/apps_proc/poky/build/tmp-glibc/sysroots/x86_64-linux/usr/include -pipe  -I/jenhome/jenkins/jobs/LE910Cx_Multi_DAILY/workspace/build/apps_proc/poky/build/tmp-glibc/work-shared/gcc-4.9.3-r0/gcc-4.9.3/gcc -I/jenhome/jenkins/jobs/LE910Cx_Multi_DAILY/workspace/build/apps_proc/poky/build/tmp-glibc/work-shared/gcc-4.9.3-r0/gcc-4.9.3/gcc/../include -I/jenhome/jenkins/jobs/LE910Cx_Multi_DAILY/workspace/build/apps_proc/poky/build/tmp-glibc/sysroots/x86_64-linux/usr/include   conftest.c >&5
configure:10467: $? = 0
configure:10476: result: yes
configure:10444: checking whether atol is declared
configure:10467: gcc  -c -isystem/jenhome/jenkins/jobs/LE910Cx_Multi_DAILY/workspace/build/apps_proc/poky/build/tmp-glibc/sysroots/x86_64-linux/usr/include -pipe  -I/jenhome/jenkins/jobs/LE910Cx_Multi_DAILY/workspace/build/apps_proc/poky/build/tmp-glibc/work-shared/gcc-4.9.3-r0/gcc-4.9.3/gcc -I/jenhome/jenkins/jobs/LE910Cx_Multi_DAILY/workspace/build/apps_proc/poky/build/tmp-glibc/work-shared/gcc-4.9.3-r0/gcc-4.9.3/gcc/../include -I/jenhome/jenkins/jobs/LE910Cx_Multi_DAILY/workspace/build/apps_proc/poky/build/tmp-glibc/sysroots/x86_64-linux/usr/include   conftest.c >&5
configure:10467: $? = 0
configure:10476: result: yes
configure:10444: checking whether asprintf is declared
configure:10467: gcc  -c -isystem/jenhome/jenkins/jobs/LE910Cx_Multi_DAILY/workspace/build/apps_proc/poky/build/tmp-glibc/sysroots/x86_64-linux/usr/include -pipe  -I/jenhome/jenkins/jobs/LE910Cx_Multi_DAILY/workspace/build/apps_proc/poky/build/tmp-glibc/work-shared/gcc-4.9.3-r0/gcc-4.9.3/gcc -I/jenhome/jenkins/jobs/LE910Cx_Multi_DAILY/workspace/build/apps_proc/poky/build/tmp-glibc/work-shared/gcc-4.9.3-r0/gcc-4.9.3/gcc/../include -I/jenhome/jenkins/jobs/LE910Cx_Multi_DAILY/workspace/build/apps_proc/poky/build/tmp-glibc/sysroots/x86_64-linux/usr/include   conftest.c >&5
configure:10467: $? = 0
configure:10476: result: yes
configure:10444: checking whether sbrk is declared
configure:10467: gcc  -c -isystem/jenhome/jenkins/jobs/LE910Cx_Multi_DAILY/workspace/build/apps_proc/poky/build/tmp-glibc/sysroots/x86_64-linux/usr/include -pipe  -I/jenhome/jenkins/jobs/LE910Cx_Multi_DAILY/workspace/build/apps_proc/poky/build/tmp-glibc/work-shared/gcc-4.9.3-r0/gcc-4.9.3/gcc -I/jenhome/jenkins/jobs/LE910Cx_Multi_DAILY/workspace/build/apps_proc/poky/build/tmp-glibc/work-shared/gcc-4.9.3-r0/gcc-4.9.3/gcc/../include -I/jenhome/jenkins/jobs/LE910Cx_Multi_DAILY/workspace/build/apps_proc/poky/build/tmp-glibc/sysroots/x86_64-linux/usr/include   conftest.c >&5
configure:10467: $? = 0
configure:10476: result: yes
configure:10444: checking whether abort is declared
configure:10467: gcc  -c -isystem/jenhome/jenkins/jobs/LE910Cx_Multi_DAILY/workspace/build/apps_proc/poky/build/tmp-glibc/sysroots/x86_64-linux/usr/include -pipe  -I/jenhome/jenkins/jobs/LE910Cx_Multi_DAILY/workspace/build/apps_proc/poky/build/tmp-glibc/work-shared/gcc-4.9.3-r0/gcc-4.9.3/gcc -I/jenhome/jenkins/jobs/LE910Cx_Multi_DAILY/workspace/build/apps_proc/poky/build/tmp-glibc/work-shared/gcc-4.9.3-r0/gcc-4.9.3/gcc/../include -I/jenhome/jenkins/jobs/LE910Cx_Multi_DAILY/workspace/build/apps_proc/poky/build/tmp-glibc/sysroots/x86_64-linux/usr/include   conftest.c >&5
configure:10467: $? = 0
configure:10476: result: yes
configure:10444: checking whether atof is declared
configure:10467: gcc  -c -isystem/jenhome/jenkins/jobs/LE910Cx_Multi_DAILY/workspace/build/apps_proc/poky/build/tmp-glibc/sysroots/x86_64-linux/usr/include -pipe  -I/jenhome/jenkins/jobs/LE910Cx_Multi_DAILY/workspace/build/apps_proc/poky/build/tmp-glibc/work-shared/gcc-4.9.3-r0/gcc-4.9.3/gcc -I/jenhome/jenkins/jobs/LE910Cx_Multi_DAILY/workspace/build/apps_proc/poky/build/tmp-glibc/work-shared/gcc-4.9.3-r0/gcc-4.9.3/gcc/../include -I/jenhome/jenkins/jobs/LE910Cx_Multi_DAILY/workspace/build/apps_proc/poky/build/tmp-glibc/sysroots/x86_64-linux/usr/include   conftest.c >&5
configure:10467: $? = 0
configure:10476: result: yes
configure:10444: checking whether getcwd is declared
configure:10467: gcc  -c -isystem/jenhome/jenkins/jobs/LE910Cx_Multi_DAILY/workspace/build/apps_proc/poky/build/tmp-glibc/sysroots/x86_64-linux/usr/include -pipe  -I/jenhome/jenkins/jobs/LE910Cx_Multi_DAILY/workspace/build/apps_proc/poky/build/tmp-glibc/work-shared/gcc-4.9.3-r0/gcc-4.9.3/gcc -I/jenhome/jenkins/jobs/LE910Cx_Multi_DAILY/workspace/build/apps_proc/poky/build/tmp-glibc/work-shared/gcc-4.9.3-r0/gcc-4.9.3/gcc/../include -I/jenhome/jenkins/jobs/LE910Cx_Multi_DAILY/workspace/build/apps_proc/poky/build/tmp-glibc/sysroots/x86_64-linux/usr/include   conftest.c >&5
configure:10467: $? = 0
configure:10476: result: yes
configure:10444: checking whether getwd is declared
configure:10467: gcc  -c -isystem/jenhome/jenkins/jobs/LE910Cx_Multi_DAILY/workspace/build/apps_proc/poky/build/tmp-glibc/sysroots/x86_64-linux/usr/include -pipe  -I/jenhome/jenkins/jobs/LE910Cx_Multi_DAILY/workspace/build/apps_proc/poky/build/tmp-glibc/work-shared/gcc-4.9.3-r0/gcc-4.9.3/gcc -I/jenhome/jenkins/jobs/LE910Cx_Multi_DAILY/workspace/build/apps_proc/poky/build/tmp-glibc/work-shared/gcc-4.9.3-r0/gcc-4.9.3/gcc/../include -I/jenhome/jenkins/jobs/LE910Cx_Multi_DAILY/workspace/build/apps_proc/poky/build/tmp-glibc/sysroots/x86_64-linux/usr/include   conftest.c >&5
conftest.c: In function 'main':
conftest.c:130:1: warning: 'getwd' is deprecated (declared at /usr/include/unistd.h:525) [-Wdeprecated-declarations]
 char *(*pfn) = (char *(*)) getwd ;
 ^
configure:10467: $? = 0
configure:10476: result: yes
configure:10444: checking whether strsignal is declared
configure:10467: gcc  -c -isystem/jenhome/jenkins/jobs/LE910Cx_Multi_DAILY/workspace/build/apps_proc/poky/build/tmp-glibc/sysroots/x86_64-linux/usr/include -pipe  -I/jenhome/jenkins/jobs/LE910Cx_Multi_DAILY/workspace/build/apps_proc/poky/build/tmp-glibc/work-shared/gcc-4.9.3-r0/gcc-4.9.3/gcc -I/jenhome/jenkins/jobs/LE910Cx_Multi_DAILY/workspace/build/apps_proc/poky/build/tmp-glibc/work-shared/gcc-4.9.3-r0/gcc-4.9.3/gcc/../include -I/jenhome/jenkins/jobs/LE910Cx_Multi_DAILY/workspace/build/apps_proc/poky/build/tmp-glibc/sysroots/x86_64-linux/usr/include   conftest.c >&5
configure:10467: $? = 0
configure:10476: result: yes
configure:10444: checking whether strstr is declared
configure:10467: gcc  -c -isystem/jenhome/jenkins/jobs/LE910Cx_Multi_DAILY/workspace/build/apps_proc/poky/build/tmp-glibc/sysroots/x86_64-linux/usr/include -pipe  -I/jenhome/jenkins/jobs/LE910Cx_Multi_DAILY/workspace/build/apps_proc/poky/build/tmp-glibc/work-shared/gcc-4.9.3-r0/gcc-4.9.3/gcc -I/jenhome/jenkins/jobs/LE910Cx_Multi_DAILY/workspace/build/apps_proc/poky/build/tmp-glibc/work-shared/gcc-4.9.3-r0/gcc-4.9.3/gcc/../include -I/jenhome/jenkins/jobs/LE910Cx_Multi_DAILY/workspace/build/apps_proc/poky/build/tmp-glibc/sysroots/x86_64-linux/usr/include   conftest.c >&5
configure:10467: $? = 0
configure:10476: result: yes
configure:10444: checking whether stpcpy is declared
configure:10467: gcc  -c -isystem/jenhome/jenkins/jobs/LE910Cx_Multi_DAILY/workspace/build/apps_proc/poky/build/tmp-glibc/sysroots/x86_64-linux/usr/include -pipe  -I/jenhome/jenkins/jobs/LE910Cx_Multi_DAILY/workspace/build/apps_proc/poky/build/tmp-glibc/work-shared/gcc-4.9.3-r0/gcc-4.9.3/gcc -I/jenhome/jenkins/jobs/LE910Cx_Multi_DAILY/workspace/build/apps_proc/poky/build/tmp-glibc/work-shared/gcc-4.9.3-r0/gcc-4.9.3/gcc/../include -I/jenhome/jenkins/jobs/LE910Cx_Multi_DAILY/workspace/build/apps_proc/poky/build/tmp-glibc/sysroots/x86_64-linux/usr/include   conftest.c >&5
configure:10467: $? = 0
configure:10476: result: yes
configure:10444: checking whether strverscmp is declared
configure:10467: gcc  -c -isystem/jenhome/jenkins/jobs/LE910Cx_Multi_DAILY/workspace/build/apps_proc/poky/build/tmp-glibc/sysroots/x86_64-linux/usr/include -pipe  -I/jenhome/jenkins/jobs/LE910Cx_Multi_DAILY/workspace/build/apps_proc/poky/build/tmp-glibc/work-shared/gcc-4.9.3-r0/gcc-4.9.3/gcc -I/jenhome/jenkins/jobs/LE910Cx_Multi_DAILY/workspace/build/apps_proc/poky/build/tmp-glibc/work-shared/gcc-4.9.3-r0/gcc-4.9.3/gcc/../include -I/jenhome/jenkins/jobs/LE910Cx_Multi_DAILY/workspace/build/apps_proc/poky/build/tmp-glibc/sysroots/x86_64-linux/usr/include   conftest.c >&5
configure:10467: $? = 0
configure:10476: result: yes
configure:10444: checking whether errno is declared
configure:10467: gcc  -c -isystem/jenhome/jenkins/jobs/LE910Cx_Multi_DAILY/workspace/build/apps_proc/poky/build/tmp-glibc/sysroots/x86_64-linux/usr/include -pipe  -I/jenhome/jenkins/jobs/LE910Cx_Multi_DAILY/workspace/build/apps_proc/poky/build/tmp-glibc/work-shared/gcc-4.9.3-r0/gcc-4.9.3/gcc -I/jenhome/jenkins/jobs/LE910Cx_Multi_DAILY/workspace/build/apps_proc/poky/build/tmp-glibc/work-shared/gcc-4.9.3-r0/gcc-4.9.3/gcc/../include -I/jenhome/jenkins/jobs/LE910Cx_Multi_DAILY/workspace/build/apps_proc/poky/build/tmp-glibc/sysroots/x86_64-linux/usr/include   conftest.c >&5
configure:10467: $? = 0
configure:10476: result: yes
configure:10444: checking whether snprintf is declared
configure:10467: gcc  -c -isystem/jenhome/jenkins/jobs/LE910Cx_Multi_DAILY/workspace/build/apps_proc/poky/build/tmp-glibc/sysroots/x86_64-linux/usr/include -pipe  -I/jenhome/jenkins/jobs/LE910Cx_Multi_DAILY/workspace/build/apps_proc/poky/build/tmp-glibc/work-shared/gcc-4.9.3-r0/gcc-4.9.3/gcc -I/jenhome/jenkins/jobs/LE910Cx_Multi_DAILY/workspace/build/apps_proc/poky/build/tmp-glibc/work-shared/gcc-4.9.3-r0/gcc-4.9.3/gcc/../include -I/jenhome/jenkins/jobs/LE910Cx_Multi_DAILY/workspace/build/apps_proc/poky/build/tmp-glibc/sysroots/x86_64-linux/usr/include   conftest.c >&5
configure:10467: $? = 0
configure:10476: result: yes
configure:10444: checking whether vsnprintf is declared
configure:10467: gcc  -c -isystem/jenhome/jenkins/jobs/LE910Cx_Multi_DAILY/workspace/build/apps_proc/poky/build/tmp-glibc/sysroots/x86_64-linux/usr/include -pipe  -I/jenhome/jenkins/jobs/LE910Cx_Multi_DAILY/workspace/build/apps_proc/poky/build/tmp-glibc/work-shared/gcc-4.9.3-r0/gcc-4.9.3/gcc -I/jenhome/jenkins/jobs/LE910Cx_Multi_DAILY/workspace/build/apps_proc/poky/build/tmp-glibc/work-shared/gcc-4.9.3-r0/gcc-4.9.3/gcc/../include -I/jenhome/jenkins/jobs/LE910Cx_Multi_DAILY/workspace/build/apps_proc/poky/build/tmp-glibc/sysroots/x86_64-linux/usr/include   conftest.c >&5
configure:10467: $? = 0
configure:10476: result: yes
configure:10444: checking whether vasprintf is declared
configure:10467: gcc  -c -isystem/jenhome/jenkins/jobs/LE910Cx_Multi_DAILY/workspace/build/apps_proc/poky/build/tmp-glibc/sysroots/x86_64-linux/usr/include -pipe  -I/jenhome/jenkins/jobs/LE910Cx_Multi_DAILY/workspace/build/apps_proc/poky/build/tmp-glibc/work-shared/gcc-4.9.3-r0/gcc-4.9.3/gcc -I/jenhome/jenkins/jobs/LE910Cx_Multi_DAILY/workspace/build/apps_proc/poky/build/tmp-glibc/work-shared/gcc-4.9.3-r0/gcc-4.9.3/gcc/../include -I/jenhome/jenkins/jobs/LE910Cx_Multi_DAILY/workspace/build/apps_proc/poky/build/tmp-glibc/sysroots/x86_64-linux/usr/include   conftest.c >&5
configure:10467: $? = 0
configure:10476: result: yes
configure:10444: checking whether malloc is declared
configure:10467: gcc  -c -isystem/jenhome/jenkins/jobs/LE910Cx_Multi_DAILY/workspace/build/apps_proc/poky/build/tmp-glibc/sysroots/x86_64-linux/usr/include -pipe  -I/jenhome/jenkins/jobs/LE910Cx_Multi_DAILY/workspace/build/apps_proc/poky/build/tmp-glibc/work-shared/gcc-4.9.3-r0/gcc-4.9.3/gcc -I/jenhome/jenkins/jobs/LE910Cx_Multi_DAILY/workspace/build/apps_proc/poky/build/tmp-glibc/work-shared/gcc-4.9.3-r0/gcc-4.9.3/gcc/../include -I/jenhome/jenkins/jobs/LE910Cx_Multi_DAILY/workspace/build/apps_proc/poky/build/tmp-glibc/sysroots/x86_64-linux/usr/include   conftest.c >&5
configure:10467: $? = 0
configure:10476: result: yes
configure:10444: checking whether realloc is declared
configure:10467: gcc  -c -isystem/jenhome/jenkins/jobs/LE910Cx_Multi_DAILY/workspace/build/apps_proc/poky/build/tmp-glibc/sysroots/x86_64-linux/usr/include -pipe  -I/jenhome/jenkins/jobs/LE910Cx_Multi_DAILY/workspace/build/apps_proc/poky/build/tmp-glibc/work-shared/gcc-4.9.3-r0/gcc-4.9.3/gcc -I/jenhome/jenkins/jobs/LE910Cx_Multi_DAILY/workspace/build/apps_proc/poky/build/tmp-glibc/work-shared/gcc-4.9.3-r0/gcc-4.9.3/gcc/../include -I/jenhome/jenkins/jobs/LE910Cx_Multi_DAILY/workspace/build/apps_proc/poky/build/tmp-glibc/sysroots/x86_64-linux/usr/include   conftest.c >&5
configure:10467: $? = 0
configure:10476: result: yes
configure:10444: checking whether calloc is declared
configure:10467: gcc  -c -isystem/jenhome/jenkins/jobs/LE910Cx_Multi_DAILY/workspace/build/apps_proc/poky/build/tmp-glibc/sysroots/x86_64-linux/usr/include -pipe  -I/jenhome/jenkins/jobs/LE910Cx_Multi_DAILY/workspace/build/apps_proc/poky/build/tmp-glibc/work-shared/gcc-4.9.3-r0/gcc-4.9.3/gcc -I/jenhome/jenkins/jobs/LE910Cx_Multi_DAILY/workspace/build/apps_proc/poky/build/tmp-glibc/work-shared/gcc-4.9.3-r0/gcc-4.9.3/gcc/../include -I/jenhome/jenkins/jobs/LE910Cx_Multi_DAILY/workspace/build/apps_proc/poky/build/tmp-glibc/sysroots/x86_64-linux/usr/include   conftest.c >&5
configure:10467: $? = 0
configure:10476: result: yes
configure:10444: checking whether free is declared
configure:10467: gcc  -c -isystem/jenhome/jenkins/jobs/LE910Cx_Multi_DAILY/workspace/build/apps_proc/poky/build/tmp-glibc/sysroots/x86_64-linux/usr/include -pipe  -I/jenhome/jenkins/jobs/LE910Cx_Multi_DAILY/workspace/build/apps_proc/poky/build/tmp-glibc/work-shared/gcc-4.9.3-r0/gcc-4.9.3/gcc -I/jenhome/jenkins/jobs/LE910Cx_Multi_DAILY/workspace/build/apps_proc/poky/build/tmp-glibc/work-shared/gcc-4.9.3-r0/gcc-4.9.3/gcc/../include -I/jenhome/jenkins/jobs/LE910Cx_Multi_DAILY/workspace/build/apps_proc/poky/build/tmp-glibc/sysroots/x86_64-linux/usr/include   conftest.c >&5
configure:10467: $? = 0
configure:10476: result: yes
configure:10444: checking whether basename is declared
configure:10467: gcc  -c -isystem/jenhome/jenkins/jobs/LE910Cx_Multi_DAILY/workspace/build/apps_proc/poky/build/tmp-glibc/sysroots/x86_64-linux/usr/include -pipe  -I/jenhome/jenkins/jobs/LE910Cx_Multi_DAILY/workspace/build/apps_proc/poky/build/tmp-glibc/work-shared/gcc-4.9.3-r0/gcc-4.9.3/gcc -I/jenhome/jenkins/jobs/LE910Cx_Multi_DAILY/workspace/build/apps_proc/poky/build/tmp-glibc/work-shared/gcc-4.9.3-r0/gcc-4.9.3/gcc/../include -I/jenhome/jenkins/jobs/LE910Cx_Multi_DAILY/workspace/build/apps_proc/poky/build/tmp-glibc/sysroots/x86_64-linux/usr/include   conftest.c >&5
configure:10467: $? = 0
configure:10476: result: yes
configure:10444: checking whether getopt is declared
configure:10467: gcc  -c -isystem/jenhome/jenkins/jobs/LE910Cx_Multi_DAILY/workspace/build/apps_proc/poky/build/tmp-glibc/sysroots/x86_64-linux/usr/include -pipe  -I/jenhome/jenkins/jobs/LE910Cx_Multi_DAILY/workspace/build/apps_proc/poky/build/tmp-glibc/work-shared/gcc-4.9.3-r0/gcc-4.9.3/gcc -I/jenhome/jenkins/jobs/LE910Cx_Multi_DAILY/workspace/build/apps_proc/poky/build/tmp-glibc/work-shared/gcc-4.9.3-r0/gcc-4.9.3/gcc/../include -I/jenhome/jenkins/jobs/LE910Cx_Multi_DAILY/workspace/build/apps_proc/poky/build/tmp-glibc/sysroots/x86_64-linux/usr/include   conftest.c >&5
conftest.c: In function 'main':
conftest.c:144:28: error: 'getopt' undeclared (first use in this function)
 char *(*pfn) = (char *(*)) getopt ;
                            ^
conftest.c:144:28: note: each undeclared identifier is reported only once for each function it appears in
configure:10467: $? = 1
configure: failed program was:
| /* confdefs.h */
| #define PACKAGE_NAME ""
| #define PACKAGE_TARNAME ""
| #define PACKAGE_VERSION ""
| #define PACKAGE_STRING ""
| #define PACKAGE_BUGREPORT ""
| #define PACKAGE_URL ""
| #define STDC_HEADERS 1
| #define HAVE_SYS_TYPES_H 1
| #define HAVE_SYS_STAT_H 1
| #define HAVE_STDLIB_H 1
| #define HAVE_STRING_H 1
| #define HAVE_MEMORY_H 1
| #define HAVE_STRINGS_H 1
| #define HAVE_INTTYPES_H 1
| #define HAVE_STDINT_H 1
| #define HAVE_UNISTD_H 1
| #define __EXTENSIONS__ 1
| #define _ALL_SOURCE 1
| #define _GNU_SOURCE 1
| #define _POSIX_PTHREAD_SEMANTICS 1
| #define _TANDEM_SOURCE 1
| #define SIZEOF_VOID_P 8
| #define SIZEOF_SHORT 2
| #define SIZEOF_INT 4
| #define SIZEOF_LONG 8
| #define HAVE_LONG_LONG 1
| #define SIZEOF_LONG_LONG 8
| #define HAVE_LONG_LONG_INT 1
| #define HAVE_INTMAX_T 1
| #define HAVE_INTPTR_T 1
| #define HAVE_UNSIGNED_LONG_LONG_INT 1
| #define HAVE_UINTMAX_T 1
| #define HAVE_UINTPTR_T 1
| #define ENABLE_ASSERT_CHECKING 1
| #define ENABLE_RUNTIME_CHECKING 1
| #define GATHER_STATISTICS 0
| #define ENABLE_DECIMAL_FLOAT 0
| #define ENABLE_DECIMAL_BID_FORMAT 0
| #define ENABLE_FIXED_POINT 1
| #define STDC_HEADERS 1
| #define TIME_WITH_SYS_TIME 1
| #define STRING_WITH_STRINGS 1
| #define HAVE_SYS_WAIT_H 1
| #define GWINSZ_IN_SYS_IOCTL 1
| #define HAVE_LIMITS_H 1
| #define HAVE_STDDEF_H 1
| #define HAVE_STRING_H 1
| #define HAVE_STRINGS_H 1
| #define HAVE_STDLIB_H 1
| #define HAVE_TIME_H 1
| #define HAVE_ICONV_H 1
| #define HAVE_FCNTL_H 1
| #define HAVE_UNISTD_H 1
| #define HAVE_SYS_FILE_H 1
| #define HAVE_SYS_TIME_H 1
| #define HAVE_SYS_MMAN_H 1
| #define HAVE_SYS_RESOURCE_H 1
| #define HAVE_SYS_PARAM_H 1
| #define HAVE_SYS_TIMES_H 1
| #define HAVE_SYS_STAT_H 1
| #define HAVE_MALLOC_H 1
| #define HAVE_LANGINFO_H 1
| #define HAVE_LOCALE_H 1
| #define HAVE_WCHAR_H 1
| #define HAVE_TR1_UNORDERED_MAP 1
| #define HAVE_EXT_HASH_MAP 1
| #define HAVE_INTTYPES_H 1
| #define HAVE_TIMES 1
| #define HAVE_CLOCK 1
| #define HAVE_KILL 1
| #define HAVE_GETRLIMIT 1
| #define HAVE_SETRLIMIT 1
| #define HAVE_ATOLL 1
| #define HAVE_SYSCONF 1
| #define HAVE_STRSIGNAL 1
| #define HAVE_GETRUSAGE 1
| #define HAVE_NL_LANGINFO 1
| #define HAVE_GETTIMEOFDAY 1
| #define HAVE_MBSTOWCS 1
| #define HAVE_WCSWIDTH 1
| #define HAVE_MMAP 1
| #define HAVE_SETLOCALE 1
| #define HAVE_CLEARERR_UNLOCKED 1
| #define HAVE_FEOF_UNLOCKED 1
| #define HAVE_FERROR_UNLOCKED 1
| #define HAVE_FFLUSH_UNLOCKED 1
| #define HAVE_FGETC_UNLOCKED 1
| #define HAVE_FGETS_UNLOCKED 1
| #define HAVE_FILENO_UNLOCKED 1
| #define HAVE_FPUTC_UNLOCKED 1
| #define HAVE_FPUTS_UNLOCKED 1
| #define HAVE_FREAD_UNLOCKED 1
| #define HAVE_FWRITE_UNLOCKED 1
| #define HAVE_GETCHAR_UNLOCKED 1
| #define HAVE_GETC_UNLOCKED 1
| #define HAVE_PUTCHAR_UNLOCKED 1
| #define HAVE_PUTC_UNLOCKED 1
| #define HAVE_MADVISE 1
| #define HAVE_WORKING_MBSTOWCS 1
| #define HAVE_MMAP_FILE 1
| #define HAVE_MMAP_DEV_ZERO 1
| #define HAVE_MMAP_ANON 1
| #define HAVE_FORK 1
| #define HAVE_VFORK 1
| #define HAVE_WORKING_VFORK 1
| #define HAVE_WORKING_FORK 1
| #define HAVE_ICONV 1
| #define ICONV_CONST 
| #define HAVE_LC_MESSAGES 1
| #define HAVE_LANGINFO_CODESET 1
| #define HAVE_DECL_GETENV 1
| #define HAVE_DECL_ATOL 1
| #define HAVE_DECL_ASPRINTF 1
| #define HAVE_DECL_SBRK 1
| #define HAVE_DECL_ABORT 1
| #define HAVE_DECL_ATOF 1
| #define HAVE_DECL_GETCWD 1
| #define HAVE_DECL_GETWD 1
| #define HAVE_DECL_STRSIGNAL 1
| #define HAVE_DECL_STRSTR 1
| #define HAVE_DECL_STPCPY 1
| #define HAVE_DECL_STRVERSCMP 1
| #define HAVE_DECL_ERRNO 1
| #define HAVE_DECL_SNPRINTF 1
| #define HAVE_DECL_VSNPRINTF 1
| #define HAVE_DECL_VASPRINTF 1
| #define HAVE_DECL_MALLOC 1
| #define HAVE_DECL_REALLOC 1
| #define HAVE_DECL_CALLOC 1
| #define HAVE_DECL_FREE 1
| #define HAVE_DECL_BASENAME 1
| /* end confdefs.h.  */
| #undef HAVE_DECL_GETOPT
| #define HAVE_DECL_GETOPT 1
| 
| #include "ansidecl.h"
| #include "system.h"
| 
| int
| main ()
| {
| #ifndef getopt
| char *(*pfn) = (char *(*)) getopt ;
| #endif
|   ;
|   return 0;
| }
configure:10482: result: no
configure:10444: checking whether clock is declared
configure:10467: gcc  -c -isystem/jenhome/jenkins/jobs/LE910Cx_Multi_DAILY/workspace/build/apps_proc/poky/build/tmp-glibc/sysroots/x86_64-linux/usr/include -pipe  -I/jenhome/jenkins/jobs/LE910Cx_Multi_DAILY/workspace/build/apps_proc/poky/build/tmp-glibc/work-shared/gcc-4.9.3-r0/gcc-4.9.3/gcc -I/jenhome/jenkins/jobs/LE910Cx_Multi_DAILY/workspace/build/apps_proc/poky/build/tmp-glibc/work-shared/gcc-4.9.3-r0/gcc-4.9.3/gcc/../include -I/jenhome/jenkins/jobs/LE910Cx_Multi_DAILY/workspace/build/apps_proc/poky/build/tmp-glibc/sysroots/x86_64-linux/usr/include   conftest.c >&5
configure:10467: $? = 0
configure:10476: result: yes
configure:10444: checking whether getpagesize is declared
configure:10467: gcc  -c -isystem/jenhome/jenkins/jobs/LE910Cx_Multi_DAILY/workspace/build/apps_proc/poky/build/tmp-glibc/sysroots/x86_64-linux/usr/include -pipe  -I/jenhome/jenkins/jobs/LE910Cx_Multi_DAILY/workspace/build/apps_proc/poky/build/tmp-glibc/work-shared/gcc-4.9.3-r0/gcc-4.9.3/gcc -I/jenhome/jenkins/jobs/LE910Cx_Multi_DAILY/workspace/build/apps_proc/poky/build/tmp-glibc/work-shared/gcc-4.9.3-r0/gcc-4.9.3/gcc/../include -I/jenhome/jenkins/jobs/LE910Cx_Multi_DAILY/workspace/build/apps_proc/poky/build/tmp-glibc/sysroots/x86_64-linux/usr/include   conftest.c >&5
configure:10467: $? = 0
configure:10476: result: yes
configure:10444: checking whether ffs is declared
configure:10467: gcc  -c -isystem/jenhome/jenkins/jobs/LE910Cx_Multi_DAILY/workspace/build/apps_proc/poky/build/tmp-glibc/sysroots/x86_64-linux/usr/include -pipe  -I/jenhome/jenkins/jobs/LE910Cx_Multi_DAILY/workspace/build/apps_proc/poky/build/tmp-glibc/work-shared/gcc-4.9.3-r0/gcc-4.9.3/gcc -I/jenhome/jenkins/jobs/LE910Cx_Multi_DAILY/workspace/build/apps_proc/poky/build/tmp-glibc/work-shared/gcc-4.9.3-r0/gcc-4.9.3/gcc/../include -I/jenhome/jenkins/jobs/LE910Cx_Multi_DAILY/workspace/build/apps_proc/poky/build/tmp-glibc/sysroots/x86_64-linux/usr/include   conftest.c >&5
configure:10467: $? = 0
configure:10476: result: yes
configure:10444: checking whether clearerr_unlocked is declared
configure:10467: gcc  -c -isystem/jenhome/jenkins/jobs/LE910Cx_Multi_DAILY/workspace/build/apps_proc/poky/build/tmp-glibc/sysroots/x86_64-linux/usr/include -pipe  -I/jenhome/jenkins/jobs/LE910Cx_Multi_DAILY/workspace/build/apps_proc/poky/build/tmp-glibc/work-shared/gcc-4.9.3-r0/gcc-4.9.3/gcc -I/jenhome/jenkins/jobs/LE910Cx_Multi_DAILY/workspace/build/apps_proc/poky/build/tmp-glibc/work-shared/gcc-4.9.3-r0/gcc-4.9.3/gcc/../include -I/jenhome/jenkins/jobs/LE910Cx_Multi_DAILY/workspace/build/apps_proc/poky/build/tmp-glibc/sysroots/x86_64-linux/usr/include   conftest.c >&5
configure:10467: $? = 0
configure:10476: result: yes
configure:10444: checking whether feof_unlocked is declared
configure:10467: gcc  -c -isystem/jenhome/jenkins/jobs/LE910Cx_Multi_DAILY/workspace/build/apps_proc/poky/build/tmp-glibc/sysroots/x86_64-linux/usr/include -pipe  -I/jenhome/jenkins/jobs/LE910Cx_Multi_DAILY/workspace/build/apps_proc/poky/build/tmp-glibc/work-shared/gcc-4.9.3-r0/gcc-4.9.3/gcc -I/jenhome/jenkins/jobs/LE910Cx_Multi_DAILY/workspace/build/apps_proc/poky/build/tmp-glibc/work-shared/gcc-4.9.3-r0/gcc-4.9.3/gcc/../include -I/jenhome/jenkins/jobs/LE910Cx_Multi_DAILY/workspace/build/apps_proc/poky/build/tmp-glibc/sysroots/x86_64-linux/usr/include   conftest.c >&5
configure:10467: $? = 0
configure:10476: result: yes
configure:10444: checking whether ferror_unlocked is declared
configure:10467: gcc  -c -isystem/jenhome/jenkins/jobs/LE910Cx_Multi_DAILY/workspace/build/apps_proc/poky/build/tmp-glibc/sysroots/x86_64-linux/usr/include -pipe  -I/jenhome/jenkins/jobs/LE910Cx_Multi_DAILY/workspace/build/apps_proc/poky/build/tmp-glibc/work-shared/gcc-4.9.3-r0/gcc-4.9.3/gcc -I/jenhome/jenkins/jobs/LE910Cx_Multi_DAILY/workspace/build/apps_proc/poky/build/tmp-glibc/work-shared/gcc-4.9.3-r0/gcc-4.9.3/gcc/../include -I/jenhome/jenkins/jobs/LE910Cx_Multi_DAILY/workspace/build/apps_proc/poky/build/tmp-glibc/sysroots/x86_64-linux/usr/include   conftest.c >&5
configure:10467: $? = 0
configure:10476: result: yes
configure:10444: checking whether fflush_unlocked is declared
configure:10467: gcc  -c -isystem/jenhome/jenkins/jobs/LE910Cx_Multi_DAILY/workspace/build/apps_proc/poky/build/tmp-glibc/sysroots/x86_64-linux/usr/include -pipe  -I/jenhome/jenkins/jobs/LE910Cx_Multi_DAILY/workspace/build/apps_proc/poky/build/tmp-glibc/work-shared/gcc-4.9.3-r0/gcc-4.9.3/gcc -I/jenhome/jenkins/jobs/LE910Cx_Multi_DAILY/workspace/build/apps_proc/poky/build/tmp-glibc/work-shared/gcc-4.9.3-r0/gcc-4.9.3/gcc/../include -I/jenhome/jenkins/jobs/LE910Cx_Multi_DAILY/workspace/build/apps_proc/poky/build/tmp-glibc/sysroots/x86_64-linux/usr/include   conftest.c >&5
configure:10467: $? = 0
configure:10476: result: yes
configure:10444: checking whether fgetc_unlocked is declared
configure:10467: gcc  -c -isystem/jenhome/jenkins/jobs/LE910Cx_Multi_DAILY/workspace/build/apps_proc/poky/build/tmp-glibc/sysroots/x86_64-linux/usr/include -pipe  -I/jenhome/jenkins/jobs/LE910Cx_Multi_DAILY/workspace/build/apps_proc/poky/build/tmp-glibc/work-shared/gcc-4.9.3-r0/gcc-4.9.3/gcc -I/jenhome/jenkins/jobs/LE910Cx_Multi_DAILY/workspace/build/apps_proc/poky/build/tmp-glibc/work-shared/gcc-4.9.3-r0/gcc-4.9.3/gcc/../include -I/jenhome/jenkins/jobs/LE910Cx_Multi_DAILY/workspace/build/apps_proc/poky/build/tmp-glibc/sysroots/x86_64-linux/usr/include   conftest.c >&5
configure:10467: $? = 0
configure:10476: result: yes
configure:10444: checking whether fgets_unlocked is declared
configure:10467: gcc  -c -isystem/jenhome/jenkins/jobs/LE910Cx_Multi_DAILY/workspace/build/apps_proc/poky/build/tmp-glibc/sysroots/x86_64-linux/usr/include -pipe  -I/jenhome/jenkins/jobs/LE910Cx_Multi_DAILY/workspace/build/apps_proc/poky/build/tmp-glibc/work-shared/gcc-4.9.3-r0/gcc-4.9.3/gcc -I/jenhome/jenkins/jobs/LE910Cx_Multi_DAILY/workspace/build/apps_proc/poky/build/tmp-glibc/work-shared/gcc-4.9.3-r0/gcc-4.9.3/gcc/../include -I/jenhome/jenkins/jobs/LE910Cx_Multi_DAILY/workspace/build/apps_proc/poky/build/tmp-glibc/sysroots/x86_64-linux/usr/include   conftest.c >&5
configure:10467: $? = 0
configure:10476: result: yes
configure:10444: checking whether fileno_unlocked is declared
configure:10467: gcc  -c -isystem/jenhome/jenkins/jobs/LE910Cx_Multi_DAILY/workspace/build/apps_proc/poky/build/tmp-glibc/sysroots/x86_64-linux/usr/include -pipe  -I/jenhome/jenkins/jobs/LE910Cx_Multi_DAILY/workspace/build/apps_proc/poky/build/tmp-glibc/work-shared/gcc-4.9.3-r0/gcc-4.9.3/gcc -I/jenhome/jenkins/jobs/LE910Cx_Multi_DAILY/workspace/build/apps_proc/poky/build/tmp-glibc/work-shared/gcc-4.9.3-r0/gcc-4.9.3/gcc/../include -I/jenhome/jenkins/jobs/LE910Cx_Multi_DAILY/workspace/build/apps_proc/poky/build/tmp-glibc/sysroots/x86_64-linux/usr/include   conftest.c >&5
configure:10467: $? = 0
configure:10476: result: yes
configure:10444: checking whether fprintf_unlocked is declared
configure:10467: gcc  -c -isystem/jenhome/jenkins/jobs/LE910Cx_Multi_DAILY/workspace/build/apps_proc/poky/build/tmp-glibc/sysroots/x86_64-linux/usr/include -pipe  -I/jenhome/jenkins/jobs/LE910Cx_Multi_DAILY/workspace/build/apps_proc/poky/build/tmp-glibc/work-shared/gcc-4.9.3-r0/gcc-4.9.3/gcc -I/jenhome/jenkins/jobs/LE910Cx_Multi_DAILY/workspace/build/apps_proc/poky/build/tmp-glibc/work-shared/gcc-4.9.3-r0/gcc-4.9.3/gcc/../include -I/jenhome/jenkins/jobs/LE910Cx_Multi_DAILY/workspace/build/apps_proc/poky/build/tmp-glibc/sysroots/x86_64-linux/usr/include   conftest.c >&5
conftest.c: In function 'main':
conftest.c:155:28: error: 'fprintf_unlocked' undeclared (first use in this function)
 char *(*pfn) = (char *(*)) fprintf_unlocked ;
                            ^
conftest.c:155:28: note: each undeclared identifier is reported only once for each function it appears in
configure:10467: $? = 1
configure: failed program was:
| /* confdefs.h */
| #define PACKAGE_NAME ""
| #define PACKAGE_TARNAME ""
| #define PACKAGE_VERSION ""
| #define PACKAGE_STRING ""
| #define PACKAGE_BUGREPORT ""
| #define PACKAGE_URL ""
| #define STDC_HEADERS 1
| #define HAVE_SYS_TYPES_H 1
| #define HAVE_SYS_STAT_H 1
| #define HAVE_STDLIB_H 1
| #define HAVE_STRING_H 1
| #define HAVE_MEMORY_H 1
| #define HAVE_STRINGS_H 1
| #define HAVE_INTTYPES_H 1
| #define HAVE_STDINT_H 1
| #define HAVE_UNISTD_H 1
| #define __EXTENSIONS__ 1
| #define _ALL_SOURCE 1
| #define _GNU_SOURCE 1
| #define _POSIX_PTHREAD_SEMANTICS 1
| #define _TANDEM_SOURCE 1
| #define SIZEOF_VOID_P 8
| #define SIZEOF_SHORT 2
| #define SIZEOF_INT 4
| #define SIZEOF_LONG 8
| #define HAVE_LONG_LONG 1
| #define SIZEOF_LONG_LONG 8
| #define HAVE_LONG_LONG_INT 1
| #define HAVE_INTMAX_T 1
| #define HAVE_INTPTR_T 1
| #define HAVE_UNSIGNED_LONG_LONG_INT 1
| #define HAVE_UINTMAX_T 1
| #define HAVE_UINTPTR_T 1
| #define ENABLE_ASSERT_CHECKING 1
| #define ENABLE_RUNTIME_CHECKING 1
| #define GATHER_STATISTICS 0
| #define ENABLE_DECIMAL_FLOAT 0
| #define ENABLE_DECIMAL_BID_FORMAT 0
| #define ENABLE_FIXED_POINT 1
| #define STDC_HEADERS 1
| #define TIME_WITH_SYS_TIME 1
| #define STRING_WITH_STRINGS 1
| #define HAVE_SYS_WAIT_H 1
| #define GWINSZ_IN_SYS_IOCTL 1
| #define HAVE_LIMITS_H 1
| #define HAVE_STDDEF_H 1
| #define HAVE_STRING_H 1
| #define HAVE_STRINGS_H 1
| #define HAVE_STDLIB_H 1
| #define HAVE_TIME_H 1
| #define HAVE_ICONV_H 1
| #define HAVE_FCNTL_H 1
| #define HAVE_UNISTD_H 1
| #define HAVE_SYS_FILE_H 1
| #define HAVE_SYS_TIME_H 1
| #define HAVE_SYS_MMAN_H 1
| #define HAVE_SYS_RESOURCE_H 1
| #define HAVE_SYS_PARAM_H 1
| #define HAVE_SYS_TIMES_H 1
| #define HAVE_SYS_STAT_H 1
| #define HAVE_MALLOC_H 1
| #define HAVE_LANGINFO_H 1
| #define HAVE_LOCALE_H 1
| #define HAVE_WCHAR_H 1
| #define HAVE_TR1_UNORDERED_MAP 1
| #define HAVE_EXT_HASH_MAP 1
| #define HAVE_INTTYPES_H 1
| #define HAVE_TIMES 1
| #define HAVE_CLOCK 1
| #define HAVE_KILL 1
| #define HAVE_GETRLIMIT 1
| #define HAVE_SETRLIMIT 1
| #define HAVE_ATOLL 1
| #define HAVE_SYSCONF 1
| #define HAVE_STRSIGNAL 1
| #define HAVE_GETRUSAGE 1
| #define HAVE_NL_LANGINFO 1
| #define HAVE_GETTIMEOFDAY 1
| #define HAVE_MBSTOWCS 1
| #define HAVE_WCSWIDTH 1
| #define HAVE_MMAP 1
| #define HAVE_SETLOCALE 1
| #define HAVE_CLEARERR_UNLOCKED 1
| #define HAVE_FEOF_UNLOCKED 1
| #define HAVE_FERROR_UNLOCKED 1
| #define HAVE_FFLUSH_UNLOCKED 1
| #define HAVE_FGETC_UNLOCKED 1
| #define HAVE_FGETS_UNLOCKED 1
| #define HAVE_FILENO_UNLOCKED 1
| #define HAVE_FPUTC_UNLOCKED 1
| #define HAVE_FPUTS_UNLOCKED 1
| #define HAVE_FREAD_UNLOCKED 1
| #define HAVE_FWRITE_UNLOCKED 1
| #define HAVE_GETCHAR_UNLOCKED 1
| #define HAVE_GETC_UNLOCKED 1
| #define HAVE_PUTCHAR_UNLOCKED 1
| #define HAVE_PUTC_UNLOCKED 1
| #define HAVE_MADVISE 1
| #define HAVE_WORKING_MBSTOWCS 1
| #define HAVE_MMAP_FILE 1
| #define HAVE_MMAP_DEV_ZERO 1
| #define HAVE_MMAP_ANON 1
| #define HAVE_FORK 1
| #define HAVE_VFORK 1
| #define HAVE_WORKING_VFORK 1
| #define HAVE_WORKING_FORK 1
| #define HAVE_ICONV 1
| #define ICONV_CONST 
| #define HAVE_LC_MESSAGES 1
| #define HAVE_LANGINFO_CODESET 1
| #define HAVE_DECL_GETENV 1
| #define HAVE_DECL_ATOL 1
| #define HAVE_DECL_ASPRINTF 1
| #define HAVE_DECL_SBRK 1
| #define HAVE_DECL_ABORT 1
| #define HAVE_DECL_ATOF 1
| #define HAVE_DECL_GETCWD 1
| #define HAVE_DECL_GETWD 1
| #define HAVE_DECL_STRSIGNAL 1
| #define HAVE_DECL_STRSTR 1
| #define HAVE_DECL_STPCPY 1
| #define HAVE_DECL_STRVERSCMP 1
| #define HAVE_DECL_ERRNO 1
| #define HAVE_DECL_SNPRINTF 1
| #define HAVE_DECL_VSNPRINTF 1
| #define HAVE_DECL_VASPRINTF 1
| #define HAVE_DECL_MALLOC 1
| #define HAVE_DECL_REALLOC 1
| #define HAVE_DECL_CALLOC 1
| #define HAVE_DECL_FREE 1
| #define HAVE_DECL_BASENAME 1
| #define HAVE_DECL_GETOPT 0
| #define HAVE_DECL_CLOCK 1
| #define HAVE_DECL_GETPAGESIZE 1
| #define HAVE_DECL_FFS 1
| #define HAVE_DECL_CLEARERR_UNLOCKED 1
| #define HAVE_DECL_FEOF_UNLOCKED 1
| #define HAVE_DECL_FERROR_UNLOCKED 1
| #define HAVE_DECL_FFLUSH_UNLOCKED 1
| #define HAVE_DECL_FGETC_UNLOCKED 1
| #define HAVE_DECL_FGETS_UNLOCKED 1
| #define HAVE_DECL_FILENO_UNLOCKED 1
| /* end confdefs.h.  */
| #undef HAVE_DECL_FPRINTF_UNLOCKED
| #define HAVE_DECL_FPRINTF_UNLOCKED 1
| 
| #include "ansidecl.h"
| #include "system.h"
| 
| int
| main ()
| {
| #ifndef fprintf_unlocked
| char *(*pfn) = (char *(*)) fprintf_unlocked ;
| #endif
|   ;
|   return 0;
| }
configure:10482: result: no
configure:10444: checking whether fputc_unlocked is declared
configure:10467: gcc  -c -isystem/jenhome/jenkins/jobs/LE910Cx_Multi_DAILY/workspace/build/apps_proc/poky/build/tmp-glibc/sysroots/x86_64-linux/usr/include -pipe  -I/jenhome/jenkins/jobs/LE910Cx_Multi_DAILY/workspace/build/apps_proc/poky/build/tmp-glibc/work-shared/gcc-4.9.3-r0/gcc-4.9.3/gcc -I/jenhome/jenkins/jobs/LE910Cx_Multi_DAILY/workspace/build/apps_proc/poky/build/tmp-glibc/work-shared/gcc-4.9.3-r0/gcc-4.9.3/gcc/../include -I/jenhome/jenkins/jobs/LE910Cx_Multi_DAILY/workspace/build/apps_proc/poky/build/tmp-glibc/sysroots/x86_64-linux/usr/include   conftest.c >&5
configure:10467: $? = 0
configure:10476: result: yes
configure:10444: checking whether fputs_unlocked is declared
configure:10467: gcc  -c -isystem/jenhome/jenkins/jobs/LE910Cx_Multi_DAILY/workspace/build/apps_proc/poky/build/tmp-glibc/sysroots/x86_64-linux/usr/include -pipe  -I/jenhome/jenkins/jobs/LE910Cx_Multi_DAILY/workspace/build/apps_proc/poky/build/tmp-glibc/work-shared/gcc-4.9.3-r0/gcc-4.9.3/gcc -I/jenhome/jenkins/jobs/LE910Cx_Multi_DAILY/workspace/build/apps_proc/poky/build/tmp-glibc/work-shared/gcc-4.9.3-r0/gcc-4.9.3/gcc/../include -I/jenhome/jenkins/jobs/LE910Cx_Multi_DAILY/workspace/build/apps_proc/poky/build/tmp-glibc/sysroots/x86_64-linux/usr/include   conftest.c >&5
configure:10467: $? = 0
configure:10476: result: yes
configure:10444: checking whether fread_unlocked is declared
configure:10467: gcc  -c -isystem/jenhome/jenkins/jobs/LE910Cx_Multi_DAILY/workspace/build/apps_proc/poky/build/tmp-glibc/sysroots/x86_64-linux/usr/include -pipe  -I/jenhome/jenkins/jobs/LE910Cx_Multi_DAILY/workspace/build/apps_proc/poky/build/tmp-glibc/work-shared/gcc-4.9.3-r0/gcc-4.9.3/gcc -I/jenhome/jenkins/jobs/LE910Cx_Multi_DAILY/workspace/build/apps_proc/poky/build/tmp-glibc/work-shared/gcc-4.9.3-r0/gcc-4.9.3/gcc/../include -I/jenhome/jenkins/jobs/LE910Cx_Multi_DAILY/workspace/build/apps_proc/poky/build/tmp-glibc/sysroots/x86_64-linux/usr/include   conftest.c >&5
configure:10467: $? = 0
configure:10476: result: yes
configure:10444: checking whether fwrite_unlocked is declared
configure:10467: gcc  -c -isystem/jenhome/jenkins/jobs/LE910Cx_Multi_DAILY/workspace/build/apps_proc/poky/build/tmp-glibc/sysroots/x86_64-linux/usr/include -pipe  -I/jenhome/jenkins/jobs/LE910Cx_Multi_DAILY/workspace/build/apps_proc/poky/build/tmp-glibc/work-shared/gcc-4.9.3-r0/gcc-4.9.3/gcc -I/jenhome/jenkins/jobs/LE910Cx_Multi_DAILY/workspace/build/apps_proc/poky/build/tmp-glibc/work-shared/gcc-4.9.3-r0/gcc-4.9.3/gcc/../include -I/jenhome/jenkins/jobs/LE910Cx_Multi_DAILY/workspace/build/apps_proc/poky/build/tmp-glibc/sysroots/x86_64-linux/usr/include   conftest.c >&5
configure:10467: $? = 0
configure:10476: result: yes
configure:10444: checking whether getchar_unlocked is declared
configure:10467: gcc  -c -isystem/jenhome/jenkins/jobs/LE910Cx_Multi_DAILY/workspace/build/apps_proc/poky/build/tmp-glibc/sysroots/x86_64-linux/usr/include -pipe  -I/jenhome/jenkins/jobs/LE910Cx_Multi_DAILY/workspace/build/apps_proc/poky/build/tmp-glibc/work-shared/gcc-4.9.3-r0/gcc-4.9.3/gcc -I/jenhome/jenkins/jobs/LE910Cx_Multi_DAILY/workspace/build/apps_proc/poky/build/tmp-glibc/work-shared/gcc-4.9.3-r0/gcc-4.9.3/gcc/../include -I/jenhome/jenkins/jobs/LE910Cx_Multi_DAILY/workspace/build/apps_proc/poky/build/tmp-glibc/sysroots/x86_64-linux/usr/include   conftest.c >&5
configure:10467: $? = 0
configure:10476: result: yes
configure:10444: checking whether getc_unlocked is declared
configure:10467: gcc  -c -isystem/jenhome/jenkins/jobs/LE910Cx_Multi_DAILY/workspace/build/apps_proc/poky/build/tmp-glibc/sysroots/x86_64-linux/usr/include -pipe  -I/jenhome/jenkins/jobs/LE910Cx_Multi_DAILY/workspace/build/apps_proc/poky/build/tmp-glibc/work-shared/gcc-4.9.3-r0/gcc-4.9.3/gcc -I/jenhome/jenkins/jobs/LE910Cx_Multi_DAILY/workspace/build/apps_proc/poky/build/tmp-glibc/work-shared/gcc-4.9.3-r0/gcc-4.9.3/gcc/../include -I/jenhome/jenkins/jobs/LE910Cx_Multi_DAILY/workspace/build/apps_proc/poky/build/tmp-glibc/sysroots/x86_64-linux/usr/include   conftest.c >&5
configure:10467: $? = 0
configure:10476: result: yes
configure:10444: checking whether putchar_unlocked is declared
configure:10467: gcc  -c -isystem/jenhome/jenkins/jobs/LE910Cx_Multi_DAILY/workspace/build/apps_proc/poky/build/tmp-glibc/sysroots/x86_64-linux/usr/include -pipe  -I/jenhome/jenkins/jobs/LE910Cx_Multi_DAILY/workspace/build/apps_proc/poky/build/tmp-glibc/work-shared/gcc-4.9.3-r0/gcc-4.9.3/gcc -I/jenhome/jenkins/jobs/LE910Cx_Multi_DAILY/workspace/build/apps_proc/poky/build/tmp-glibc/work-shared/gcc-4.9.3-r0/gcc-4.9.3/gcc/../include -I/jenhome/jenkins/jobs/LE910Cx_Multi_DAILY/workspace/build/apps_proc/poky/build/tmp-glibc/sysroots/x86_64-linux/usr/include   conftest.c >&5
configure:10467: $? = 0
configure:10476: result: yes
configure:10444: checking whether putc_unlocked is declared
configure:10467: gcc  -c -isystem/jenhome/jenkins/jobs/LE910Cx_Multi_DAILY/workspace/build/apps_proc/poky/build/tmp-glibc/sysroots/x86_64-linux/usr/include -pipe  -I/jenhome/jenkins/jobs/LE910Cx_Multi_DAILY/workspace/build/apps_proc/poky/build/tmp-glibc/work-shared/gcc-4.9.3-r0/gcc-4.9.3/gcc -I/jenhome/jenkins/jobs/LE910Cx_Multi_DAILY/workspace/build/apps_proc/poky/build/tmp-glibc/work-shared/gcc-4.9.3-r0/gcc-4.9.3/gcc/../include -I/jenhome/jenkins/jobs/LE910Cx_Multi_DAILY/workspace/build/apps_proc/poky/build/tmp-glibc/sysroots/x86_64-linux/usr/include   conftest.c >&5
configure:10467: $? = 0
configure:10476: result: yes
configure:10495: checking whether getrlimit is declared
configure:10522: gcc  -c -isystem/jenhome/jenkins/jobs/LE910Cx_Multi_DAILY/workspace/build/apps_proc/poky/build/tmp-glibc/sysroots/x86_64-linux/usr/include -pipe  -I/jenhome/jenkins/jobs/LE910Cx_Multi_DAILY/workspace/build/apps_proc/poky/build/tmp-glibc/work-shared/gcc-4.9.3-r0/gcc-4.9.3/gcc -I/jenhome/jenkins/jobs/LE910Cx_Multi_DAILY/workspace/build/apps_proc/poky/build/tmp-glibc/work-shared/gcc-4.9.3-r0/gcc-4.9.3/gcc/../include -I/jenhome/jenkins/jobs/LE910Cx_Multi_DAILY/workspace/build/apps_proc/poky/build/tmp-glibc/sysroots/x86_64-linux/usr/include   conftest.c >&5
configure:10522: $? = 0
configure:10531: result: yes
configure:10495: checking whether setrlimit is declared
configure:10522: gcc  -c -isystem/jenhome/jenkins/jobs/LE910Cx_Multi_DAILY/workspace/build/apps_proc/poky/build/tmp-glibc/sysroots/x86_64-linux/usr/include -pipe  -I/jenhome/jenkins/jobs/LE910Cx_Multi_DAILY/workspace/build/apps_proc/poky/build/tmp-glibc/work-shared/gcc-4.9.3-r0/gcc-4.9.3/gcc -I/jenhome/jenkins/jobs/LE910Cx_Multi_DAILY/workspace/build/apps_proc/poky/build/tmp-glibc/work-shared/gcc-4.9.3-r0/gcc-4.9.3/gcc/../include -I/jenhome/jenkins/jobs/LE910Cx_Multi_DAILY/workspace/build/apps_proc/poky/build/tmp-glibc/sysroots/x86_64-linux/usr/include   conftest.c >&5
configure:10522: $? = 0
configure:10531: result: yes
configure:10495: checking whether getrusage is declared
configure:10522: gcc  -c -isystem/jenhome/jenkins/jobs/LE910Cx_Multi_DAILY/workspace/build/apps_proc/poky/build/tmp-glibc/sysroots/x86_64-linux/usr/include -pipe  -I/jenhome/jenkins/jobs/LE910Cx_Multi_DAILY/workspace/build/apps_proc/poky/build/tmp-glibc/work-shared/gcc-4.9.3-r0/gcc-4.9.3/gcc -I/jenhome/jenkins/jobs/LE910Cx_Multi_DAILY/workspace/build/apps_proc/poky/build/tmp-glibc/work-shared/gcc-4.9.3-r0/gcc-4.9.3/gcc/../include -I/jenhome/jenkins/jobs/LE910Cx_Multi_DAILY/workspace/build/apps_proc/poky/build/tmp-glibc/sysroots/x86_64-linux/usr/include   conftest.c >&5
configure:10522: $? = 0
configure:10531: result: yes
configure:10564: gcc  -c -isystem/jenhome/jenkins/jobs/LE910Cx_Multi_DAILY/workspace/build/apps_proc/poky/build/tmp-glibc/sysroots/x86_64-linux/usr/include -pipe  -I/jenhome/jenkins/jobs/LE910Cx_Multi_DAILY/workspace/build/apps_proc/poky/build/tmp-glibc/work-shared/gcc-4.9.3-r0/gcc-4.9.3/gcc -I/jenhome/jenkins/jobs/LE910Cx_Multi_DAILY/workspace/build/apps_proc/poky/build/tmp-glibc/work-shared/gcc-4.9.3-r0/gcc-4.9.3/gcc/../include -I/jenhome/jenkins/jobs/LE910Cx_Multi_DAILY/workspace/build/apps_proc/poky/build/tmp-glibc/sysroots/x86_64-linux/usr/include   conftest.c >&5
configure:10564: $? = 0
configure:10580: checking whether ldgetname is declared
configure:10609: gcc  -c -isystem/jenhome/jenkins/jobs/LE910Cx_Multi_DAILY/workspace/build/apps_proc/poky/build/tmp-glibc/sysroots/x86_64-linux/usr/include -pipe  -I/jenhome/jenkins/jobs/LE910Cx_Multi_DAILY/workspace/build/apps_proc/poky/build/tmp-glibc/work-shared/gcc-4.9.3-r0/gcc-4.9.3/gcc -I/jenhome/jenkins/jobs/LE910Cx_Multi_DAILY/workspace/build/apps_proc/poky/build/tmp-glibc/work-shared/gcc-4.9.3-r0/gcc-4.9.3/gcc/../include -I/jenhome/jenkins/jobs/LE910Cx_Multi_DAILY/workspace/build/apps_proc/poky/build/tmp-glibc/sysroots/x86_64-linux/usr/include   conftest.c >&5
conftest.c: In function 'main':
conftest.c:173:28: error: 'ldgetname' undeclared (first use in this function)
 char *(*pfn) = (char *(*)) ldgetname ;
                            ^
conftest.c:173:28: note: each undeclared identifier is reported only once for each function it appears in
configure:10609: $? = 1
configure: failed program was:
| /* confdefs.h */
| #define PACKAGE_NAME ""
| #define PACKAGE_TARNAME ""
| #define PACKAGE_VERSION ""
| #define PACKAGE_STRING ""
| #define PACKAGE_BUGREPORT ""
| #define PACKAGE_URL ""
| #define STDC_HEADERS 1
| #define HAVE_SYS_TYPES_H 1
| #define HAVE_SYS_STAT_H 1
| #define HAVE_STDLIB_H 1
| #define HAVE_STRING_H 1
| #define HAVE_MEMORY_H 1
| #define HAVE_STRINGS_H 1
| #define HAVE_INTTYPES_H 1
| #define HAVE_STDINT_H 1
| #define HAVE_UNISTD_H 1
| #define __EXTENSIONS__ 1
| #define _ALL_SOURCE 1
| #define _GNU_SOURCE 1
| #define _POSIX_PTHREAD_SEMANTICS 1
| #define _TANDEM_SOURCE 1
| #define SIZEOF_VOID_P 8
| #define SIZEOF_SHORT 2
| #define SIZEOF_INT 4
| #define SIZEOF_LONG 8
| #define HAVE_LONG_LONG 1
| #define SIZEOF_LONG_LONG 8
| #define HAVE_LONG_LONG_INT 1
| #define HAVE_INTMAX_T 1
| #define HAVE_INTPTR_T 1
| #define HAVE_UNSIGNED_LONG_LONG_INT 1
| #define HAVE_UINTMAX_T 1
| #define HAVE_UINTPTR_T 1
| #define ENABLE_ASSERT_CHECKING 1
| #define ENABLE_RUNTIME_CHECKING 1
| #define GATHER_STATISTICS 0
| #define ENABLE_DECIMAL_FLOAT 0
| #define ENABLE_DECIMAL_BID_FORMAT 0
| #define ENABLE_FIXED_POINT 1
| #define STDC_HEADERS 1
| #define TIME_WITH_SYS_TIME 1
| #define STRING_WITH_STRINGS 1
| #define HAVE_SYS_WAIT_H 1
| #define GWINSZ_IN_SYS_IOCTL 1
| #define HAVE_LIMITS_H 1
| #define HAVE_STDDEF_H 1
| #define HAVE_STRING_H 1
| #define HAVE_STRINGS_H 1
| #define HAVE_STDLIB_H 1
| #define HAVE_TIME_H 1
| #define HAVE_ICONV_H 1
| #define HAVE_FCNTL_H 1
| #define HAVE_UNISTD_H 1
| #define HAVE_SYS_FILE_H 1
| #define HAVE_SYS_TIME_H 1
| #define HAVE_SYS_MMAN_H 1
| #define HAVE_SYS_RESOURCE_H 1
| #define HAVE_SYS_PARAM_H 1
| #define HAVE_SYS_TIMES_H 1
| #define HAVE_SYS_STAT_H 1
| #define HAVE_MALLOC_H 1
| #define HAVE_LANGINFO_H 1
| #define HAVE_LOCALE_H 1
| #define HAVE_WCHAR_H 1
| #define HAVE_TR1_UNORDERED_MAP 1
| #define HAVE_EXT_HASH_MAP 1
| #define HAVE_INTTYPES_H 1
| #define HAVE_TIMES 1
| #define HAVE_CLOCK 1
| #define HAVE_KILL 1
| #define HAVE_GETRLIMIT 1
| #define HAVE_SETRLIMIT 1
| #define HAVE_ATOLL 1
| #define HAVE_SYSCONF 1
| #define HAVE_STRSIGNAL 1
| #define HAVE_GETRUSAGE 1
| #define HAVE_NL_LANGINFO 1
| #define HAVE_GETTIMEOFDAY 1
| #define HAVE_MBSTOWCS 1
| #define HAVE_WCSWIDTH 1
| #define HAVE_MMAP 1
| #define HAVE_SETLOCALE 1
| #define HAVE_CLEARERR_UNLOCKED 1
| #define HAVE_FEOF_UNLOCKED 1
| #define HAVE_FERROR_UNLOCKED 1
| #define HAVE_FFLUSH_UNLOCKED 1
| #define HAVE_FGETC_UNLOCKED 1
| #define HAVE_FGETS_UNLOCKED 1
| #define HAVE_FILENO_UNLOCKED 1
| #define HAVE_FPUTC_UNLOCKED 1
| #define HAVE_FPUTS_UNLOCKED 1
| #define HAVE_FREAD_UNLOCKED 1
| #define HAVE_FWRITE_UNLOCKED 1
| #define HAVE_GETCHAR_UNLOCKED 1
| #define HAVE_GETC_UNLOCKED 1
| #define HAVE_PUTCHAR_UNLOCKED 1
| #define HAVE_PUTC_UNLOCKED 1
| #define HAVE_MADVISE 1
| #define HAVE_WORKING_MBSTOWCS 1
| #define HAVE_MMAP_FILE 1
| #define HAVE_MMAP_DEV_ZERO 1
| #define HAVE_MMAP_ANON 1
| #define HAVE_FORK 1
| #define HAVE_VFORK 1
| #define HAVE_WORKING_VFORK 1
| #define HAVE_WORKING_FORK 1
| #define HAVE_ICONV 1
| #define ICONV_CONST 
| #define HAVE_LC_MESSAGES 1
| #define HAVE_LANGINFO_CODESET 1
| #define HAVE_DECL_GETENV 1
| #define HAVE_DECL_ATOL 1
| #define HAVE_DECL_ASPRINTF 1
| #define HAVE_DECL_SBRK 1
| #define HAVE_DECL_ABORT 1
| #define HAVE_DECL_ATOF 1
| #define HAVE_DECL_GETCWD 1
| #define HAVE_DECL_GETWD 1
| #define HAVE_DECL_STRSIGNAL 1
| #define HAVE_DECL_STRSTR 1
| #define HAVE_DECL_STPCPY 1
| #define HAVE_DECL_STRVERSCMP 1
| #define HAVE_DECL_ERRNO 1
| #define HAVE_DECL_SNPRINTF 1
| #define HAVE_DECL_VSNPRINTF 1
| #define HAVE_DECL_VASPRINTF 1
| #define HAVE_DECL_MALLOC 1
| #define HAVE_DECL_REALLOC 1
| #define HAVE_DECL_CALLOC 1
| #define HAVE_DECL_FREE 1
| #define HAVE_DECL_BASENAME 1
| #define HAVE_DECL_GETOPT 0
| #define HAVE_DECL_CLOCK 1
| #define HAVE_DECL_GETPAGESIZE 1
| #define HAVE_DECL_FFS 1
| #define HAVE_DECL_CLEARERR_UNLOCKED 1
| #define HAVE_DECL_FEOF_UNLOCKED 1
| #define HAVE_DECL_FERROR_UNLOCKED 1
| #define HAVE_DECL_FFLUSH_UNLOCKED 1
| #define HAVE_DECL_FGETC_UNLOCKED 1
| #define HAVE_DECL_FGETS_UNLOCKED 1
| #define HAVE_DECL_FILENO_UNLOCKED 1
| #define HAVE_DECL_FPRINTF_UNLOCKED 0
| #define HAVE_DECL_FPUTC_UNLOCKED 1
| #define HAVE_DECL_FPUTS_UNLOCKED 1
| #define HAVE_DECL_FREAD_UNLOCKED 1
| #define HAVE_DECL_FWRITE_UNLOCKED 1
| #define HAVE_DECL_GETCHAR_UNLOCKED 1
| #define HAVE_DECL_GETC_UNLOCKED 1
| #define HAVE_DECL_PUTCHAR_UNLOCKED 1
| #define HAVE_DECL_PUTC_UNLOCKED 1
| #define HAVE_DECL_GETRLIMIT 1
| #define HAVE_DECL_SETRLIMIT 1
| #define HAVE_DECL_GETRUSAGE 1
| /* end confdefs.h.  */
| #undef HAVE_DECL_LDGETNAME
| #define HAVE_DECL_LDGETNAME 1
| 
| #include "ansidecl.h"
| #include "system.h"
| #ifdef HAVE_LDFCN_H
| #undef FREAD
| #undef FWRITE
| #include <ldfcn.h>
| #endif
| 
| 
| int
| main ()
| {
| #ifndef ldgetname
| char *(*pfn) = (char *(*)) ldgetname ;
| #endif
|   ;
|   return 0;
| }
configure:10624: result: no
configure:10637: checking whether times is declared
configure:10664: gcc  -c -isystem/jenhome/jenkins/jobs/LE910Cx_Multi_DAILY/workspace/build/apps_proc/poky/build/tmp-glibc/sysroots/x86_64-linux/usr/include -pipe  -I/jenhome/jenkins/jobs/LE910Cx_Multi_DAILY/workspace/build/apps_proc/poky/build/tmp-glibc/work-shared/gcc-4.9.3-r0/gcc-4.9.3/gcc -I/jenhome/jenkins/jobs/LE910Cx_Multi_DAILY/workspace/build/apps_proc/poky/build/tmp-glibc/work-shared/gcc-4.9.3-r0/gcc-4.9.3/gcc/../include -I/jenhome/jenkins/jobs/LE910Cx_Multi_DAILY/workspace/build/apps_proc/poky/build/tmp-glibc/sysroots/x86_64-linux/usr/include   conftest.c >&5
configure:10664: $? = 0
configure:10673: result: yes
configure:10692: checking whether sigaltstack is declared
configure:10717: gcc  -c -isystem/jenhome/jenkins/jobs/LE910Cx_Multi_DAILY/workspace/build/apps_proc/poky/build/tmp-glibc/sysroots/x86_64-linux/usr/include -pipe  -I/jenhome/jenkins/jobs/LE910Cx_Multi_DAILY/workspace/build/apps_proc/poky/build/tmp-glibc/work-shared/gcc-4.9.3-r0/gcc-4.9.3/gcc -I/jenhome/jenkins/jobs/LE910Cx_Multi_DAILY/workspace/build/apps_proc/poky/build/tmp-glibc/work-shared/gcc-4.9.3-r0/gcc-4.9.3/gcc/../include -I/jenhome/jenkins/jobs/LE910Cx_Multi_DAILY/workspace/build/apps_proc/poky/build/tmp-glibc/sysroots/x86_64-linux/usr/include   conftest.c >&5
configure:10717: $? = 0
configure:10726: result: yes
configure:10753: checking whether madvise is declared
configure:10777: g++  -c -isystem/jenhome/jenkins/jobs/LE910Cx_Multi_DAILY/workspace/build/apps_proc/poky/build/tmp-glibc/sysroots/x86_64-linux/usr/include -pipe  -I/jenhome/jenkins/jobs/LE910Cx_Multi_DAILY/workspace/build/apps_proc/poky/build/tmp-glibc/work-shared/gcc-4.9.3-r0/gcc-4.9.3/gcc -I/jenhome/jenkins/jobs/LE910Cx_Multi_DAILY/workspace/build/apps_proc/poky/build/tmp-glibc/work-shared/gcc-4.9.3-r0/gcc-4.9.3/gcc/../include -I/jenhome/jenkins/jobs/LE910Cx_Multi_DAILY/workspace/build/apps_proc/poky/build/tmp-glibc/sysroots/x86_64-linux/usr/include   conftest.cpp >&5
configure:10777: $? = 0
configure:10786: result: yes
configure:10809: checking for struct tms
configure:10832: gcc  -c -isystem/jenhome/jenkins/jobs/LE910Cx_Multi_DAILY/workspace/build/apps_proc/poky/build/tmp-glibc/sysroots/x86_64-linux/usr/include -pipe  -I/jenhome/jenkins/jobs/LE910Cx_Multi_DAILY/workspace/build/apps_proc/poky/build/tmp-glibc/work-shared/gcc-4.9.3-r0/gcc-4.9.3/gcc -I/jenhome/jenkins/jobs/LE910Cx_Multi_DAILY/workspace/build/apps_proc/poky/build/tmp-glibc/work-shared/gcc-4.9.3-r0/gcc-4.9.3/gcc/../include -I/jenhome/jenkins/jobs/LE910Cx_Multi_DAILY/workspace/build/apps_proc/poky/build/tmp-glibc/sysroots/x86_64-linux/usr/include   conftest.c >&5
configure:10832: $? = 0
configure:10839: result: yes
configure:10849: checking for clock_t
configure:10869: gcc  -c -isystem/jenhome/jenkins/jobs/LE910Cx_Multi_DAILY/workspace/build/apps_proc/poky/build/tmp-glibc/sysroots/x86_64-linux/usr/include -pipe  -I/jenhome/jenkins/jobs/LE910Cx_Multi_DAILY/workspace/build/apps_proc/poky/build/tmp-glibc/work-shared/gcc-4.9.3-r0/gcc-4.9.3/gcc -I/jenhome/jenkins/jobs/LE910Cx_Multi_DAILY/workspace/build/apps_proc/poky/build/tmp-glibc/work-shared/gcc-4.9.3-r0/gcc-4.9.3/gcc/../include -I/jenhome/jenkins/jobs/LE910Cx_Multi_DAILY/workspace/build/apps_proc/poky/build/tmp-glibc/sysroots/x86_64-linux/usr/include   conftest.c >&5
configure:10869: $? = 0
configure:10876: result: yes
configure:10885: checking for F_SETLKW
configure:10909: gcc  -c -isystem/jenhome/jenkins/jobs/LE910Cx_Multi_DAILY/workspace/build/apps_proc/poky/build/tmp-glibc/sysroots/x86_64-linux/usr/include -pipe  -I/jenhome/jenkins/jobs/LE910Cx_Multi_DAILY/workspace/build/apps_proc/poky/build/tmp-glibc/work-shared/gcc-4.9.3-r0/gcc-4.9.3/gcc -I/jenhome/jenkins/jobs/LE910Cx_Multi_DAILY/workspace/build/apps_proc/poky/build/tmp-glibc/work-shared/gcc-4.9.3-r0/gcc-4.9.3/gcc/../include -I/jenhome/jenkins/jobs/LE910Cx_Multi_DAILY/workspace/build/apps_proc/poky/build/tmp-glibc/sysroots/x86_64-linux/usr/include   conftest.c >&5
configure:10909: $? = 0
configure:10916: result: yes
configure:10929: checking if mkdir takes one argument
configure:10955: gcc  -c -isystem/jenhome/jenkins/jobs/LE910Cx_Multi_DAILY/workspace/build/apps_proc/poky/build/tmp-glibc/sysroots/x86_64-linux/usr/include -pipe   conftest.c >&5
configure:10955: $? = 0
configure:10962: result: no
configure:11419: checking whether NLS is requested
configure:11422: result: no
configure:11941: checking how to print strings
configure:11968: result: printf
configure:11989: checking for a sed that does not truncate output
configure:12053: result: /bin/sed
configure:12071: checking for fgrep
configure:12133: result: /bin/grep -F
configure:12168: checking for ld used by gcc 
configure:12235: result: ld 
configure:12242: checking if the linker (ld ) is GNU ld
configure:12257: result: yes
configure:12269: checking for BSD- or MS-compatible name lister (nm)
configure:12318: result: nm
configure:12448: checking the name lister (nm) interface
configure:12455: gcc  -c -isystem/jenhome/jenkins/jobs/LE910Cx_Multi_DAILY/workspace/build/apps_proc/poky/build/tmp-glibc/sysroots/x86_64-linux/usr/include -pipe   conftest.c >&5
configure:12458: nm "conftest.o"
configure:12461: output
0000000000000000 B some_variable
configure:12468: result: BSD nm
configure:12471: checking whether ln -s works
configure:12475: result: yes
configure:12483: checking the maximum length of command line arguments
configure:12608: result: 3458764513820540925
configure:12625: checking whether the shell understands some XSI constructs
configure:12635: result: yes
configure:12639: checking whether the shell understands "+="
configure:12645: result: yes
configure:12680: checking for ld  option to reload object files
configure:12687: result: -r
configure:12716: checking for x86_64-linux-objdump
configure:12743: result: objdump
configure:12815: checking how to recognize dependent libraries
configure:13016: result: pass_all
configure:13036: checking for x86_64-linux-ar
configure:13063: result: ar
configure:13141: checking for x86_64-linux-strip
configure:13168: result: strip
configure:13240: checking for x86_64-linux-ranlib
configure:13267: result: ranlib
configure:13409: checking command to parse nm output from gcc  object
configure:13527: gcc  -c -isystem/jenhome/jenkins/jobs/LE910Cx_Multi_DAILY/workspace/build/apps_proc/poky/build/tmp-glibc/sysroots/x86_64-linux/usr/include -pipe   conftest.c >&5
configure:13530: $? = 0
configure:13534: nm conftest.o \| sed -n -e 's/^.*[ ]\([ABCDGIRSTW][ABCDGIRSTW]*\)[ ][ ]*\([_A-Za-z][_A-Za-z0-9]*\)$/\1 \2 \2/p' \> conftest.nm
configure:13537: $? = 0
configure:13591: gcc  -o conftest -isystem/jenhome/jenkins/jobs/LE910Cx_Multi_DAILY/workspace/build/apps_proc/poky/build/tmp-glibc/sysroots/x86_64-linux/usr/include -pipe   -static-libstdc++ -static-libgcc -L/jenhome/jenkins/jobs/LE910Cx_Multi_DAILY/workspace/build/apps_proc/poky/build/tmp-glibc/sysroots/x86_64-linux/usr/lib -L/jenhome/jenkins/jobs/LE910Cx_Multi_DAILY/workspace/build/apps_proc/poky/build/tmp-glibc/sysroots/x86_64-linux/lib -Wl,-rpath-link,/jenhome/jenkins/jobs/LE910Cx_Multi_DAILY/workspace/build/apps_proc/poky/build/tmp-glibc/sysroots/x86_64-linux/usr/lib -Wl,-rpath-link,/jenhome/jenkins/jobs/LE910Cx_Multi_DAILY/workspace/build/apps_proc/poky/build/tmp-glibc/sysroots/x86_64-linux/lib -Wl,-rpath,/jenhome/jenkins/jobs/LE910Cx_Multi_DAILY/workspace/build/apps_proc/poky/build/tmp-glibc/sysroots/x86_64-linux/usr/lib -Wl,-rpath,/jenhome/jenkins/jobs/LE910Cx_Multi_DAILY/workspace/build/apps_proc/poky/build/tmp-glibc/sysroots/x86_64-linux/lib -Wl,-O1 conftest.c conftstm.o >&5
configure:13594: $? = 0
configure:13632: result: ok
configure:13727: gcc  -c -isystem/jenhome/jenkins/jobs/LE910Cx_Multi_DAILY/workspace/build/apps_proc/poky/build/tmp-glibc/sysroots/x86_64-linux/usr/include -pipe   conftest.c >&5
configure:13730: $? = 0
configure:14480: checking for dlfcn.h
configure:14480: gcc -E   conftest.c
configure:14480: $? = 0
configure:14480: result: yes
configure:14665: checking for objdir
configure:14680: result: .libs
configure:14951: checking if gcc  supports -fno-rtti -fno-exceptions
configure:14969: gcc  -c -isystem/jenhome/jenkins/jobs/LE910Cx_Multi_DAILY/workspace/build/apps_proc/poky/build/tmp-glibc/sysroots/x86_64-linux/usr/include -pipe   -fno-rtti -fno-exceptions conftest.c >&5
cc1: warning: command line option '-fno-rtti' is valid for C++/ObjC++ but not for C [enabled by default]
configure:14973: $? = 0
configure:14986: result: no
configure:15006: checking for gcc  option to produce PIC
configure:15292: result: -fPIC -DPIC
configure:15304: checking if gcc  PIC flag -fPIC -DPIC works
configure:15322: gcc  -c -isystem/jenhome/jenkins/jobs/LE910Cx_Multi_DAILY/workspace/build/apps_proc/poky/build/tmp-glibc/sysroots/x86_64-linux/usr/include -pipe   -fPIC -DPIC -DPIC conftest.c >&5
configure:15326: $? = 0
configure:15339: result: yes
configure:15363: checking if gcc  static flag -static works
configure:15391: result: yes
configure:15406: checking if gcc  supports -c -o file.o
configure:15427: gcc  -c -isystem/jenhome/jenkins/jobs/LE910Cx_Multi_DAILY/workspace/build/apps_proc/poky/build/tmp-glibc/sysroots/x86_64-linux/usr/include -pipe   -o out/conftest2.o conftest.c >&5
configure:15431: $? = 0
configure:15453: result: yes
configure:15461: checking if gcc  supports -c -o file.o
configure:15508: result: yes
configure:15541: checking whether the gcc  linker (ld  -m elf_x86_64) supports shared libraries
configure:16612: result: yes
configure:16649: checking whether -lc should be explicitly linked in
configure:16657: gcc  -c -isystem/jenhome/jenkins/jobs/LE910Cx_Multi_DAILY/workspace/build/apps_proc/poky/build/tmp-glibc/sysroots/x86_64-linux/usr/include -pipe   conftest.c >&5
configure:16660: $? = 0
configure:16675: gcc  -shared conftest.o  -v -Wl,-soname -Wl,conftest -o conftest 2\>\&1 \| /bin/grep  -lc  \>/dev/null 2\>\&1
configure:16678: $? = 0
configure:16692: result: no
configure:16857: checking dynamic linker characteristics
configure:17308: gcc  -o conftest -isystem/jenhome/jenkins/jobs/LE910Cx_Multi_DAILY/workspace/build/apps_proc/poky/build/tmp-glibc/sysroots/x86_64-linux/usr/include -pipe   -static-libstdc++ -static-libgcc -L/jenhome/jenkins/jobs/LE910Cx_Multi_DAILY/workspace/build/apps_proc/poky/build/tmp-glibc/sysroots/x86_64-linux/usr/lib -L/jenhome/jenkins/jobs/LE910Cx_Multi_DAILY/workspace/build/apps_proc/poky/build/tmp-glibc/sysroots/x86_64-linux/lib -Wl,-rpath-link,/jenhome/jenkins/jobs/LE910Cx_Multi_DAILY/workspace/build/apps_proc/poky/build/tmp-glibc/sysroots/x86_64-linux/usr/lib -Wl,-rpath-link,/jenhome/jenkins/jobs/LE910Cx_Multi_DAILY/workspace/build/apps_proc/poky/build/tmp-glibc/sysroots/x86_64-linux/lib -Wl,-rpath,/jenhome/jenkins/jobs/LE910Cx_Multi_DAILY/workspace/build/apps_proc/poky/build/tmp-glibc/sysroots/x86_64-linux/usr/lib -Wl,-rpath,/jenhome/jenkins/jobs/LE910Cx_Multi_DAILY/workspace/build/apps_proc/poky/build/tmp-glibc/sysroots/x86_64-linux/lib -Wl,-O1 -Wl,-rpath -Wl,/foo conftest.c  >&5
configure:17308: $? = 0
configure:17530: result: GNU/Linux ld.so
configure:17637: checking how to hardcode library paths into programs
configure:17662: result: immediate
configure:18202: checking whether stripping libraries is possible
configure:18207: result: yes
configure:18242: checking if libtool supports shared libraries
configure:18244: result: yes
configure:18247: checking whether to build shared libraries
configure:18268: result: yes
configure:18271: checking whether to build static libraries
configure:18275: result: yes
configure:18298: checking how to run the C++ preprocessor
configure:18364: result: g++  -E
configure:18384: g++  -E  conftest.cpp
configure:18384: $? = 0
configure:18398: g++  -E  conftest.cpp
conftest.cpp:172:28: fatal error: ac_nonexistent.h: No such file or directory
 #include <ac_nonexistent.h>
                            ^
compilation terminated.
configure:18398: $? = 1
configure: failed program was:
| /* confdefs.h */
| #define PACKAGE_NAME ""
| #define PACKAGE_TARNAME ""
| #define PACKAGE_VERSION ""
| #define PACKAGE_STRING ""
| #define PACKAGE_BUGREPORT ""
| #define PACKAGE_URL ""
| #define STDC_HEADERS 1
| #define HAVE_SYS_TYPES_H 1
| #define HAVE_SYS_STAT_H 1
| #define HAVE_STDLIB_H 1
| #define HAVE_STRING_H 1
| #define HAVE_MEMORY_H 1
| #define HAVE_STRINGS_H 1
| #define HAVE_INTTYPES_H 1
| #define HAVE_STDINT_H 1
| #define HAVE_UNISTD_H 1
| #define __EXTENSIONS__ 1
| #define _ALL_SOURCE 1
| #define _GNU_SOURCE 1
| #define _POSIX_PTHREAD_SEMANTICS 1
| #define _TANDEM_SOURCE 1
| #define SIZEOF_VOID_P 8
| #define SIZEOF_SHORT 2
| #define SIZEOF_INT 4
| #define SIZEOF_LONG 8
| #define HAVE_LONG_LONG 1
| #define SIZEOF_LONG_LONG 8
| #define HAVE_LONG_LONG_INT 1
| #define HAVE_INTMAX_T 1
| #define HAVE_INTPTR_T 1
| #define HAVE_UNSIGNED_LONG_LONG_INT 1
| #define HAVE_UINTMAX_T 1
| #define HAVE_UINTPTR_T 1
| #define ENABLE_ASSERT_CHECKING 1
| #define ENABLE_RUNTIME_CHECKING 1
| #define GATHER_STATISTICS 0
| #define ENABLE_DECIMAL_FLOAT 0
| #define ENABLE_DECIMAL_BID_FORMAT 0
| #define ENABLE_FIXED_POINT 1
| #define STDC_HEADERS 1
| #define TIME_WITH_SYS_TIME 1
| #define STRING_WITH_STRINGS 1
| #define HAVE_SYS_WAIT_H 1
| #define GWINSZ_IN_SYS_IOCTL 1
| #define HAVE_LIMITS_H 1
| #define HAVE_STDDEF_H 1
| #define HAVE_STRING_H 1
| #define HAVE_STRINGS_H 1
| #define HAVE_STDLIB_H 1
| #define HAVE_TIME_H 1
| #define HAVE_ICONV_H 1
| #define HAVE_FCNTL_H 1
| #define HAVE_UNISTD_H 1
| #define HAVE_SYS_FILE_H 1
| #define HAVE_SYS_TIME_H 1
| #define HAVE_SYS_MMAN_H 1
| #define HAVE_SYS_RESOURCE_H 1
| #define HAVE_SYS_PARAM_H 1
| #define HAVE_SYS_TIMES_H 1
| #define HAVE_SYS_STAT_H 1
| #define HAVE_MALLOC_H 1
| #define HAVE_LANGINFO_H 1
| #define HAVE_LOCALE_H 1
| #define HAVE_WCHAR_H 1
| #define HAVE_TR1_UNORDERED_MAP 1
| #define HAVE_EXT_HASH_MAP 1
| #define HAVE_INTTYPES_H 1
| #define HAVE_TIMES 1
| #define HAVE_CLOCK 1
| #define HAVE_KILL 1
| #define HAVE_GETRLIMIT 1
| #define HAVE_SETRLIMIT 1
| #define HAVE_ATOLL 1
| #define HAVE_SYSCONF 1
| #define HAVE_STRSIGNAL 1
| #define HAVE_GETRUSAGE 1
| #define HAVE_NL_LANGINFO 1
| #define HAVE_GETTIMEOFDAY 1
| #define HAVE_MBSTOWCS 1
| #define HAVE_WCSWIDTH 1
| #define HAVE_MMAP 1
| #define HAVE_SETLOCALE 1
| #define HAVE_CLEARERR_UNLOCKED 1
| #define HAVE_FEOF_UNLOCKED 1
| #define HAVE_FERROR_UNLOCKED 1
| #define HAVE_FFLUSH_UNLOCKED 1
| #define HAVE_FGETC_UNLOCKED 1
| #define HAVE_FGETS_UNLOCKED 1
| #define HAVE_FILENO_UNLOCKED 1
| #define HAVE_FPUTC_UNLOCKED 1
| #define HAVE_FPUTS_UNLOCKED 1
| #define HAVE_FREAD_UNLOCKED 1
| #define HAVE_FWRITE_UNLOCKED 1
| #define HAVE_GETCHAR_UNLOCKED 1
| #define HAVE_GETC_UNLOCKED 1
| #define HAVE_PUTCHAR_UNLOCKED 1
| #define HAVE_PUTC_UNLOCKED 1
| #define HAVE_MADVISE 1
| #define HAVE_WORKING_MBSTOWCS 1
| #define HAVE_MMAP_FILE 1
| #define HAVE_MMAP_DEV_ZERO 1
| #define HAVE_MMAP_ANON 1
| #define HAVE_FORK 1
| #define HAVE_VFORK 1
| #define HAVE_WORKING_VFORK 1
| #define HAVE_WORKING_FORK 1
| #define HAVE_ICONV 1
| #define ICONV_CONST 
| #define HAVE_LC_MESSAGES 1
| #define HAVE_LANGINFO_CODESET 1
| #define HAVE_DECL_GETENV 1
| #define HAVE_DECL_ATOL 1
| #define HAVE_DECL_ASPRINTF 1
| #define HAVE_DECL_SBRK 1
| #define HAVE_DECL_ABORT 1
| #define HAVE_DECL_ATOF 1
| #define HAVE_DECL_GETCWD 1
| #define HAVE_DECL_GETWD 1
| #define HAVE_DECL_STRSIGNAL 1
| #define HAVE_DECL_STRSTR 1
| #define HAVE_DECL_STPCPY 1
| #define HAVE_DECL_STRVERSCMP 1
| #define HAVE_DECL_ERRNO 1
| #define HAVE_DECL_SNPRINTF 1
| #define HAVE_DECL_VSNPRINTF 1
| #define HAVE_DECL_VASPRINTF 1
| #define HAVE_DECL_MALLOC 1
| #define HAVE_DECL_REALLOC 1
| #define HAVE_DECL_CALLOC 1
| #define HAVE_DECL_FREE 1
| #define HAVE_DECL_BASENAME 1
| #define HAVE_DECL_GETOPT 0
| #define HAVE_DECL_CLOCK 1
| #define HAVE_DECL_GETPAGESIZE 1
| #define HAVE_DECL_FFS 1
| #define HAVE_DECL_CLEARERR_UNLOCKED 1
| #define HAVE_DECL_FEOF_UNLOCKED 1
| #define HAVE_DECL_FERROR_UNLOCKED 1
| #define HAVE_DECL_FFLUSH_UNLOCKED 1
| #define HAVE_DECL_FGETC_UNLOCKED 1
| #define HAVE_DECL_FGETS_UNLOCKED 1
| #define HAVE_DECL_FILENO_UNLOCKED 1
| #define HAVE_DECL_FPRINTF_UNLOCKED 0
| #define HAVE_DECL_FPUTC_UNLOCKED 1
| #define HAVE_DECL_FPUTS_UNLOCKED 1
| #define HAVE_DECL_FREAD_UNLOCKED 1
| #define HAVE_DECL_FWRITE_UNLOCKED 1
| #define HAVE_DECL_GETCHAR_UNLOCKED 1
| #define HAVE_DECL_GETC_UNLOCKED 1
| #define HAVE_DECL_PUTCHAR_UNLOCKED 1
| #define HAVE_DECL_PUTC_UNLOCKED 1
| #define HAVE_DECL_GETRLIMIT 1
| #define HAVE_DECL_SETRLIMIT 1
| #define HAVE_DECL_GETRUSAGE 1
| #define HAVE_DECL_LDGETNAME 0
| #define HAVE_DECL_TIMES 1
| #define HAVE_DECL_SIGALTSTACK 1
| #define HAVE_DECL_MADVISE 1
| #define HAVE_STRUCT_TMS 1
| #define HAVE_CLOCK_T 1
| #define HOST_HAS_F_SETLKW 1
| #define NEED_64BIT_HOST_WIDE_INT 1
| #define HAVE_GNU_LD 1
| #define HAVE_GNU_AS 1
| #define DEFAULT_USE_CXA_ATEXIT 2
| #define EXTRA_MODES_FILE "config/arm/arm-modes.def"
| #define LTOPLUGINSONAME "liblto_plugin.so"
| #define HAVE_DLFCN_H 1
| #define LT_OBJDIR ".libs/"
| /* end confdefs.h.  */
| #include <ac_nonexistent.h>
configure:18566: checking for ld used by g++ 
configure:18633: result: ld  -m elf_x86_64
configure:18640: checking if the linker (ld  -m elf_x86_64) is GNU ld
configure:18655: result: yes
configure:18710: checking whether the g++  linker (ld  -m elf_x86_64) supports shared libraries
configure:19642: result: yes
configure:19670: g++  -c -isystem/jenhome/jenkins/jobs/LE910Cx_Multi_DAILY/workspace/build/apps_proc/poky/build/tmp-glibc/sysroots/x86_64-linux/usr/include -pipe   conftest.cpp >&5
configure:19673: $? = 0
configure:19855: checking for g++  option to produce PIC
configure:20178: result: -fPIC -DPIC
configure:20187: checking if g++  PIC flag -fPIC -DPIC works
configure:20205: g++  -c -isystem/jenhome/jenkins/jobs/LE910Cx_Multi_DAILY/workspace/build/apps_proc/poky/build/tmp-glibc/sysroots/x86_64-linux/usr/include -pipe   -fPIC -DPIC -DPIC conftest.cpp >&5
configure:20209: $? = 0
configure:20222: result: yes
configure:20243: checking if g++  static flag -static works
configure:20271: result: yes
configure:20283: checking if g++  supports -c -o file.o
configure:20304: g++  -c -isystem/jenhome/jenkins/jobs/LE910Cx_Multi_DAILY/workspace/build/apps_proc/poky/build/tmp-glibc/sysroots/x86_64-linux/usr/include -pipe   -o out/conftest2.o conftest.cpp >&5
configure:20308: $? = 0
configure:20330: result: yes
configure:20335: checking if g++  supports -c -o file.o
configure:20382: result: yes
configure:20412: checking whether the g++  linker (ld  -m elf_x86_64) supports shared libraries
configure:20440: result: yes
configure:20583: checking dynamic linker characteristics
configure:21190: result: GNU/Linux ld.so
configure:21243: checking how to hardcode library paths into programs
configure:21268: result: immediate
configure:21356: checking for arm-oe-linux-gnueabi-as
configure:21374: found /jenhome/jenkins/jobs/LE910Cx_Multi_DAILY/workspace/build/apps_proc/poky/build/tmp-glibc/sysroots/x86_64-linux/usr/bin/arm-oe-linux-gnueabi/arm-oe-linux-gnueabi-as
configure:21386: result: /jenhome/jenkins/jobs/LE910Cx_Multi_DAILY/workspace/build/apps_proc/poky/build/tmp-glibc/sysroots/x86_64-linux/usr/bin/arm-oe-linux-gnueabi/arm-oe-linux-gnueabi-as
configure:21405: checking what assembler to use
configure:21446: result: /jenhome/jenkins/jobs/LE910Cx_Multi_DAILY/workspace/build/apps_proc/poky/build/tmp-glibc/sysroots/x86_64-linux/usr/bin/arm-oe-linux-gnueabi/arm-oe-linux-gnueabi-as
configure:21520: checking for arm-oe-linux-gnueabi-ld
configure:21538: found /jenhome/jenkins/jobs/LE910Cx_Multi_DAILY/workspace/build/apps_proc/poky/build/tmp-glibc/sysroots/x86_64-linux/usr/bin/arm-oe-linux-gnueabi/arm-oe-linux-gnueabi-ld
configure:21550: result: /jenhome/jenkins/jobs/LE910Cx_Multi_DAILY/workspace/build/apps_proc/poky/build/tmp-glibc/sysroots/x86_64-linux/usr/bin/arm-oe-linux-gnueabi/arm-oe-linux-gnueabi-ld
configure:21586: checking whether we are using gold
configure:21595: result: yes
configure:21606: checking what linker to use
configure:21640: result: /jenhome/jenkins/jobs/LE910Cx_Multi_DAILY/workspace/build/apps_proc/poky/build/tmp-glibc/sysroots/x86_64-linux/usr/bin/arm-oe-linux-gnueabi/arm-oe-linux-gnueabi-ld
configure:21668: checking for arm-oe-linux-gnueabi-nm
configure:21686: found /jenhome/jenkins/jobs/LE910Cx_Multi_DAILY/workspace/build/apps_proc/poky/build/tmp-glibc/sysroots/x86_64-linux/usr/bin/arm-oe-linux-gnueabi/arm-oe-linux-gnueabi-nm
configure:21698: result: /jenhome/jenkins/jobs/LE910Cx_Multi_DAILY/workspace/build/apps_proc/poky/build/tmp-glibc/sysroots/x86_64-linux/usr/bin/arm-oe-linux-gnueabi/arm-oe-linux-gnueabi-nm
configure:21709: checking what nm to use
configure:21717: result: /jenhome/jenkins/jobs/LE910Cx_Multi_DAILY/workspace/build/apps_proc/poky/build/tmp-glibc/sysroots/x86_64-linux/usr/bin/arm-oe-linux-gnueabi/arm-oe-linux-gnueabi-nm
configure:21748: checking for arm-oe-linux-gnueabi-objdump
configure:21766: found /jenhome/jenkins/jobs/LE910Cx_Multi_DAILY/workspace/build/apps_proc/poky/build/tmp-glibc/sysroots/x86_64-linux/usr/bin/arm-oe-linux-gnueabi/arm-oe-linux-gnueabi-objdump
configure:21778: result: /jenhome/jenkins/jobs/LE910Cx_Multi_DAILY/workspace/build/apps_proc/poky/build/tmp-glibc/sysroots/x86_64-linux/usr/bin/arm-oe-linux-gnueabi/arm-oe-linux-gnueabi-objdump
configure:21789: checking what objdump to use
configure:21799: result: /jenhome/jenkins/jobs/LE910Cx_Multi_DAILY/workspace/build/apps_proc/poky/build/tmp-glibc/sysroots/x86_64-linux/usr/bin/arm-oe-linux-gnueabi/arm-oe-linux-gnueabi-objdump
configure:21818: checking for readelf
configure:21836: found /usr/bin/readelf
configure:21848: result: /usr/bin/readelf
configure:21859: checking what readelf to use
configure:21869: result: /usr/bin/readelf
configure:21874: checking assembler flags
configure:21897: result:  
configure:21900: checking assembler for .balign and .p2align
configure:21914: /jenhome/jenkins/jobs/LE910Cx_Multi_DAILY/workspace/build/apps_proc/poky/build/tmp-glibc/sysroots/x86_64-linux/usr/bin/arm-oe-linux-gnueabi/arm-oe-linux-gnueabi-as    -o conftest.o conftest.s >&5
configure:21917: $? = 0
configure:21928: result: yes
configure:21936: checking assembler for .p2align with maximum skip
configure:21949: /jenhome/jenkins/jobs/LE910Cx_Multi_DAILY/workspace/build/apps_proc/poky/build/tmp-glibc/sysroots/x86_64-linux/usr/bin/arm-oe-linux-gnueabi/arm-oe-linux-gnueabi-as    -o conftest.o conftest.s >&5
configure:21952: $? = 0
configure:21963: result: yes
configure:21971: checking assembler for .literal16
configure:21984: /jenhome/jenkins/jobs/LE910Cx_Multi_DAILY/workspace/build/apps_proc/poky/build/tmp-glibc/sysroots/x86_64-linux/usr/bin/arm-oe-linux-gnueabi/arm-oe-linux-gnueabi-as    -o conftest.o conftest.s >&5
conftest.s: Assembler messages:
conftest.s:1: Error: unknown pseudo-op: `.literal16'
configure:21987: $? = 1
configure: failed program was
.literal16
configure:21998: result: no
configure:22006: checking assembler for working .subsection -1
configure:22023: /jenhome/jenkins/jobs/LE910Cx_Multi_DAILY/workspace/build/apps_proc/poky/build/tmp-glibc/sysroots/x86_64-linux/usr/bin/arm-oe-linux-gnueabi/arm-oe-linux-gnueabi-as    -o conftest.o conftest.s >&5
configure:22026: $? = 0
configure:22045: result: yes
configure:22053: checking assembler for .weak
configure:22066: /jenhome/jenkins/jobs/LE910Cx_Multi_DAILY/workspace/build/apps_proc/poky/build/tmp-glibc/sysroots/x86_64-linux/usr/bin/arm-oe-linux-gnueabi/arm-oe-linux-gnueabi-as    -o conftest.o conftest.s >&5
configure:22069: $? = 0
configure:22080: result: yes
configure:22088: checking assembler for .weakref
configure:22101: /jenhome/jenkins/jobs/LE910Cx_Multi_DAILY/workspace/build/apps_proc/poky/build/tmp-glibc/sysroots/x86_64-linux/usr/bin/arm-oe-linux-gnueabi/arm-oe-linux-gnueabi-as    -o conftest.o conftest.s >&5
configure:22104: $? = 0
configure:22115: result: yes
configure:22123: checking assembler for .nsubspa comdat
configure:22137: /jenhome/jenkins/jobs/LE910Cx_Multi_DAILY/workspace/build/apps_proc/poky/build/tmp-glibc/sysroots/x86_64-linux/usr/bin/arm-oe-linux-gnueabi/arm-oe-linux-gnueabi-as    -o conftest.o conftest.s >&5
conftest.s: Assembler messages:
conftest.s:2: Error: unknown pseudo-op: `.nsubspa'
conftest.s:1: Error: .space specifies non-absolute value
configure:22140: $? = 1
configure: failed program was
	.SPACE $TEXT$
	.NSUBSPA $CODE$,COMDAT
configure:22151: result: no
configure:22166: checking assembler for .hidden
configure:22181: /jenhome/jenkins/jobs/LE910Cx_Multi_DAILY/workspace/build/apps_proc/poky/build/tmp-glibc/sysroots/x86_64-linux/usr/bin/arm-oe-linux-gnueabi/arm-oe-linux-gnueabi-as    -o conftest.o conftest.s >&5
configure:22184: $? = 0
configure:22223: result: yes
configure:22299: checking linker for .hidden support
configure:22360: result: yes
configure:22372: checking linker read-only and read-write section mixing
configure:22408: result: read-write
configure:22439: checking for .preinit_array/.init_array/.fini_array support
configure:22551: checking cross compile... guessing
configure:22556: result: no
configure:22569: checking assembler for .sleb128 and .uleb128
configure:22588: /jenhome/jenkins/jobs/LE910Cx_Multi_DAILY/workspace/build/apps_proc/poky/build/tmp-glibc/sysroots/x86_64-linux/usr/bin/arm-oe-linux-gnueabi/arm-oe-linux-gnueabi-as    -o conftest.o conftest.s >&5
configure:22591: $? = 0
configure:22617: result: yes
configure:22626: checking assembler for cfi directives
configure:22641: /jenhome/jenkins/jobs/LE910Cx_Multi_DAILY/workspace/build/apps_proc/poky/build/tmp-glibc/sysroots/x86_64-linux/usr/bin/arm-oe-linux-gnueabi/arm-oe-linux-gnueabi-as    -o conftest.o conftest.s >&5
configure:22644: $? = 0
configure:22695: result: yes
configure:22699: checking assembler for working cfi advance
configure:22713: /jenhome/jenkins/jobs/LE910Cx_Multi_DAILY/workspace/build/apps_proc/poky/build/tmp-glibc/sysroots/x86_64-linux/usr/bin/arm-oe-linux-gnueabi/arm-oe-linux-gnueabi-as    -o conftest.o conftest.s >&5
configure:22716: $? = 0
configure:22732: result: yes
configure:22748: checking assembler for cfi personality directive
configure:22760: /jenhome/jenkins/jobs/LE910Cx_Multi_DAILY/workspace/build/apps_proc/poky/build/tmp-glibc/sysroots/x86_64-linux/usr/bin/arm-oe-linux-gnueabi/arm-oe-linux-gnueabi-as    -o conftest.o conftest.s >&5
configure:22763: $? = 0
configure:22774: result: yes
configure:22784: checking assembler for cfi sections directive
configure:22796: /jenhome/jenkins/jobs/LE910Cx_Multi_DAILY/workspace/build/apps_proc/poky/build/tmp-glibc/sysroots/x86_64-linux/usr/bin/arm-oe-linux-gnueabi/arm-oe-linux-gnueabi-as    -o conftest.o conftest.s >&5
configure:22799: $? = 0
configure:22825: result: yes
configure:22838: checking assembler for eh_frame optimization
configure:22883: /jenhome/jenkins/jobs/LE910Cx_Multi_DAILY/workspace/build/apps_proc/poky/build/tmp-glibc/sysroots/x86_64-linux/usr/bin/arm-oe-linux-gnueabi/arm-oe-linux-gnueabi-as    -o conftest.o conftest.s >&5
conftest.s: Assembler messages:
conftest.s:7: Error: junk at end of line, first unrecognized character is `,'
configure:22886: $? = 1
configure: failed program was
	.text
.LFB1:
	.4byte	0
.L1:
	.4byte	0
.LFE1:
	.section	.eh_frame,"aw",@progbits
__FRAME_BEGIN__:
	.4byte	.LECIE1-.LSCIE1
.LSCIE1:
	.4byte	0x0
	.byte	0x1
	.ascii "z\0"
	.byte	0x1
	.byte	0x78
	.byte	0x1a
	.byte	0x0
	.byte	0x4
	.4byte	1
	.p2align 1
.LECIE1:
.LSFDE1:
	.4byte	.LEFDE1-.LASFDE1
.LASFDE1:
	.4byte	.LASFDE1-__FRAME_BEGIN__
	.4byte	.LFB1
	.4byte	.LFE1-.LFB1
	.byte	0x4
	.4byte	.LFE1-.LFB1
	.byte	0x4
	.4byte	.L1-.LFB1
.LEFDE1:
configure:22929: result: no
configure:22939: checking assembler for section merging support
configure:22953: /jenhome/jenkins/jobs/LE910Cx_Multi_DAILY/workspace/build/apps_proc/poky/build/tmp-glibc/sysroots/x86_64-linux/usr/bin/arm-oe-linux-gnueabi/arm-oe-linux-gnueabi-as   --fatal-warnings -o conftest.o conftest.s >&5
configure:22956: $? = 0
configure:22967: result: yes
configure:23009: checking assembler for COMDAT group support (GNU as)
configure:23023: /jenhome/jenkins/jobs/LE910Cx_Multi_DAILY/workspace/build/apps_proc/poky/build/tmp-glibc/sysroots/x86_64-linux/usr/bin/arm-oe-linux-gnueabi/arm-oe-linux-gnueabi-as   --fatal-warnings -o conftest.o conftest.s >&5
conftest.s: Assembler messages:
conftest.s:1: Error: missing name
configure:23026: $? = 1
configure: failed program was
.section .text,"axG",@progbits,.foo,comdat
configure:23037: result: no
configure:23044: checking assembler for COMDAT group support (GNU as, %type)
configure:23058: /jenhome/jenkins/jobs/LE910Cx_Multi_DAILY/workspace/build/apps_proc/poky/build/tmp-glibc/sysroots/x86_64-linux/usr/bin/arm-oe-linux-gnueabi/arm-oe-linux-gnueabi-as   --fatal-warnings -o conftest.o conftest.s >&5
configure:23061: $? = 0
configure:23072: result: yes
configure:23195: checking assembler for line table discriminator support
configure:23210: /jenhome/jenkins/jobs/LE910Cx_Multi_DAILY/workspace/build/apps_proc/poky/build/tmp-glibc/sysroots/x86_64-linux/usr/bin/arm-oe-linux-gnueabi/arm-oe-linux-gnueabi-as    -o conftest.o conftest.s >&5
configure:23213: $? = 0
configure:23224: result: yes
configure:23692: checking assembler for thread-local storage support
configure:23705: /jenhome/jenkins/jobs/LE910Cx_Multi_DAILY/workspace/build/apps_proc/poky/build/tmp-glibc/sysroots/x86_64-linux/usr/bin/arm-oe-linux-gnueabi/arm-oe-linux-gnueabi-as    -o conftest.o conftest.s >&5
configure:23708: $? = 0
configure:23719: result: yes
configure:23855: checking linker -Bstatic/-Bdynamic option
configure:23907: result: yes
configure:23911: checking linker --demangle support
configure:23929: result: yes
configure:23933: checking linker plugin support
configure:23988: result: 2
configure:26524: checking assembler for dwarf2 debug_line support
configure:26538: /jenhome/jenkins/jobs/LE910Cx_Multi_DAILY/workspace/build/apps_proc/poky/build/tmp-glibc/sysroots/x86_64-linux/usr/bin/arm-oe-linux-gnueabi/arm-oe-linux-gnueabi-as    -o conftest.o conftest.s >&5
configure:26541: $? = 0
configure:26556: result: yes
configure:26564: checking assembler for buggy dwarf2 .file directive
configure:26574: /jenhome/jenkins/jobs/LE910Cx_Multi_DAILY/workspace/build/apps_proc/poky/build/tmp-glibc/sysroots/x86_64-linux/usr/bin/arm-oe-linux-gnueabi/arm-oe-linux-gnueabi-as    -o conftest.o conftest.s >&5
conftest.s: Assembler messages:
conftest.s:2: Error: file number 1 already allocated
configure:26577: $? = 1
configure: failed program was
	.file 1 "foo.s"
	.file 1 "bar.s"
configure:26588: result: no
configure:26599: checking assembler for --gdwarf2 option
configure:26613: /jenhome/jenkins/jobs/LE910Cx_Multi_DAILY/workspace/build/apps_proc/poky/build/tmp-glibc/sysroots/x86_64-linux/usr/bin/arm-oe-linux-gnueabi/arm-oe-linux-gnueabi-as   --gdwarf2 -o conftest.o conftest.s >&5
configure:26616: $? = 0
configure:26627: result: yes
configure:26635: checking assembler for --gstabs option
configure:26649: /jenhome/jenkins/jobs/LE910Cx_Multi_DAILY/workspace/build/apps_proc/poky/build/tmp-glibc/sysroots/x86_64-linux/usr/bin/arm-oe-linux-gnueabi/arm-oe-linux-gnueabi-as   --gstabs -o conftest.o conftest.s >&5
configure:26652: $? = 0
configure:26659: /jenhome/jenkins/jobs/LE910Cx_Multi_DAILY/workspace/build/apps_proc/poky/build/tmp-glibc/sysroots/x86_64-linux/usr/bin/arm-oe-linux-gnueabi/arm-oe-linux-gnueabi-as --gstabs -o conftest.o conftest.s 2>&1 | grep -i warning > /dev/null
configure:26662: $? = 1
configure:26674: result: yes
configure:26682: checking assembler for --debug-prefix-map option
configure:26695: /jenhome/jenkins/jobs/LE910Cx_Multi_DAILY/workspace/build/apps_proc/poky/build/tmp-glibc/sysroots/x86_64-linux/usr/bin/arm-oe-linux-gnueabi/arm-oe-linux-gnueabi-as   --debug-prefix-map /a=/b -o conftest.o conftest.s >&5
configure:26698: $? = 0
configure:26709: result: yes
configure:26718: checking assembler for .lcomm with alignment
configure:26727: /jenhome/jenkins/jobs/LE910Cx_Multi_DAILY/workspace/build/apps_proc/poky/build/tmp-glibc/sysroots/x86_64-linux/usr/bin/arm-oe-linux-gnueabi/arm-oe-linux-gnueabi-as    -o conftest.o conftest.s >&5
conftest.s: Assembler messages:
conftest.s:1: Error: junk at end of line, first unrecognized character is `,'
configure:26730: $? = 1
configure: failed program was
.lcomm bar,4,16
configure:26741: result: no
configure:26776: checking for target glibc version
configure:26800: result: 2.22
configure:26811: checking assembler for gnu_unique_object
configure:26825: /jenhome/jenkins/jobs/LE910Cx_Multi_DAILY/workspace/build/apps_proc/poky/build/tmp-glibc/sysroots/x86_64-linux/usr/bin/arm-oe-linux-gnueabi/arm-oe-linux-gnueabi-as    -o conftest.o conftest.s >&5
configure:26828: $? = 0
configure:26839: result: yes
configure:26859: checking assembler for tolerance to line number 0
configure:26872: /jenhome/jenkins/jobs/LE910Cx_Multi_DAILY/workspace/build/apps_proc/poky/build/tmp-glibc/sysroots/x86_64-linux/usr/bin/arm-oe-linux-gnueabi/arm-oe-linux-gnueabi-as -o conftest.o conftest.s >&5 2>conftest.out
configure:26875: $? = 0
configure:26889: result: yes
configure:26897: checking linker PT_GNU_EH_FRAME support
configure:26928: result: yes
configure:26931: checking linker CIEv3 in .eh_frame support
configure:26968: result: yes
configure:26971: checking linker position independent executable support
configure:26990: result: yes
configure:26993: checking linker EH-compatible garbage collection of sections
configure:27073: result: no
configure:27076: checking linker EH garbage collection of sections bug
configure:27120: result: no
configure:27127: checking linker --as-needed support
configure:27174: result: yes
configure:27192: checking linker mapfile support for clearing hardware capabilities
configure:27201: gcc  -o conftest -isystem/jenhome/jenkins/jobs/LE910Cx_Multi_DAILY/workspace/build/apps_proc/poky/build/tmp-glibc/sysroots/x86_64-linux/usr/include -pipe   -static-libstdc++ -static-libgcc -L/jenhome/jenkins/jobs/LE910Cx_Multi_DAILY/workspace/build/apps_proc/poky/build/tmp-glibc/sysroots/x86_64-linux/usr/lib -L/jenhome/jenkins/jobs/LE910Cx_Multi_DAILY/workspace/build/apps_proc/poky/build/tmp-glibc/sysroots/x86_64-linux/lib -Wl,-rpath-link,/jenhome/jenkins/jobs/LE910Cx_Multi_DAILY/workspace/build/apps_proc/poky/build/tmp-glibc/sysroots/x86_64-linux/usr/lib -Wl,-rpath-link,/jenhome/jenkins/jobs/LE910Cx_Multi_DAILY/workspace/build/apps_proc/poky/build/tmp-glibc/sysroots/x86_64-linux/lib -Wl,-rpath,/jenhome/jenkins/jobs/LE910Cx_Multi_DAILY/workspace/build/apps_proc/poky/build/tmp-glibc/sysroots/x86_64-linux/usr/lib -Wl,-rpath,/jenhome/jenkins/jobs/LE910Cx_Multi_DAILY/workspace/build/apps_proc/poky/build/tmp-glibc/sysroots/x86_64-linux/lib -Wl,-O1 -Wl,-M,/jenhome/jenkins/jobs/LE910Cx_Multi_DAILY/workspace/build/apps_proc/poky/build/tmp-glibc/work-shared/gcc-4.9.3-r0/gcc-4.9.3/gcc/config/sol2-clearcapv2.map conftest.c  >&5
/jenhome/jenkins/jobs/LE910Cx_Multi_DAILY/workspace/build/apps_proc/poky/build/tmp-glibc/work-shared/gcc-4.9.3-r0/gcc-4.9.3/gcc/config/sol2-clearcapv2.map: file not recognized: File format not recognized
collect2: error: ld returned 1 exit status
configure:27201: $? = 1
configure: failed program was:
| /* confdefs.h */
| #define PACKAGE_NAME ""
| #define PACKAGE_TARNAME ""
| #define PACKAGE_VERSION ""
| #define PACKAGE_STRING ""
| #define PACKAGE_BUGREPORT ""
| #define PACKAGE_URL ""
| #define STDC_HEADERS 1
| #define HAVE_SYS_TYPES_H 1
| #define HAVE_SYS_STAT_H 1
| #define HAVE_STDLIB_H 1
| #define HAVE_STRING_H 1
| #define HAVE_MEMORY_H 1
| #define HAVE_STRINGS_H 1
| #define HAVE_INTTYPES_H 1
| #define HAVE_STDINT_H 1
| #define HAVE_UNISTD_H 1
| #define __EXTENSIONS__ 1
| #define _ALL_SOURCE 1
| #define _GNU_SOURCE 1
| #define _POSIX_PTHREAD_SEMANTICS 1
| #define _TANDEM_SOURCE 1
| #define SIZEOF_VOID_P 8
| #define SIZEOF_SHORT 2
| #define SIZEOF_INT 4
| #define SIZEOF_LONG 8
| #define HAVE_LONG_LONG 1
| #define SIZEOF_LONG_LONG 8
| #define HAVE_LONG_LONG_INT 1
| #define HAVE_INTMAX_T 1
| #define HAVE_INTPTR_T 1
| #define HAVE_UNSIGNED_LONG_LONG_INT 1
| #define HAVE_UINTMAX_T 1
| #define HAVE_UINTPTR_T 1
| #define ENABLE_ASSERT_CHECKING 1
| #define ENABLE_RUNTIME_CHECKING 1
| #define GATHER_STATISTICS 0
| #define ENABLE_DECIMAL_FLOAT 0
| #define ENABLE_DECIMAL_BID_FORMAT 0
| #define ENABLE_FIXED_POINT 1
| #define STDC_HEADERS 1
| #define TIME_WITH_SYS_TIME 1
| #define STRING_WITH_STRINGS 1
| #define HAVE_SYS_WAIT_H 1
| #define GWINSZ_IN_SYS_IOCTL 1
| #define HAVE_LIMITS_H 1
| #define HAVE_STDDEF_H 1
| #define HAVE_STRING_H 1
| #define HAVE_STRINGS_H 1
| #define HAVE_STDLIB_H 1
| #define HAVE_TIME_H 1
| #define HAVE_ICONV_H 1
| #define HAVE_FCNTL_H 1
| #define HAVE_UNISTD_H 1
| #define HAVE_SYS_FILE_H 1
| #define HAVE_SYS_TIME_H 1
| #define HAVE_SYS_MMAN_H 1
| #define HAVE_SYS_RESOURCE_H 1
| #define HAVE_SYS_PARAM_H 1
| #define HAVE_SYS_TIMES_H 1
| #define HAVE_SYS_STAT_H 1
| #define HAVE_MALLOC_H 1
| #define HAVE_LANGINFO_H 1
| #define HAVE_LOCALE_H 1
| #define HAVE_WCHAR_H 1
| #define HAVE_TR1_UNORDERED_MAP 1
| #define HAVE_EXT_HASH_MAP 1
| #define HAVE_INTTYPES_H 1
| #define HAVE_TIMES 1
| #define HAVE_CLOCK 1
| #define HAVE_KILL 1
| #define HAVE_GETRLIMIT 1
| #define HAVE_SETRLIMIT 1
| #define HAVE_ATOLL 1
| #define HAVE_SYSCONF 1
| #define HAVE_STRSIGNAL 1
| #define HAVE_GETRUSAGE 1
| #define HAVE_NL_LANGINFO 1
| #define HAVE_GETTIMEOFDAY 1
| #define HAVE_MBSTOWCS 1
| #define HAVE_WCSWIDTH 1
| #define HAVE_MMAP 1
| #define HAVE_SETLOCALE 1
| #define HAVE_CLEARERR_UNLOCKED 1
| #define HAVE_FEOF_UNLOCKED 1
| #define HAVE_FERROR_UNLOCKED 1
| #define HAVE_FFLUSH_UNLOCKED 1
| #define HAVE_FGETC_UNLOCKED 1
| #define HAVE_FGETS_UNLOCKED 1
| #define HAVE_FILENO_UNLOCKED 1
| #define HAVE_FPUTC_UNLOCKED 1
| #define HAVE_FPUTS_UNLOCKED 1
| #define HAVE_FREAD_UNLOCKED 1
| #define HAVE_FWRITE_UNLOCKED 1
| #define HAVE_GETCHAR_UNLOCKED 1
| #define HAVE_GETC_UNLOCKED 1
| #define HAVE_PUTCHAR_UNLOCKED 1
| #define HAVE_PUTC_UNLOCKED 1
| #define HAVE_MADVISE 1
| #define HAVE_WORKING_MBSTOWCS 1
| #define HAVE_MMAP_FILE 1
| #define HAVE_MMAP_DEV_ZERO 1
| #define HAVE_MMAP_ANON 1
| #define HAVE_FORK 1
| #define HAVE_VFORK 1
| #define HAVE_WORKING_VFORK 1
| #define HAVE_WORKING_FORK 1
| #define HAVE_ICONV 1
| #define ICONV_CONST 
| #define HAVE_LC_MESSAGES 1
| #define HAVE_LANGINFO_CODESET 1
| #define HAVE_DECL_GETENV 1
| #define HAVE_DECL_ATOL 1
| #define HAVE_DECL_ASPRINTF 1
| #define HAVE_DECL_SBRK 1
| #define HAVE_DECL_ABORT 1
| #define HAVE_DECL_ATOF 1
| #define HAVE_DECL_GETCWD 1
| #define HAVE_DECL_GETWD 1
| #define HAVE_DECL_STRSIGNAL 1
| #define HAVE_DECL_STRSTR 1
| #define HAVE_DECL_STPCPY 1
| #define HAVE_DECL_STRVERSCMP 1
| #define HAVE_DECL_ERRNO 1
| #define HAVE_DECL_SNPRINTF 1
| #define HAVE_DECL_VSNPRINTF 1
| #define HAVE_DECL_VASPRINTF 1
| #define HAVE_DECL_MALLOC 1
| #define HAVE_DECL_REALLOC 1
| #define HAVE_DECL_CALLOC 1
| #define HAVE_DECL_FREE 1
| #define HAVE_DECL_BASENAME 1
| #define HAVE_DECL_GETOPT 0
| #define HAVE_DECL_CLOCK 1
| #define HAVE_DECL_GETPAGESIZE 1
| #define HAVE_DECL_FFS 1
| #define HAVE_DECL_CLEARERR_UNLOCKED 1
| #define HAVE_DECL_FEOF_UNLOCKED 1
| #define HAVE_DECL_FERROR_UNLOCKED 1
| #define HAVE_DECL_FFLUSH_UNLOCKED 1
| #define HAVE_DECL_FGETC_UNLOCKED 1
| #define HAVE_DECL_FGETS_UNLOCKED 1
| #define HAVE_DECL_FILENO_UNLOCKED 1
| #define HAVE_DECL_FPRINTF_UNLOCKED 0
| #define HAVE_DECL_FPUTC_UNLOCKED 1
| #define HAVE_DECL_FPUTS_UNLOCKED 1
| #define HAVE_DECL_FREAD_UNLOCKED 1
| #define HAVE_DECL_FWRITE_UNLOCKED 1
| #define HAVE_DECL_GETCHAR_UNLOCKED 1
| #define HAVE_DECL_GETC_UNLOCKED 1
| #define HAVE_DECL_PUTCHAR_UNLOCKED 1
| #define HAVE_DECL_PUTC_UNLOCKED 1
| #define HAVE_DECL_GETRLIMIT 1
| #define HAVE_DECL_SETRLIMIT 1
| #define HAVE_DECL_GETRUSAGE 1
| #define HAVE_DECL_LDGETNAME 0
| #define HAVE_DECL_TIMES 1
| #define HAVE_DECL_SIGALTSTACK 1
| #define HAVE_DECL_MADVISE 1
| #define HAVE_STRUCT_TMS 1
| #define HAVE_CLOCK_T 1
| #define HOST_HAS_F_SETLKW 1
| #define NEED_64BIT_HOST_WIDE_INT 1
| #define HAVE_GNU_LD 1
| #define HAVE_GNU_AS 1
| #define DEFAULT_USE_CXA_ATEXIT 2
| #define EXTRA_MODES_FILE "config/arm/arm-modes.def"
| #define LTOPLUGINSONAME "liblto_plugin.so"
| #define HAVE_DLFCN_H 1
| #define LT_OBJDIR ".libs/"
| #define PLUGIN_LD_SUFFIX "ld"
| #define HAVE_GAS_BALIGN_AND_P2ALIGN 1
| #define HAVE_GAS_MAX_SKIP_P2ALIGN 1
| #define HAVE_GAS_SUBSECTION_ORDERING 1
| #define HAVE_GAS_WEAK 1
| #define HAVE_GAS_WEAKREF 1
| #define HAVE_GNU_INDIRECT_FUNCTION 0
| #define HAVE_GAS_HIDDEN 1
| #define HAVE_LD_RO_RW_SECTION_MIXING 1
| #define HAVE_AS_LEB128 1
| #define HAVE_GAS_CFI_DIRECTIVE 1
| #define HAVE_GAS_CFI_PERSONALITY_DIRECTIVE 1
| #define HAVE_GAS_CFI_SECTIONS_DIRECTIVE 1
| #define HAVE_GAS_SHF_MERGE 1
| #define HAVE_COMDAT_GROUP 1
| #define HAVE_GAS_DISCRIMINATOR 1
| #define HAVE_AS_TLS 1
| #define HAVE_LD_STATIC_DYNAMIC 1
| #define LD_STATIC_OPTION "-Bstatic"
| #define LD_DYNAMIC_OPTION "-Bdynamic"
| #define HAVE_LD_DEMANGLE 1
| #define HAVE_LTO_PLUGIN 2
| #define HAVE_AS_DWARF2_DEBUG_LINE 1
| #define HAVE_AS_GDWARF2_DEBUG_FLAG 1
| #define HAVE_AS_GSTABS_DEBUG_FLAG 1
| #define HAVE_AS_DEBUG_PREFIX_MAP 1
| #define HAVE_GAS_GNU_UNIQUE_OBJECT 1
| #define HAVE_AS_LINE_ZERO 1
| #define HAVE_LD_EH_FRAME_HDR 1
| #define HAVE_LD_EH_FRAME_CIEV3 1
| #define HAVE_LD_PIE 1
| #define HAVE_LD_AS_NEEDED 1
| #define LD_AS_NEEDED_OPTION "--as-needed"
| #define LD_NO_AS_NEEDED_OPTION "--no-as-needed"
| /* end confdefs.h.  */
| int main(void) {return 0;}
configure:27201: gcc  -o conftest -isystem/jenhome/jenkins/jobs/LE910Cx_Multi_DAILY/workspace/build/apps_proc/poky/build/tmp-glibc/sysroots/x86_64-linux/usr/include -pipe   -static-libstdc++ -static-libgcc -L/jenhome/jenkins/jobs/LE910Cx_Multi_DAILY/workspace/build/apps_proc/poky/build/tmp-glibc/sysroots/x86_64-linux/usr/lib -L/jenhome/jenkins/jobs/LE910Cx_Multi_DAILY/workspace/build/apps_proc/poky/build/tmp-glibc/sysroots/x86_64-linux/lib -Wl,-rpath-link,/jenhome/jenkins/jobs/LE910Cx_Multi_DAILY/workspace/build/apps_proc/poky/build/tmp-glibc/sysroots/x86_64-linux/usr/lib -Wl,-rpath-link,/jenhome/jenkins/jobs/LE910Cx_Multi_DAILY/workspace/build/apps_proc/poky/build/tmp-glibc/sysroots/x86_64-linux/lib -Wl,-rpath,/jenhome/jenkins/jobs/LE910Cx_Multi_DAILY/workspace/build/apps_proc/poky/build/tmp-glibc/sysroots/x86_64-linux/usr/lib -Wl,-rpath,/jenhome/jenkins/jobs/LE910Cx_Multi_DAILY/workspace/build/apps_proc/poky/build/tmp-glibc/sysroots/x86_64-linux/lib -Wl,-O1 -Wl,-M,/jenhome/jenkins/jobs/LE910Cx_Multi_DAILY/workspace/build/apps_proc/poky/build/tmp-glibc/work-shared/gcc-4.9.3-r0/gcc-4.9.3/gcc/config/sol2-clearcap.map conftest.c  >&5
/jenhome/jenkins/jobs/LE910Cx_Multi_DAILY/workspace/build/apps_proc/poky/build/tmp-glibc/work-shared/gcc-4.9.3-r0/gcc-4.9.3/gcc/config/sol2-clearcap.map: file not recognized: File format not recognized
collect2: error: ld returned 1 exit status
configure:27201: $? = 1
configure: failed program was:
| /* confdefs.h */
| #define PACKAGE_NAME ""
| #define PACKAGE_TARNAME ""
| #define PACKAGE_VERSION ""
| #define PACKAGE_STRING ""
| #define PACKAGE_BUGREPORT ""
| #define PACKAGE_URL ""
| #define STDC_HEADERS 1
| #define HAVE_SYS_TYPES_H 1
| #define HAVE_SYS_STAT_H 1
| #define HAVE_STDLIB_H 1
| #define HAVE_STRING_H 1
| #define HAVE_MEMORY_H 1
| #define HAVE_STRINGS_H 1
| #define HAVE_INTTYPES_H 1
| #define HAVE_STDINT_H 1
| #define HAVE_UNISTD_H 1
| #define __EXTENSIONS__ 1
| #define _ALL_SOURCE 1
| #define _GNU_SOURCE 1
| #define _POSIX_PTHREAD_SEMANTICS 1
| #define _TANDEM_SOURCE 1
| #define SIZEOF_VOID_P 8
| #define SIZEOF_SHORT 2
| #define SIZEOF_INT 4
| #define SIZEOF_LONG 8
| #define HAVE_LONG_LONG 1
| #define SIZEOF_LONG_LONG 8
| #define HAVE_LONG_LONG_INT 1
| #define HAVE_INTMAX_T 1
| #define HAVE_INTPTR_T 1
| #define HAVE_UNSIGNED_LONG_LONG_INT 1
| #define HAVE_UINTMAX_T 1
| #define HAVE_UINTPTR_T 1
| #define ENABLE_ASSERT_CHECKING 1
| #define ENABLE_RUNTIME_CHECKING 1
| #define GATHER_STATISTICS 0
| #define ENABLE_DECIMAL_FLOAT 0
| #define ENABLE_DECIMAL_BID_FORMAT 0
| #define ENABLE_FIXED_POINT 1
| #define STDC_HEADERS 1
| #define TIME_WITH_SYS_TIME 1
| #define STRING_WITH_STRINGS 1
| #define HAVE_SYS_WAIT_H 1
| #define GWINSZ_IN_SYS_IOCTL 1
| #define HAVE_LIMITS_H 1
| #define HAVE_STDDEF_H 1
| #define HAVE_STRING_H 1
| #define HAVE_STRINGS_H 1
| #define HAVE_STDLIB_H 1
| #define HAVE_TIME_H 1
| #define HAVE_ICONV_H 1
| #define HAVE_FCNTL_H 1
| #define HAVE_UNISTD_H 1
| #define HAVE_SYS_FILE_H 1
| #define HAVE_SYS_TIME_H 1
| #define HAVE_SYS_MMAN_H 1
| #define HAVE_SYS_RESOURCE_H 1
| #define HAVE_SYS_PARAM_H 1
| #define HAVE_SYS_TIMES_H 1
| #define HAVE_SYS_STAT_H 1
| #define HAVE_MALLOC_H 1
| #define HAVE_LANGINFO_H 1
| #define HAVE_LOCALE_H 1
| #define HAVE_WCHAR_H 1
| #define HAVE_TR1_UNORDERED_MAP 1
| #define HAVE_EXT_HASH_MAP 1
| #define HAVE_INTTYPES_H 1
| #define HAVE_TIMES 1
| #define HAVE_CLOCK 1
| #define HAVE_KILL 1
| #define HAVE_GETRLIMIT 1
| #define HAVE_SETRLIMIT 1
| #define HAVE_ATOLL 1
| #define HAVE_SYSCONF 1
| #define HAVE_STRSIGNAL 1
| #define HAVE_GETRUSAGE 1
| #define HAVE_NL_LANGINFO 1
| #define HAVE_GETTIMEOFDAY 1
| #define HAVE_MBSTOWCS 1
| #define HAVE_WCSWIDTH 1
| #define HAVE_MMAP 1
| #define HAVE_SETLOCALE 1
| #define HAVE_CLEARERR_UNLOCKED 1
| #define HAVE_FEOF_UNLOCKED 1
| #define HAVE_FERROR_UNLOCKED 1
| #define HAVE_FFLUSH_UNLOCKED 1
| #define HAVE_FGETC_UNLOCKED 1
| #define HAVE_FGETS_UNLOCKED 1
| #define HAVE_FILENO_UNLOCKED 1
| #define HAVE_FPUTC_UNLOCKED 1
| #define HAVE_FPUTS_UNLOCKED 1
| #define HAVE_FREAD_UNLOCKED 1
| #define HAVE_FWRITE_UNLOCKED 1
| #define HAVE_GETCHAR_UNLOCKED 1
| #define HAVE_GETC_UNLOCKED 1
| #define HAVE_PUTCHAR_UNLOCKED 1
| #define HAVE_PUTC_UNLOCKED 1
| #define HAVE_MADVISE 1
| #define HAVE_WORKING_MBSTOWCS 1
| #define HAVE_MMAP_FILE 1
| #define HAVE_MMAP_DEV_ZERO 1
| #define HAVE_MMAP_ANON 1
| #define HAVE_FORK 1
| #define HAVE_VFORK 1
| #define HAVE_WORKING_VFORK 1
| #define HAVE_WORKING_FORK 1
| #define HAVE_ICONV 1
| #define ICONV_CONST 
| #define HAVE_LC_MESSAGES 1
| #define HAVE_LANGINFO_CODESET 1
| #define HAVE_DECL_GETENV 1
| #define HAVE_DECL_ATOL 1
| #define HAVE_DECL_ASPRINTF 1
| #define HAVE_DECL_SBRK 1
| #define HAVE_DECL_ABORT 1
| #define HAVE_DECL_ATOF 1
| #define HAVE_DECL_GETCWD 1
| #define HAVE_DECL_GETWD 1
| #define HAVE_DECL_STRSIGNAL 1
| #define HAVE_DECL_STRSTR 1
| #define HAVE_DECL_STPCPY 1
| #define HAVE_DECL_STRVERSCMP 1
| #define HAVE_DECL_ERRNO 1
| #define HAVE_DECL_SNPRINTF 1
| #define HAVE_DECL_VSNPRINTF 1
| #define HAVE_DECL_VASPRINTF 1
| #define HAVE_DECL_MALLOC 1
| #define HAVE_DECL_REALLOC 1
| #define HAVE_DECL_CALLOC 1
| #define HAVE_DECL_FREE 1
| #define HAVE_DECL_BASENAME 1
| #define HAVE_DECL_GETOPT 0
| #define HAVE_DECL_CLOCK 1
| #define HAVE_DECL_GETPAGESIZE 1
| #define HAVE_DECL_FFS 1
| #define HAVE_DECL_CLEARERR_UNLOCKED 1
| #define HAVE_DECL_FEOF_UNLOCKED 1
| #define HAVE_DECL_FERROR_UNLOCKED 1
| #define HAVE_DECL_FFLUSH_UNLOCKED 1
| #define HAVE_DECL_FGETC_UNLOCKED 1
| #define HAVE_DECL_FGETS_UNLOCKED 1
| #define HAVE_DECL_FILENO_UNLOCKED 1
| #define HAVE_DECL_FPRINTF_UNLOCKED 0
| #define HAVE_DECL_FPUTC_UNLOCKED 1
| #define HAVE_DECL_FPUTS_UNLOCKED 1
| #define HAVE_DECL_FREAD_UNLOCKED 1
| #define HAVE_DECL_FWRITE_UNLOCKED 1
| #define HAVE_DECL_GETCHAR_UNLOCKED 1
| #define HAVE_DECL_GETC_UNLOCKED 1
| #define HAVE_DECL_PUTCHAR_UNLOCKED 1
| #define HAVE_DECL_PUTC_UNLOCKED 1
| #define HAVE_DECL_GETRLIMIT 1
| #define HAVE_DECL_SETRLIMIT 1
| #define HAVE_DECL_GETRUSAGE 1
| #define HAVE_DECL_LDGETNAME 0
| #define HAVE_DECL_TIMES 1
| #define HAVE_DECL_SIGALTSTACK 1
| #define HAVE_DECL_MADVISE 1
| #define HAVE_STRUCT_TMS 1
| #define HAVE_CLOCK_T 1
| #define HOST_HAS_F_SETLKW 1
| #define NEED_64BIT_HOST_WIDE_INT 1
| #define HAVE_GNU_LD 1
| #define HAVE_GNU_AS 1
| #define DEFAULT_USE_CXA_ATEXIT 2
| #define EXTRA_MODES_FILE "config/arm/arm-modes.def"
| #define LTOPLUGINSONAME "liblto_plugin.so"
| #define HAVE_DLFCN_H 1
| #define LT_OBJDIR ".libs/"
| #define PLUGIN_LD_SUFFIX "ld"
| #define HAVE_GAS_BALIGN_AND_P2ALIGN 1
| #define HAVE_GAS_MAX_SKIP_P2ALIGN 1
| #define HAVE_GAS_SUBSECTION_ORDERING 1
| #define HAVE_GAS_WEAK 1
| #define HAVE_GAS_WEAKREF 1
| #define HAVE_GNU_INDIRECT_FUNCTION 0
| #define HAVE_GAS_HIDDEN 1
| #define HAVE_LD_RO_RW_SECTION_MIXING 1
| #define HAVE_AS_LEB128 1
| #define HAVE_GAS_CFI_DIRECTIVE 1
| #define HAVE_GAS_CFI_PERSONALITY_DIRECTIVE 1
| #define HAVE_GAS_CFI_SECTIONS_DIRECTIVE 1
| #define HAVE_GAS_SHF_MERGE 1
| #define HAVE_COMDAT_GROUP 1
| #define HAVE_GAS_DISCRIMINATOR 1
| #define HAVE_AS_TLS 1
| #define HAVE_LD_STATIC_DYNAMIC 1
| #define LD_STATIC_OPTION "-Bstatic"
| #define LD_DYNAMIC_OPTION "-Bdynamic"
| #define HAVE_LD_DEMANGLE 1
| #define HAVE_LTO_PLUGIN 2
| #define HAVE_AS_DWARF2_DEBUG_LINE 1
| #define HAVE_AS_GDWARF2_DEBUG_FLAG 1
| #define HAVE_AS_GSTABS_DEBUG_FLAG 1
| #define HAVE_AS_DEBUG_PREFIX_MAP 1
| #define HAVE_GAS_GNU_UNIQUE_OBJECT 1
| #define HAVE_AS_LINE_ZERO 1
| #define HAVE_LD_EH_FRAME_HDR 1
| #define HAVE_LD_EH_FRAME_CIEV3 1
| #define HAVE_LD_PIE 1
| #define HAVE_LD_AS_NEEDED 1
| #define LD_AS_NEEDED_OPTION "--as-needed"
| #define LD_NO_AS_NEEDED_OPTION "--no-as-needed"
| /* end confdefs.h.  */
| int main(void) {return 0;}
configure:27217: result: no
configure:27356: checking linker --build-id support
configure:27375: result: yes
configure:27404: checking linker *_sol2 emulation support
configure:27424: result: no
configure:27432: checking linker --sysroot support
configure:27448: result: yes
configure:27457: checking __stack_chk_fail in target C library
configure:27509: result: yes
configure:27520: checking sys/sdt.h in the target C library
configure:27529: result: no
configure:27567: checking dl_iterate_phdr in target C library
configure:27592: result: unknown
configure:27626: checking whether to enable maintainer-specific portions of Makefiles
configure:27636: result: no
configure:27646: checking whether to avoid linking multiple front-ends at once
configure:27655: result: no
configure:28048: checking for exported symbols
configure:28058: result: yes
configure:28060: checking for -rdynamic
configure:28070: result: yes
configure:28080: checking for library containing dlopen
configure:28111: gcc  -o conftest -isystem/jenhome/jenkins/jobs/LE910Cx_Multi_DAILY/workspace/build/apps_proc/poky/build/tmp-glibc/sysroots/x86_64-linux/usr/include -pipe   -static-libstdc++ -static-libgcc -L/jenhome/jenkins/jobs/LE910Cx_Multi_DAILY/workspace/build/apps_proc/poky/build/tmp-glibc/sysroots/x86_64-linux/usr/lib -L/jenhome/jenkins/jobs/LE910Cx_Multi_DAILY/workspace/build/apps_proc/poky/build/tmp-glibc/sysroots/x86_64-linux/lib -Wl,-rpath-link,/jenhome/jenkins/jobs/LE910Cx_Multi_DAILY/workspace/build/apps_proc/poky/build/tmp-glibc/sysroots/x86_64-linux/usr/lib -Wl,-rpath-link,/jenhome/jenkins/jobs/LE910Cx_Multi_DAILY/workspace/build/apps_proc/poky/build/tmp-glibc/sysroots/x86_64-linux/lib -Wl,-rpath,/jenhome/jenkins/jobs/LE910Cx_Multi_DAILY/workspace/build/apps_proc/poky/build/tmp-glibc/sysroots/x86_64-linux/usr/lib -Wl,-rpath,/jenhome/jenkins/jobs/LE910Cx_Multi_DAILY/workspace/build/apps_proc/poky/build/tmp-glibc/sysroots/x86_64-linux/lib -Wl,-O1 conftest.c  >&5
/tmp/ccMwOqcN.o: In function `main':
conftest.c:(.text+0xa): undefined reference to `dlopen'
collect2: error: ld returned 1 exit status
configure:28111: $? = 1
configure: failed program was:
| /* confdefs.h */
| #define PACKAGE_NAME ""
| #define PACKAGE_TARNAME ""
| #define PACKAGE_VERSION ""
| #define PACKAGE_STRING ""
| #define PACKAGE_BUGREPORT ""
| #define PACKAGE_URL ""
| #define STDC_HEADERS 1
| #define HAVE_SYS_TYPES_H 1
| #define HAVE_SYS_STAT_H 1
| #define HAVE_STDLIB_H 1
| #define HAVE_STRING_H 1
| #define HAVE_MEMORY_H 1
| #define HAVE_STRINGS_H 1
| #define HAVE_INTTYPES_H 1
| #define HAVE_STDINT_H 1
| #define HAVE_UNISTD_H 1
| #define __EXTENSIONS__ 1
| #define _ALL_SOURCE 1
| #define _GNU_SOURCE 1
| #define _POSIX_PTHREAD_SEMANTICS 1
| #define _TANDEM_SOURCE 1
| #define SIZEOF_VOID_P 8
| #define SIZEOF_SHORT 2
| #define SIZEOF_INT 4
| #define SIZEOF_LONG 8
| #define HAVE_LONG_LONG 1
| #define SIZEOF_LONG_LONG 8
| #define HAVE_LONG_LONG_INT 1
| #define HAVE_INTMAX_T 1
| #define HAVE_INTPTR_T 1
| #define HAVE_UNSIGNED_LONG_LONG_INT 1
| #define HAVE_UINTMAX_T 1
| #define HAVE_UINTPTR_T 1
| #define ENABLE_ASSERT_CHECKING 1
| #define ENABLE_RUNTIME_CHECKING 1
| #define GATHER_STATISTICS 0
| #define ENABLE_DECIMAL_FLOAT 0
| #define ENABLE_DECIMAL_BID_FORMAT 0
| #define ENABLE_FIXED_POINT 1
| #define STDC_HEADERS 1
| #define TIME_WITH_SYS_TIME 1
| #define STRING_WITH_STRINGS 1
| #define HAVE_SYS_WAIT_H 1
| #define GWINSZ_IN_SYS_IOCTL 1
| #define HAVE_LIMITS_H 1
| #define HAVE_STDDEF_H 1
| #define HAVE_STRING_H 1
| #define HAVE_STRINGS_H 1
| #define HAVE_STDLIB_H 1
| #define HAVE_TIME_H 1
| #define HAVE_ICONV_H 1
| #define HAVE_FCNTL_H 1
| #define HAVE_UNISTD_H 1
| #define HAVE_SYS_FILE_H 1
| #define HAVE_SYS_TIME_H 1
| #define HAVE_SYS_MMAN_H 1
| #define HAVE_SYS_RESOURCE_H 1
| #define HAVE_SYS_PARAM_H 1
| #define HAVE_SYS_TIMES_H 1
| #define HAVE_SYS_STAT_H 1
| #define HAVE_MALLOC_H 1
| #define HAVE_LANGINFO_H 1
| #define HAVE_LOCALE_H 1
| #define HAVE_WCHAR_H 1
| #define HAVE_TR1_UNORDERED_MAP 1
| #define HAVE_EXT_HASH_MAP 1
| #define HAVE_INTTYPES_H 1
| #define HAVE_TIMES 1
| #define HAVE_CLOCK 1
| #define HAVE_KILL 1
| #define HAVE_GETRLIMIT 1
| #define HAVE_SETRLIMIT 1
| #define HAVE_ATOLL 1
| #define HAVE_SYSCONF 1
| #define HAVE_STRSIGNAL 1
| #define HAVE_GETRUSAGE 1
| #define HAVE_NL_LANGINFO 1
| #define HAVE_GETTIMEOFDAY 1
| #define HAVE_MBSTOWCS 1
| #define HAVE_WCSWIDTH 1
| #define HAVE_MMAP 1
| #define HAVE_SETLOCALE 1
| #define HAVE_CLEARERR_UNLOCKED 1
| #define HAVE_FEOF_UNLOCKED 1
| #define HAVE_FERROR_UNLOCKED 1
| #define HAVE_FFLUSH_UNLOCKED 1
| #define HAVE_FGETC_UNLOCKED 1
| #define HAVE_FGETS_UNLOCKED 1
| #define HAVE_FILENO_UNLOCKED 1
| #define HAVE_FPUTC_UNLOCKED 1
| #define HAVE_FPUTS_UNLOCKED 1
| #define HAVE_FREAD_UNLOCKED 1
| #define HAVE_FWRITE_UNLOCKED 1
| #define HAVE_GETCHAR_UNLOCKED 1
| #define HAVE_GETC_UNLOCKED 1
| #define HAVE_PUTCHAR_UNLOCKED 1
| #define HAVE_PUTC_UNLOCKED 1
| #define HAVE_MADVISE 1
| #define HAVE_WORKING_MBSTOWCS 1
| #define HAVE_MMAP_FILE 1
| #define HAVE_MMAP_DEV_ZERO 1
| #define HAVE_MMAP_ANON 1
| #define HAVE_FORK 1
| #define HAVE_VFORK 1
| #define HAVE_WORKING_VFORK 1
| #define HAVE_WORKING_FORK 1
| #define HAVE_ICONV 1
| #define ICONV_CONST 
| #define HAVE_LC_MESSAGES 1
| #define HAVE_LANGINFO_CODESET 1
| #define HAVE_DECL_GETENV 1
| #define HAVE_DECL_ATOL 1
| #define HAVE_DECL_ASPRINTF 1
| #define HAVE_DECL_SBRK 1
| #define HAVE_DECL_ABORT 1
| #define HAVE_DECL_ATOF 1
| #define HAVE_DECL_GETCWD 1
| #define HAVE_DECL_GETWD 1
| #define HAVE_DECL_STRSIGNAL 1
| #define HAVE_DECL_STRSTR 1
| #define HAVE_DECL_STPCPY 1
| #define HAVE_DECL_STRVERSCMP 1
| #define HAVE_DECL_ERRNO 1
| #define HAVE_DECL_SNPRINTF 1
| #define HAVE_DECL_VSNPRINTF 1
| #define HAVE_DECL_VASPRINTF 1
| #define HAVE_DECL_MALLOC 1
| #define HAVE_DECL_REALLOC 1
| #define HAVE_DECL_CALLOC 1
| #define HAVE_DECL_FREE 1
| #define HAVE_DECL_BASENAME 1
| #define HAVE_DECL_GETOPT 0
| #define HAVE_DECL_CLOCK 1
| #define HAVE_DECL_GETPAGESIZE 1
| #define HAVE_DECL_FFS 1
| #define HAVE_DECL_CLEARERR_UNLOCKED 1
| #define HAVE_DECL_FEOF_UNLOCKED 1
| #define HAVE_DECL_FERROR_UNLOCKED 1
| #define HAVE_DECL_FFLUSH_UNLOCKED 1
| #define HAVE_DECL_FGETC_UNLOCKED 1
| #define HAVE_DECL_FGETS_UNLOCKED 1
| #define HAVE_DECL_FILENO_UNLOCKED 1
| #define HAVE_DECL_FPRINTF_UNLOCKED 0
| #define HAVE_DECL_FPUTC_UNLOCKED 1
| #define HAVE_DECL_FPUTS_UNLOCKED 1
| #define HAVE_DECL_FREAD_UNLOCKED 1
| #define HAVE_DECL_FWRITE_UNLOCKED 1
| #define HAVE_DECL_GETCHAR_UNLOCKED 1
| #define HAVE_DECL_GETC_UNLOCKED 1
| #define HAVE_DECL_PUTCHAR_UNLOCKED 1
| #define HAVE_DECL_PUTC_UNLOCKED 1
| #define HAVE_DECL_GETRLIMIT 1
| #define HAVE_DECL_SETRLIMIT 1
| #define HAVE_DECL_GETRUSAGE 1
| #define HAVE_DECL_LDGETNAME 0
| #define HAVE_DECL_TIMES 1
| #define HAVE_DECL_SIGALTSTACK 1
| #define HAVE_DECL_MADVISE 1
| #define HAVE_STRUCT_TMS 1
| #define HAVE_CLOCK_T 1
| #define HOST_HAS_F_SETLKW 1
| #define NEED_64BIT_HOST_WIDE_INT 1
| #define HAVE_GNU_LD 1
| #define HAVE_GNU_AS 1
| #define DEFAULT_USE_CXA_ATEXIT 2
| #define EXTRA_MODES_FILE "config/arm/arm-modes.def"
| #define LTOPLUGINSONAME "liblto_plugin.so"
| #define HAVE_DLFCN_H 1
| #define LT_OBJDIR ".libs/"
| #define PLUGIN_LD_SUFFIX "ld"
| #define HAVE_GAS_BALIGN_AND_P2ALIGN 1
| #define HAVE_GAS_MAX_SKIP_P2ALIGN 1
| #define HAVE_GAS_SUBSECTION_ORDERING 1
| #define HAVE_GAS_WEAK 1
| #define HAVE_GAS_WEAKREF 1
| #define HAVE_GNU_INDIRECT_FUNCTION 0
| #define HAVE_GAS_HIDDEN 1
| #define HAVE_LD_RO_RW_SECTION_MIXING 1
| #define HAVE_AS_LEB128 1
| #define HAVE_GAS_CFI_DIRECTIVE 1
| #define HAVE_GAS_CFI_PERSONALITY_DIRECTIVE 1
| #define HAVE_GAS_CFI_SECTIONS_DIRECTIVE 1
| #define HAVE_GAS_SHF_MERGE 1
| #define HAVE_COMDAT_GROUP 1
| #define HAVE_GAS_DISCRIMINATOR 1
| #define HAVE_AS_TLS 1
| #define HAVE_LD_STATIC_DYNAMIC 1
| #define LD_STATIC_OPTION "-Bstatic"
| #define LD_DYNAMIC_OPTION "-Bdynamic"
| #define HAVE_LD_DEMANGLE 1
| #define HAVE_LTO_PLUGIN 2
| #define HAVE_AS_DWARF2_DEBUG_LINE 1
| #define HAVE_AS_GDWARF2_DEBUG_FLAG 1
| #define HAVE_AS_GSTABS_DEBUG_FLAG 1
| #define HAVE_AS_DEBUG_PREFIX_MAP 1
| #define HAVE_GAS_GNU_UNIQUE_OBJECT 1
| #define HAVE_AS_LINE_ZERO 1
| #define HAVE_LD_EH_FRAME_HDR 1
| #define HAVE_LD_EH_FRAME_CIEV3 1
| #define HAVE_LD_PIE 1
| #define HAVE_LD_AS_NEEDED 1
| #define LD_AS_NEEDED_OPTION "--as-needed"
| #define LD_NO_AS_NEEDED_OPTION "--no-as-needed"
| #define HAVE_LD_BUILDID 1
| #define ENABLE_LD_BUILDID 1
| #define HAVE_LD_SYSROOT 1
| #define TARGET_LIBC_PROVIDES_SSP 1
| #define ENABLE_LTO 1
| #define ENABLE_LTO 1
| #define ENABLE_LTO 1
| #define ENABLE_LTO 1
| #define ENABLE_LTO 1
| #define ENABLE_LTO 1
| #define ENABLE_LTO 1
| #define ENABLE_LTO 1
| #define ENABLE_LTO 1
| #define ENABLE_POISON_SYSTEM_DIRECTORIES 1
| /* end confdefs.h.  */
| 
| /* Override any GCC internal prototype to avoid an error.
|    Use char because int might match the return type of a GCC
|    builtin and then its argument prototype would still apply.  */
| #ifdef __cplusplus
| extern "C"
| #endif
| char dlopen ();
| int
| main ()
| {
| return dlopen ();
|   ;
|   return 0;
| }
configure:28111: gcc  -o conftest -isystem/jenhome/jenkins/jobs/LE910Cx_Multi_DAILY/workspace/build/apps_proc/poky/build/tmp-glibc/sysroots/x86_64-linux/usr/include -pipe   -static-libstdc++ -static-libgcc -L/jenhome/jenkins/jobs/LE910Cx_Multi_DAILY/workspace/build/apps_proc/poky/build/tmp-glibc/sysroots/x86_64-linux/usr/lib -L/jenhome/jenkins/jobs/LE910Cx_Multi_DAILY/workspace/build/apps_proc/poky/build/tmp-glibc/sysroots/x86_64-linux/lib -Wl,-rpath-link,/jenhome/jenkins/jobs/LE910Cx_Multi_DAILY/workspace/build/apps_proc/poky/build/tmp-glibc/sysroots/x86_64-linux/usr/lib -Wl,-rpath-link,/jenhome/jenkins/jobs/LE910Cx_Multi_DAILY/workspace/build/apps_proc/poky/build/tmp-glibc/sysroots/x86_64-linux/lib -Wl,-rpath,/jenhome/jenkins/jobs/LE910Cx_Multi_DAILY/workspace/build/apps_proc/poky/build/tmp-glibc/sysroots/x86_64-linux/usr/lib -Wl,-rpath,/jenhome/jenkins/jobs/LE910Cx_Multi_DAILY/workspace/build/apps_proc/poky/build/tmp-glibc/sysroots/x86_64-linux/lib -Wl,-O1 conftest.c -ldl   >&5
configure:28111: $? = 0
configure:28128: result: -ldl
configure:28155: checking for -fPIC -shared
configure:28168: gcc  -o conftest -isystem/jenhome/jenkins/jobs/LE910Cx_Multi_DAILY/workspace/build/apps_proc/poky/build/tmp-glibc/sysroots/x86_64-linux/usr/include -pipe  -fPIC  -static-libstdc++ -static-libgcc -L/jenhome/jenkins/jobs/LE910Cx_Multi_DAILY/workspace/build/apps_proc/poky/build/tmp-glibc/sysroots/x86_64-linux/usr/lib -L/jenhome/jenkins/jobs/LE910Cx_Multi_DAILY/workspace/build/apps_proc/poky/build/tmp-glibc/sysroots/x86_64-linux/lib -Wl,-rpath-link,/jenhome/jenkins/jobs/LE910Cx_Multi_DAILY/workspace/build/apps_proc/poky/build/tmp-glibc/sysroots/x86_64-linux/usr/lib -Wl,-rpath-link,/jenhome/jenkins/jobs/LE910Cx_Multi_DAILY/workspace/build/apps_proc/poky/build/tmp-glibc/sysroots/x86_64-linux/lib -Wl,-rpath,/jenhome/jenkins/jobs/LE910Cx_Multi_DAILY/workspace/build/apps_proc/poky/build/tmp-glibc/sysroots/x86_64-linux/usr/lib -Wl,-rpath,/jenhome/jenkins/jobs/LE910Cx_Multi_DAILY/workspace/build/apps_proc/poky/build/tmp-glibc/sysroots/x86_64-linux/lib -Wl,-O1 -fPIC -shared conftest.c  >&5
configure:28168: $? = 0
configure:28169: result: yes
configure:28334: updating cache ./config.cache
configure:28372: creating ./config.status

## ---------------------- ##
## Running config.status. ##
## ---------------------- ##

This file was extended by config.status, which was
generated by GNU Autoconf 2.64.  Invocation command line was

  CONFIG_FILES    = 
  CONFIG_HEADERS  = 
  CONFIG_LINKS    = 
  CONFIG_COMMANDS = 
  $ ./config.status 

on srv-krs-jen05

config.status:1343: creating as
config.status:1343: creating collect-ld
config.status:1343: creating nm
config.status:1343: creating Makefile
config.status:1343: creating ada/gcc-interface/Makefile
config.status:1343: creating ada/Makefile
config.status:1343: creating auto-host.h
config.status:1547: executing depdir commands
config.status:1547: executing gccdepdir commands
config.status:1547: executing default commands

## ---------------- ##
## Cache variables. ##
## ---------------- ##

ac_cv_build=x86_64-pc-linux-gnu
ac_cv_c_bigendian=no
ac_cv_c_compiler_gnu=yes
ac_cv_c_inline=inline
ac_cv_c_int16_t=yes
ac_cv_c_int32_t=yes
ac_cv_c_int64_t=yes
ac_cv_c_int8_t=yes
ac_cv_c_uint16_t=yes
ac_cv_c_uint32_t=yes
ac_cv_c_uint64_t=yes
ac_cv_c_uint8_t=yes
ac_cv_cxx_compiler_gnu=yes
ac_cv_env_CCC_set=
ac_cv_env_CCC_value=
ac_cv_env_CC_set=set
ac_cv_env_CC_value='gcc '
ac_cv_env_CFLAGS_set=set
ac_cv_env_CFLAGS_value='-isystem/jenhome/jenkins/jobs/LE910Cx_Multi_DAILY/workspace/build/apps_proc/poky/build/tmp-glibc/sysroots/x86_64-linux/usr/include -O2 -pipe'
ac_cv_env_CLOOGINC_set=set
ac_cv_env_CLOOGINC_value=
ac_cv_env_CLOOGLIBS_set=set
ac_cv_env_CLOOGLIBS_value=
ac_cv_env_CPPFLAGS_set=set
ac_cv_env_CPPFLAGS_value=
ac_cv_env_CPP_set=set
ac_cv_env_CPP_value='gcc -E '
ac_cv_env_CXXCPP_set=
ac_cv_env_CXXCPP_value=
ac_cv_env_CXXFLAGS_set=set
ac_cv_env_CXXFLAGS_value='-isystem/jenhome/jenkins/jobs/LE910Cx_Multi_DAILY/workspace/build/apps_proc/poky/build/tmp-glibc/sysroots/x86_64-linux/usr/include -O2 -pipe'
ac_cv_env_CXX_set=set
ac_cv_env_CXX_value='g++ '
ac_cv_env_GMPINC_set=set
ac_cv_env_GMPINC_value='-I/jenhome/jenkins/jobs/LE910Cx_Multi_DAILY/workspace/build/apps_proc/poky/build/tmp-glibc/sysroots/x86_64-linux/usr/include '
ac_cv_env_GMPLIBS_set=set
ac_cv_env_GMPLIBS_value='-L/jenhome/jenkins/jobs/LE910Cx_Multi_DAILY/workspace/build/apps_proc/poky/build/tmp-glibc/sysroots/x86_64-linux/usr/lib -lmpc -lmpfr -lgmp'
ac_cv_env_ISLINC_set=set
ac_cv_env_ISLINC_value=
ac_cv_env_ISLLIBS_set=
ac_cv_env_ISLLIBS_value=
ac_cv_env_LDFLAGS_set=set
ac_cv_env_LDFLAGS_value='-static-libstdc++ -static-libgcc -L/jenhome/jenkins/jobs/LE910Cx_Multi_DAILY/workspace/build/apps_proc/poky/build/tmp-glibc/sysroots/x86_64-linux/usr/lib -L/jenhome/jenkins/jobs/LE910Cx_Multi_DAILY/workspace/build/apps_proc/poky/build/tmp-glibc/sysroots/x86_64-linux/lib -Wl,-rpath-link,/jenhome/jenkins/jobs/LE910Cx_Multi_DAILY/workspace/build/apps_proc/poky/build/tmp-glibc/sysroots/x86_64-linux/usr/lib -Wl,-rpath-link,/jenhome/jenkins/jobs/LE910Cx_Multi_DAILY/workspace/build/apps_proc/poky/build/tmp-glibc/sysroots/x86_64-linux/lib -Wl,-rpath,/jenhome/jenkins/jobs/LE910Cx_Multi_DAILY/workspace/build/apps_proc/poky/build/tmp-glibc/sysroots/x86_64-linux/usr/lib -Wl,-rpath,/jenhome/jenkins/jobs/LE910Cx_Multi_DAILY/workspace/build/apps_proc/poky/build/tmp-glibc/sysroots/x86_64-linux/lib -Wl,-O1'
ac_cv_env_LIBS_set=
ac_cv_env_LIBS_value=
ac_cv_env_build_alias_set=set
ac_cv_env_build_alias_value=x86_64-linux
ac_cv_env_host_alias_set=set
ac_cv_env_host_alias_value=x86_64-linux
ac_cv_env_target_alias_set=set
ac_cv_env_target_alias_value=arm-oe-linux-gnueabi
ac_cv_f_setlkw=yes
ac_cv_func_atoll=yes
ac_cv_func_atoq=no
ac_cv_func_clearerr_unlocked=yes
ac_cv_func_clock=yes
ac_cv_func_feof_unlocked=yes
ac_cv_func_ferror_unlocked=yes
ac_cv_func_fflush_unlocked=yes
ac_cv_func_fgetc_unlocked=yes
ac_cv_func_fgets_unlocked=yes
ac_cv_func_fileno_unlocked=yes
ac_cv_func_fork=yes
ac_cv_func_fork_works=yes
ac_cv_func_fprintf_unlocked=no
ac_cv_func_fputc_unlocked=yes
ac_cv_func_fputs_unlocked=yes
ac_cv_func_fread_unlocked=yes
ac_cv_func_fwrite_unlocked=yes
ac_cv_func_getc_unlocked=yes
ac_cv_func_getchar_unlocked=yes
ac_cv_func_getrlimit=yes
ac_cv_func_getrusage=yes
ac_cv_func_gettimeofday=yes
ac_cv_func_kill=yes
ac_cv_func_madvise=yes
ac_cv_func_mbstowcs=yes
ac_cv_func_mmap=yes
ac_cv_func_nl_langinfo=yes
ac_cv_func_putc_unlocked=yes
ac_cv_func_putchar_unlocked=yes
ac_cv_func_setlocale=yes
ac_cv_func_setrlimit=yes
ac_cv_func_strsignal=yes
ac_cv_func_sysconf=yes
ac_cv_func_times=yes
ac_cv_func_vfork=yes
ac_cv_func_vfork_works=yes
ac_cv_func_wcswidth=yes
ac_cv_header_direct_h=no
ac_cv_header_dlfcn_h=yes
ac_cv_header_ext_hash_map=yes
ac_cv_header_fcntl_h=yes
ac_cv_header_iconv_h=yes
ac_cv_header_inttypes_h=yes
ac_cv_header_langinfo_h=yes
ac_cv_header_ldfcn_h=no
ac_cv_header_limits_h=yes
ac_cv_header_locale_h=yes
ac_cv_header_malloc_h=yes
ac_cv_header_memory_h=yes
ac_cv_header_minix_config_h=no
ac_cv_header_pthread_h=yes
ac_cv_header_stdc=yes
ac_cv_header_stddef_h=yes
ac_cv_header_stdint_h=yes
ac_cv_header_stdlib_h=yes
ac_cv_header_string_h=yes
ac_cv_header_strings_h=yes
ac_cv_header_sys_file_h=yes
ac_cv_header_sys_mman_h=yes
ac_cv_header_sys_param_h=yes
ac_cv_header_sys_resource_h=yes
ac_cv_header_sys_stat_h=yes
ac_cv_header_sys_time_h=yes
ac_cv_header_sys_times_h=yes
ac_cv_header_sys_types_h=yes
ac_cv_header_sys_wait_h=yes
ac_cv_header_thread_h=no
ac_cv_header_time=yes
ac_cv_header_time_h=yes
ac_cv_header_tr1_unordered_map=yes
ac_cv_header_unistd_h=yes
ac_cv_header_unordered_map=no
ac_cv_header_valgrind_h=no
ac_cv_header_vfork_h=no
ac_cv_header_wchar_h=yes
ac_cv_host=x86_64-pc-linux-gnu
ac_cv_objext=o
ac_cv_path_EGREP='/bin/grep -E'
ac_cv_path_FGREP='/bin/grep -F'
ac_cv_path_GREP=/bin/grep
ac_cv_path_SED=/bin/sed
ac_cv_path_gcc_cv_as=/jenhome/jenkins/jobs/LE910Cx_Multi_DAILY/workspace/build/apps_proc/poky/build/tmp-glibc/sysroots/x86_64-linux/usr/bin/arm-oe-linux-gnueabi/arm-oe-linux-gnueabi-as
ac_cv_path_gcc_cv_ld=/jenhome/jenkins/jobs/LE910Cx_Multi_DAILY/workspace/build/apps_proc/poky/build/tmp-glibc/sysroots/x86_64-linux/usr/bin/arm-oe-linux-gnueabi/arm-oe-linux-gnueabi-ld
ac_cv_path_gcc_cv_nm=/jenhome/jenkins/jobs/LE910Cx_Multi_DAILY/workspace/build/apps_proc/poky/build/tmp-glibc/sysroots/x86_64-linux/usr/bin/arm-oe-linux-gnueabi/arm-oe-linux-gnueabi-nm
ac_cv_path_gcc_cv_objdump=/jenhome/jenkins/jobs/LE910Cx_Multi_DAILY/workspace/build/apps_proc/poky/build/tmp-glibc/sysroots/x86_64-linux/usr/bin/arm-oe-linux-gnueabi/arm-oe-linux-gnueabi-objdump
ac_cv_path_gcc_cv_readelf=/usr/bin/readelf
ac_cv_path_install='/usr/bin/install -c'
ac_cv_prog_AR=ar
ac_cv_prog_AWK=gawk
ac_cv_prog_BISON=bison
ac_cv_prog_CC='gcc '
ac_cv_prog_CPP='gcc -E '
ac_cv_prog_CXXCPP='g++  -E'
ac_cv_prog_FLEX=flex
ac_cv_prog_MAKEINFO=makeinfo
ac_cv_prog_NM=nm
ac_cv_prog_OBJDUMP=objdump
ac_cv_prog_RANLIB=ranlib
ac_cv_prog_STRIP=strip
ac_cv_prog_cc_c89=
ac_cv_prog_cc_g=yes
ac_cv_prog_cxx_g=yes
ac_cv_prog_have_mktemp_command=yes
ac_cv_prog_make_make_set=yes
ac_cv_safe_to_define___extensions__=yes
ac_cv_search_dlopen=-ldl
ac_cv_search_exc_resume=no
ac_cv_search_kstat_open=no
ac_cv_search_ldexp='none required'
ac_cv_sizeof_int=4
ac_cv_sizeof_long=8
ac_cv_sizeof_long_long=8
ac_cv_sizeof_short=2
ac_cv_sizeof_void_p=8
ac_cv_struct_tms=yes
ac_cv_sys_file_offset_bits=no
ac_cv_sys_largefile_CC=no
ac_cv_sys_tiocgwinsz_in_sys_ioctl_h=yes
ac_cv_sys_tiocgwinsz_in_termios_h=no
ac_cv_target=arm-oe-linux-gnueabi
ac_cv_type___int64=no
ac_cv_type_caddr_t=yes
ac_cv_type_intmax_t=yes
ac_cv_type_intptr_t=yes
ac_cv_type_long_long=yes
ac_cv_type_long_long_int=yes
ac_cv_type_pid_t=yes
ac_cv_type_ssize_t=yes
ac_cv_type_uintmax_t=yes
ac_cv_type_uintptr_t=yes
ac_cv_type_unsigned_long_long_int=yes
acl_cv_hardcode_direct=no
acl_cv_hardcode_libdir_flag_spec='${wl}-rpath ${wl}$libdir'
acl_cv_hardcode_libdir_separator=
acl_cv_hardcode_minus_L=no
acl_cv_libext=a
acl_cv_path_LD='ld '
acl_cv_prog_gnu_ld=yes
acl_cv_rpath=done
acl_cv_shlibext=so
acl_cv_wl=-Wl,
acx_cv_cc_gcc_supports_ada=no
acx_cv_prog_LN=ln
acx_cv_prog_cc_pedantic__Wlong_long__Wvariadic_macros__Woverlength_strings=yes
acx_cv_prog_cc_warning__W=yes
acx_cv_prog_cc_warning__Wall=yes
acx_cv_prog_cc_warning__Wcast_qual=yes
acx_cv_prog_cc_warning__Wcpp_compat=yes
acx_cv_prog_cc_warning__Wmissing_format_attribute=yes
acx_cv_prog_cc_warning__Wmissing_prototypes=yes
acx_cv_prog_cc_warning__Wnarrowing=yes
acx_cv_prog_cc_warning__Wold_style_definition=yes
acx_cv_prog_cc_warning__Wstrict_prototypes=yes
acx_cv_prog_cc_warning__Wwrite_strings=yes
acx_cv_prog_cc_warning__fasynchronous_unwind_tables=yes
acx_cv_prog_cc_warning__fno_exceptions=yes
acx_cv_prog_cc_warning__fno_rtti=yes
am_cv_CXX_dependencies_compiler_type=gcc3
am_cv_func_iconv=yes
am_cv_langinfo_codeset=yes
am_cv_lib_iconv=no
am_cv_proto_iconv='extern size_t iconv (iconv_t cd, char * *inbuf, size_t *inbytesleft, char * *outbuf, size_t *outbytesleft);'
am_cv_proto_iconv_arg1=
am_cv_val_LC_MESSAGES=yes
gcc_cv_as=/jenhome/jenkins/jobs/LE910Cx_Multi_DAILY/workspace/build/apps_proc/poky/build/tmp-glibc/sysroots/x86_64-linux/usr/bin/arm-oe-linux-gnueabi/arm-oe-linux-gnueabi-as
gcc_cv_as_balign_and_p2align=yes
gcc_cv_as_cfi_advance_working=yes
gcc_cv_as_cfi_directive=yes
gcc_cv_as_cfi_personality_directive=yes
gcc_cv_as_cfi_sections_directive=yes
gcc_cv_as_comdat_group=no
gcc_cv_as_comdat_group_group=no
gcc_cv_as_comdat_group_percent=yes
gcc_cv_as_debug_prefix_map_flag=yes
gcc_cv_as_discriminator=yes
gcc_cv_as_dwarf2_debug_line=yes
gcc_cv_as_dwarf2_file_buggy=no
gcc_cv_as_eh_frame=no
gcc_cv_as_flags=' '
gcc_cv_as_gas_srcdir=/jenhome/jenkins/jobs/LE910Cx_Multi_DAILY/workspace/build/apps_proc/poky/build/tmp-glibc/work-shared/gcc-4.9.3-r0/gcc-4.9.3/gas
gcc_cv_as_gdwarf2_flag=yes
gcc_cv_as_gnu_unique_object=yes
gcc_cv_as_gstabs_flag=yes
gcc_cv_as_hidden=yes
gcc_cv_as_lcomm_with_alignment=no
gcc_cv_as_leb128=yes
gcc_cv_as_line_zero=yes
gcc_cv_as_literal16=no
gcc_cv_as_max_skip_p2align=yes
gcc_cv_as_nsubspa_comdat=no
gcc_cv_as_shf_merge=yes
gcc_cv_as_subsection_m1=yes
gcc_cv_as_tls=yes
gcc_cv_as_weak=yes
gcc_cv_as_weakref=yes
gcc_cv_binutils_srcdir=/jenhome/jenkins/jobs/LE910Cx_Multi_DAILY/workspace/build/apps_proc/poky/build/tmp-glibc/work-shared/gcc-4.9.3-r0/gcc-4.9.3/binutils
gcc_cv_collect2_libs='none required'
gcc_cv_decl_char_bit=yes
gcc_cv_decl_map_anon=yes
gcc_cv_func_mbstowcs_works=yes
gcc_cv_func_mmap_anon=yes
gcc_cv_func_mmap_dev_zero=yes
gcc_cv_func_mmap_file=yes
gcc_cv_gas_major_version=
gcc_cv_gas_minor_version=
gcc_cv_gld_major_version=
gcc_cv_gld_minor_version=
gcc_cv_have_decl_abort=yes
gcc_cv_have_decl_asprintf=yes
gcc_cv_have_decl_atof=yes
gcc_cv_have_decl_atol=yes
gcc_cv_have_decl_basename=yes
gcc_cv_have_decl_calloc=yes
gcc_cv_have_decl_clearerr_unlocked=yes
gcc_cv_have_decl_clock=yes
gcc_cv_have_decl_errno=yes
gcc_cv_have_decl_feof_unlocked=yes
gcc_cv_have_decl_ferror_unlocked=yes
gcc_cv_have_decl_fflush_unlocked=yes
gcc_cv_have_decl_ffs=yes
gcc_cv_have_decl_fgetc_unlocked=yes
gcc_cv_have_decl_fgets_unlocked=yes
gcc_cv_have_decl_fileno_unlocked=yes
gcc_cv_have_decl_fprintf_unlocked=no
gcc_cv_have_decl_fputc_unlocked=yes
gcc_cv_have_decl_fputs_unlocked=yes
gcc_cv_have_decl_fread_unlocked=yes
gcc_cv_have_decl_free=yes
gcc_cv_have_decl_fwrite_unlocked=yes
gcc_cv_have_decl_getc_unlocked=yes
gcc_cv_have_decl_getchar_unlocked=yes
gcc_cv_have_decl_getcwd=yes
gcc_cv_have_decl_getenv=yes
gcc_cv_have_decl_getopt=no
gcc_cv_have_decl_getpagesize=yes
gcc_cv_have_decl_getrlimit=yes
gcc_cv_have_decl_getrusage=yes
gcc_cv_have_decl_getwd=yes
gcc_cv_have_decl_ldgetname=no
gcc_cv_have_decl_madvise=yes
gcc_cv_have_decl_malloc=yes
gcc_cv_have_decl_putc_unlocked=yes
gcc_cv_have_decl_putchar_unlocked=yes
gcc_cv_have_decl_realloc=yes
gcc_cv_have_decl_sbrk=yes
gcc_cv_have_decl_setrlimit=yes
gcc_cv_have_decl_sigaltstack=yes
gcc_cv_have_decl_snprintf=yes
gcc_cv_have_decl_stpcpy=yes
gcc_cv_have_decl_strsignal=yes
gcc_cv_have_decl_strstr=yes
gcc_cv_have_decl_strverscmp=yes
gcc_cv_have_decl_times=yes
gcc_cv_have_decl_vasprintf=yes
gcc_cv_have_decl_vsnprintf=yes
gcc_cv_header_inttypes_h=yes
gcc_cv_header_string=yes
gcc_cv_initfini_array=no
gcc_cv_ld=/jenhome/jenkins/jobs/LE910Cx_Multi_DAILY/workspace/build/apps_proc/poky/build/tmp-glibc/sysroots/x86_64-linux/usr/bin/arm-oe-linux-gnueabi/arm-oe-linux-gnueabi-ld
gcc_cv_ld_as_needed=yes
gcc_cv_ld_as_needed_option=--as-needed
gcc_cv_ld_bfd_srcdir=/jenhome/jenkins/jobs/LE910Cx_Multi_DAILY/workspace/build/apps_proc/poky/build/tmp-glibc/work-shared/gcc-4.9.3-r0/gcc-4.9.3/bfd
gcc_cv_ld_buildid=yes
gcc_cv_ld_clearcap=no
gcc_cv_ld_demangle=yes
gcc_cv_ld_dynamic_option=-Bdynamic
gcc_cv_ld_eh_frame_ciev3=yes
gcc_cv_ld_eh_frame_hdr=yes
gcc_cv_ld_eh_gc_sections=no
gcc_cv_ld_eh_gc_sections_bug=no
gcc_cv_ld_gld_srcdir=/jenhome/jenkins/jobs/LE910Cx_Multi_DAILY/workspace/build/apps_proc/poky/build/tmp-glibc/work-shared/gcc-4.9.3-r0/gcc-4.9.3/ld
gcc_cv_ld_gold_srcdir=/jenhome/jenkins/jobs/LE910Cx_Multi_DAILY/workspace/build/apps_proc/poky/build/tmp-glibc/work-shared/gcc-4.9.3-r0/gcc-4.9.3/gold
gcc_cv_ld_hidden=yes
gcc_cv_ld_no_as_needed_option=--no-as-needed
gcc_cv_ld_pie=yes
gcc_cv_ld_ro_rw_mix=read-write
gcc_cv_ld_sol2_emulation=no
gcc_cv_ld_static_dynamic=yes
gcc_cv_ld_static_option=-Bstatic
gcc_cv_ld_sysroot=yes
gcc_cv_libc_provides_ssp=yes
gcc_cv_lto_plugin=2
gcc_cv_mkdir_takes_one_arg=no
gcc_cv_nm=/jenhome/jenkins/jobs/LE910Cx_Multi_DAILY/workspace/build/apps_proc/poky/build/tmp-glibc/sysroots/x86_64-linux/usr/bin/arm-oe-linux-gnueabi/arm-oe-linux-gnueabi-nm
gcc_cv_objdump=/jenhome/jenkins/jobs/LE910Cx_Multi_DAILY/workspace/build/apps_proc/poky/build/tmp-glibc/sysroots/x86_64-linux/usr/bin/arm-oe-linux-gnueabi/arm-oe-linux-gnueabi-objdump
gcc_cv_prog_LN_S='ln -s'
gcc_cv_prog_cmp_skip=gnucompare
gcc_cv_prog_makeinfo_modern=yes
gcc_cv_readelf=/usr/bin/readelf
gcc_cv_target_dl_iterate_phdr=unknown
gcc_cv_type_clock_t=yes
lt_cv_archive_cmds_need_lc=no
lt_cv_deplibs_check_method=pass_all
lt_cv_file_magic_cmd='$MAGIC_CMD'
lt_cv_file_magic_test_file=
lt_cv_ld_reload_flag=-r
lt_cv_nm_interface='BSD nm'
lt_cv_objdir=.libs
lt_cv_path_LD='ld '
lt_cv_path_LDCXX='ld  -m elf_x86_64'
lt_cv_path_NM=nm
lt_cv_prog_compiler_c_o=yes
lt_cv_prog_compiler_c_o_CXX=yes
lt_cv_prog_compiler_pic_works=yes
lt_cv_prog_compiler_pic_works_CXX=yes
lt_cv_prog_compiler_rtti_exceptions=no
lt_cv_prog_compiler_static_works=yes
lt_cv_prog_compiler_static_works_CXX=yes
lt_cv_prog_gnu_ld=yes
lt_cv_prog_gnu_ldcxx=yes
lt_cv_shlibpath_overrides_runpath=no
lt_cv_sys_global_symbol_pipe='sed -n -e '\''s/^.*[	 ]\([ABCDGIRSTW][ABCDGIRSTW]*\)[	 ][	 ]*\([_A-Za-z][_A-Za-z0-9]*\)$/\1 \2 \2/p'\'''
lt_cv_sys_global_symbol_to_c_name_address='sed -n -e '\''s/^: \([^ ]*\) $/  {\"\1\", (void *) 0},/p'\'' -e '\''s/^[ABCDGIRSTW]* \([^ ]*\) \([^ ]*\)$/  {"\2", (void *) \&\2},/p'\'''
lt_cv_sys_global_symbol_to_c_name_address_lib_prefix='sed -n -e '\''s/^: \([^ ]*\) $/  {\"\1\", (void *) 0},/p'\'' -e '\''s/^[ABCDGIRSTW]* \([^ ]*\) \(lib[^ ]*\)$/  {"\2", (void *) \&\2},/p'\'' -e '\''s/^[ABCDGIRSTW]* \([^ ]*\) \([^ ]*\)$/  {"lib\2", (void *) \&\2},/p'\'''
lt_cv_sys_global_symbol_to_cdecl='sed -n -e '\''s/^T .* \(.*\)$/extern int \1();/p'\'' -e '\''s/^[ABCDGIRSTW]* .* \(.*\)$/extern char \1;/p'\'''
lt_cv_sys_lib_dlsearch_path_spec='/jenhome/jenkins/jobs/LE910Cx_Multi_DAILY/workspace/build/apps_proc/poky/build/tmp-glibc/sysroots/x86_64-linux/usr/lib/arm-oe-linux-gnueabi /jenhome/jenkins/jobs/LE910Cx_Multi_DAILY/workspace/build/apps_proc/poky/build/tmp-glibc/sysroots/x86_64-linux/lib'
lt_cv_sys_max_cmd_len=3458764513820540925

## ----------------- ##
## Output variables. ##
## ----------------- ##

ALL='all.cross'
AR='ar'
AWK='gawk'
BISON='bison'
BUILD_CFLAGS='$(ALL_CFLAGS)'
BUILD_CXXFLAGS='$(ALL_CXXFLAGS)'
BUILD_INFO=''
BUILD_LDFLAGS='$(LDFLAGS)'
CATALOGS=''
CATOBJEXT=''
CC='gcc '
CC_FOR_BUILD='$(CC)'
CFLAGS='-isystem/jenhome/jenkins/jobs/LE910Cx_Multi_DAILY/workspace/build/apps_proc/poky/build/tmp-glibc/sysroots/x86_64-linux/usr/include -pipe '
CLOOGINC=''
CLOOGLIBS=''
COLLECT2_LIBS=''
CONFIGURE_SPECS=''
CPP='gcc -E '
CPPFLAGS=''
CROSS='-DCROSS_DIRECTORY_STRUCTURE'
CROSS_SYSTEM_HEADER_DIR='$(TARGET_SYSTEM_ROOT)$${sysroot_headers_suffix}$(NATIVE_SYSTEM_HEADER_DIR)'
CXX='g++ '
CXXCPP='g++  -E'
CXXDEPMODE='depmode=gcc3'
CXXFLAGS='-isystem/jenhome/jenkins/jobs/LE910Cx_Multi_DAILY/workspace/build/apps_proc/poky/build/tmp-glibc/sysroots/x86_64-linux/usr/include -pipe '
CXX_FOR_BUILD='$(CXX)'
DATADIRNAME=''
DEFS='-DHAVE_CONFIG_H'
DEPDIR='.deps'
DO_LINK_MUTEX='false'
DSYMUTIL=''
DUMPBIN=''
ECHO_C=''
ECHO_N='-n'
ECHO_T=''
EGREP='/bin/grep -E'
EXEEXT=''
EXTRA_GCC_LIBS=''
FGREP='/bin/grep -F'
FLEX='flex'
GENCAT=''
GENERATED_MANPAGES='generated-manpages'
GENINSRC='#'
GMPINC='-I/jenhome/jenkins/jobs/LE910Cx_Multi_DAILY/workspace/build/apps_proc/poky/build/tmp-glibc/sysroots/x86_64-linux/usr/include '
GMPLIBS='-L/jenhome/jenkins/jobs/LE910Cx_Multi_DAILY/workspace/build/apps_proc/poky/build/tmp-glibc/sysroots/x86_64-linux/usr/lib -lmpc -lmpfr -lgmp'
GMSGFMT='/jenhome/jenkins/jobs/LE910Cx_Multi_DAILY/workspace/build/apps_proc/poky/build/tmp-glibc/sysroots/x86_64-linux/usr/bin/msgfmt'
GNATBIND='no'
GNATMAKE='no'
GNAT_LIBEXC=''
GREP='/bin/grep'
HOST_LIBS=''
INCINTL=''
INSTALL='/usr/bin/install -c'
INSTALL_DATA='${INSTALL} -m 644'
INSTALL_PROGRAM='${INSTALL}'
INSTOBJEXT=''
ISLINC=''
ISLLIBS=''
LD='ld  -m elf_x86_64'
LDEXP_LIB=''
LDFLAGS='-static-libstdc++ -static-libgcc -L/jenhome/jenkins/jobs/LE910Cx_Multi_DAILY/workspace/build/apps_proc/poky/build/tmp-glibc/sysroots/x86_64-linux/usr/lib -L/jenhome/jenkins/jobs/LE910Cx_Multi_DAILY/workspace/build/apps_proc/poky/build/tmp-glibc/sysroots/x86_64-linux/lib -Wl,-rpath-link,/jenhome/jenkins/jobs/LE910Cx_Multi_DAILY/workspace/build/apps_proc/poky/build/tmp-glibc/sysroots/x86_64-linux/usr/lib -Wl,-rpath-link,/jenhome/jenkins/jobs/LE910Cx_Multi_DAILY/workspace/build/apps_proc/poky/build/tmp-glibc/sysroots/x86_64-linux/lib -Wl,-rpath,/jenhome/jenkins/jobs/LE910Cx_Multi_DAILY/workspace/build/apps_proc/poky/build/tmp-glibc/sysroots/x86_64-linux/usr/lib -Wl,-rpath,/jenhome/jenkins/jobs/LE910Cx_Multi_DAILY/workspace/build/apps_proc/poky/build/tmp-glibc/sysroots/x86_64-linux/lib -Wl,-O1'
LIBICONV=''
LIBICONV_DEP=''
LIBINTL=''
LIBINTL_DEP=''
LIBOBJS=''
LIBS=''
LIBTOOL='$(SHELL) $(top_builddir)/libtool'
LIPO=''
LN='ln'
LN_S='ln -s'
LTLIBICONV=''
LTLIBOBJS=''
MAINT='#'
MAKEINFO='makeinfo'
NATIVE_SYSTEM_HEADER_DIR='/usr/include'
NM='nm'
NMEDIT=''
OBJDUMP='objdump'
OBJEXT='o'
ORIGINAL_AS_FOR_TARGET='/jenhome/jenkins/jobs/LE910Cx_Multi_DAILY/workspace/build/apps_proc/poky/build/tmp-glibc/sysroots/x86_64-linux/usr/bin/arm-oe-linux-gnueabi/arm-oe-linux-gnueabi-as'
ORIGINAL_LD_BFD_FOR_TARGET='/jenhome/jenkins/jobs/LE910Cx_Multi_DAILY/workspace/build/apps_proc/poky/build/tmp-glibc/sysroots/x86_64-linux/usr/bin/arm-oe-linux-gnueabi/arm-oe-linux-gnueabi-ld.bfd'
ORIGINAL_LD_FOR_TARGET='/jenhome/jenkins/jobs/LE910Cx_Multi_DAILY/workspace/build/apps_proc/poky/build/tmp-glibc/sysroots/x86_64-linux/usr/bin/arm-oe-linux-gnueabi/arm-oe-linux-gnueabi-ld'
ORIGINAL_LD_GOLD_FOR_TARGET='/jenhome/jenkins/jobs/LE910Cx_Multi_DAILY/workspace/build/apps_proc/poky/build/tmp-glibc/sysroots/x86_64-linux/usr/bin/arm-oe-linux-gnueabi/arm-oe-linux-gnueabi-ld.gold'
ORIGINAL_NM_FOR_TARGET='/jenhome/jenkins/jobs/LE910Cx_Multi_DAILY/workspace/build/apps_proc/poky/build/tmp-glibc/sysroots/x86_64-linux/usr/bin/arm-oe-linux-gnueabi/arm-oe-linux-gnueabi-nm'
ORIGINAL_PLUGIN_LD_FOR_TARGET='/jenhome/jenkins/jobs/LE910Cx_Multi_DAILY/workspace/build/apps_proc/poky/build/tmp-glibc/sysroots/x86_64-linux/usr/bin/arm-oe-linux-gnueabi/arm-oe-linux-gnueabi-ld'
OTOOL64=''
OTOOL=''
PACKAGE_BUGREPORT=''
PACKAGE_NAME=''
PACKAGE_STRING=''
PACKAGE_TARNAME=''
PACKAGE_URL=''
PACKAGE_VERSION=''
PATH_SEPARATOR=':'
PICFLAG=''
PICFLAG_FOR_TARGET='-fPIC'
PKGVERSION='(GCC) '
POSUB=''
RANLIB='ranlib'
REPORT_BUGS_TEXI='@uref{http://gcc.gnu.org/bugs.html}'
REPORT_BUGS_TO='<http://gcc.gnu.org/bugs.html>'
SED='/bin/sed'
SET_MAKE=''
SHELL='/bin/sh'
STMP_FIXINC='stmp-fixinc'
STRIP='strip'
SYSROOT_CFLAGS_FOR_TARGET='--sysroot=/jenhome/jenkins/jobs/LE910Cx_Multi_DAILY/workspace/build/apps_proc/poky/build/tmp-glibc/sysroots/mdm9607'
SYSTEM_HEADER_DIR='/jenhome/jenkins/jobs/LE910Cx_Multi_DAILY/workspace/build/apps_proc/poky/build/tmp-glibc/sysroots/mdm9607$${sysroot_headers_suffix}$(NATIVE_SYSTEM_HEADER_DIR)'
TARGET_SYSTEM_ROOT='/not/exist'
TARGET_SYSTEM_ROOT_DEFINE='-DTARGET_SYSTEM_ROOT=\"$(TARGET_SYSTEM_ROOT)\"'
TM_ENDIAN_CONFIG=''
TM_MULTILIB_CONFIG=''
TM_MULTILIB_EXCEPTIONS_CONFIG=''
TREEBROWSER=''
TREECHECKING=''
USE_NLS='no'
XGETTEXT='/jenhome/jenkins/jobs/LE910Cx_Multi_DAILY/workspace/build/apps_proc/poky/build/tmp-glibc/sysroots/x86_64-linux/usr/bin/xgettext'
ac_ct_CC=''
ac_ct_CXX=''
ac_ct_DUMPBIN=''
all_compilers=' gnat1$(exeext) cc1$(exeext) cc1plus$(exeext) f951$(exeext) go1$(exeext) jc1$(exeext) jvgenmain$(exeext) lto1$(exeext) cc1obj$(exeext) cc1objplus$(exeext)'
all_gtfiles=' [ada] $(srcdir)/ada/gcc-interface/ada-tree.h $(srcdir)/ada/gcc-interface/gigi.h $(srcdir)/ada/gcc-interface/decl.c $(srcdir)/ada/gcc-interface/trans.c $(srcdir)/ada/gcc-interface/utils.c $(srcdir)/ada/gcc-interface/misc.c [c] $(srcdir)/c/c-lang.c $(srcdir)/c/c-tree.h $(srcdir)/c/c-decl.c $(srcdir)/c-family/c-common.c $(srcdir)/c-family/c-common.h $(srcdir)/c-family/c-objc.h $(srcdir)/c-family/c-cppbuiltin.c $(srcdir)/c-family/c-pragma.h $(srcdir)/c-family/c-pragma.c $(srcdir)/c/c-objc-common.c $(srcdir)/c/c-parser.c $(srcdir)/c/c-lang.h [cp] $(srcdir)/cp/rtti.c $(srcdir)/cp/mangle.c $(srcdir)/cp/name-lookup.h $(srcdir)/cp/name-lookup.c $(srcdir)/cp/cp-tree.h $(srcdir)/cp/decl.h $(srcdir)/cp/call.c $(srcdir)/cp/decl.c $(srcdir)/cp/decl2.c $(srcdir)/cp/pt.c $(srcdir)/cp/repo.c $(srcdir)/cp/semantics.c $(srcdir)/cp/tree.c $(srcdir)/cp/parser.h $(srcdir)/cp/parser.c $(srcdir)/cp/method.c $(srcdir)/cp/typeck2.c $(srcdir)/c-family/c-common.c $(srcdir)/c-family/c-common.h $(srcdir)/c-family/c-objc.h $(srcdir)/c-family/c-lex.c $(srcdir)/c-family/c-pragma.h $(srcdir)/c-family/c-pragma.c $(srcdir)/cp/class.c $(srcdir)/cp/cp-objcp-common.c $(srcdir)/cp/cp-lang.c $(srcdir)/cp/except.c $(srcdir)/cp/vtable-class-hierarchy.c [fortran] $(srcdir)/fortran/f95-lang.c $(srcdir)/fortran/trans-decl.c $(srcdir)/fortran/trans-intrinsic.c $(srcdir)/fortran/trans-io.c $(srcdir)/fortran/trans-stmt.c $(srcdir)/fortran/trans-types.c $(srcdir)/fortran/trans-types.h $(srcdir)/fortran/trans.h $(srcdir)/fortran/trans-const.h [go] $(srcdir)/go/go-lang.c $(srcdir)/go/go-c.h [java] $(srcdir)/java/java-tree.h $(srcdir)/java/jcf.h $(srcdir)/java/parse.h $(srcdir)/java/builtins.c $(srcdir)/java/class.c $(srcdir)/java/constants.c $(srcdir)/java/decl.c $(srcdir)/java/expr.c $(srcdir)/java/jcf-parse.c $(srcdir)/java/lang.c $(srcdir)/java/mangle.c $(srcdir)/java/resource.c [lto] $(srcdir)/lto/lto-tree.h $(srcdir)/lto/lto-lang.c $(srcdir)/lto/lto.c $(srcdir)/lto/lto.h [objc] $(srcdir)/objc/objc-map.h $(srcdir)/c-family/c-objc.h $(srcdir)/objc/objc-act.h $(srcdir)/objc/objc-act.c $(srcdir)/objc/objc-runtime-shared-support.c $(srcdir)/objc/objc-gnu-runtime-abi-01.c $(srcdir)/objc/objc-next-runtime-abi-01.c $(srcdir)/objc/objc-next-runtime-abi-02.c $(srcdir)/c/c-parser.c $(srcdir)/c/c-tree.h $(srcdir)/c/c-decl.c $(srcdir)/c/c-lang.h $(srcdir)/c/c-objc-common.c $(srcdir)/c-family/c-common.c $(srcdir)/c-family/c-common.h $(srcdir)/c-family/c-cppbuiltin.c $(srcdir)/c-family/c-pragma.h $(srcdir)/c-family/c-pragma.c [objcp] $(srcdir)/cp/rtti.c $(srcdir)/cp/mangle.c $(srcdir)/cp/name-lookup.h $(srcdir)/cp/name-lookup.c $(srcdir)/cp/cp-tree.h $(srcdir)/cp/decl.h $(srcdir)/cp/call.c $(srcdir)/cp/decl.c $(srcdir)/cp/decl2.c $(srcdir)/cp/pt.c $(srcdir)/cp/repo.c $(srcdir)/cp/semantics.c $(srcdir)/cp/tree.c $(srcdir)/cp/parser.h $(srcdir)/cp/parser.c $(srcdir)/cp/method.c $(srcdir)/cp/typeck2.c $(srcdir)/c-family/c-common.c $(srcdir)/c-family/c-common.h $(srcdir)/c-family/c-objc.h $(srcdir)/c-family/c-lex.c $(srcdir)/c-family/c-pragma.h $(srcdir)/c-family/c-pragma.c $(srcdir)/cp/class.c $(srcdir)/cp/cp-objcp-common.c $(srcdir)/objc/objc-map.h $(srcdir)/objc/objc-act.h $(srcdir)/objc/objc-act.c $(srcdir)/objc/objc-runtime-shared-support.c $(srcdir)/objc/objc-gnu-runtime-abi-01.c $(srcdir)/objc/objc-next-runtime-abi-01.c $(srcdir)/objc/objc-next-runtime-abi-02.c $(srcdir)/c-family/c-cppbuiltin.c'
all_lang_makefrags=' $(srcdir)/ada/gcc-interface/Make-lang.in $(srcdir)/c/Make-lang.in $(srcdir)/cp/Make-lang.in $(srcdir)/fortran/Make-lang.in $(srcdir)/go/Make-lang.in $(srcdir)/java/Make-lang.in $(srcdir)/lto/Make-lang.in $(srcdir)/objc/Make-lang.in $(srcdir)/objcp/Make-lang.in'
all_languages=' ada c c++ fortran go java lto objc obj-c++'
all_selected_languages=' c c++ lto'
am__leading_dot='.'
bindir='/jenhome/jenkins/jobs/LE910Cx_Multi_DAILY/workspace/build/apps_proc/poky/build/tmp-glibc/sysroots/x86_64-linux/usr/bin/arm-oe-linux-gnueabi'
build='x86_64-pc-linux-gnu'
build_alias='x86_64-linux'
build_cpu='x86_64'
build_exeext=''
build_file_translate=''
build_install_headers_dir='install-headers-tar'
build_libsubdir='build-x86_64-linux'
build_os='linux-gnu'
build_subdir='build-x86_64-linux'
build_vendor='pc'
build_xm_defines=''
build_xm_file_list=' auto-host.h $(srcdir)/../include/ansidecl.h'
build_xm_include_list=' auto-host.h ansidecl.h'
c_loose_warn='-Wstrict-prototypes -Wmissing-prototypes'
c_strict_warn='-Wold-style-definition -Wc++-compat'
c_target_objs='arm-c.o glibc-c.o'
check_languages=' check-c check-c++ check-lto'
collect2='collect2$(exeext)'
common_out_file='arm/arm-common.c'
common_out_object_file='arm-common.o'
coverage_flags=''
cpp_install_dir=''
cxx_target_objs='arm-c.o glibc-c.o'
datadir='/jenhome/jenkins/jobs/LE910Cx_Multi_DAILY/workspace/build/apps_proc/poky/build/tmp-glibc/sysroots/x86_64-linux/usr/share'
datarootdir='${prefix}/share'
docdir='${datarootdir}/doc/${PACKAGE}'
dollar=''
dvidir='${docdir}'
enable_decimal_float='dpd'
enable_fast_install='yes'
enable_fixed_point='yes'
enable_host_shared=''
enable_lto='yes'
enable_multiarch='auto'
enable_multilib='no'
enable_plugin='yes'
enable_shared='yes'
exec_prefix='/jenhome/jenkins/jobs/LE910Cx_Multi_DAILY/workspace/build/apps_proc/poky/build/tmp-glibc/sysroots/x86_64-linux/usr'
extra_gcc_objs=' '
extra_headers_list=' $(srcdir)/config/arm/mmintrin.h $(srcdir)/config/arm/arm_neon.h $(srcdir)/config/arm/arm_acle.h'
extra_modes_file='$(srcdir)/config/arm/arm-modes.def'
extra_objs=' aarch-common.o linux.o'
extra_opt_files=' $(srcdir)/config/arm/arm-tables.opt $(srcdir)/config/arm/arm.opt $(srcdir)/config/gnu-user.opt $(srcdir)/config/linux.opt $(srcdir)/config/linux-android.opt'
extra_programs=''
float_h_file=''
fortran_target_objs=''
gcc_config_arguments='/jenhome/jenkins/jobs/LE910Cx_Multi_DAILY/workspace/build/apps_proc/poky/build/tmp-glibc/work-shared/gcc-4.9.3-r0/gcc-4.9.3/configure --build=x86_64-linux --host=x86_64-linux --target=arm-oe-linux-gnueabi --prefix=/jenhome/jenkins/jobs/LE910Cx_Multi_DAILY/workspace/build/apps_proc/poky/build/tmp-glibc/sysroots/x86_64-linux/usr --exec_prefix=/jenhome/jenkins/jobs/LE910Cx_Multi_DAILY/workspace/build/apps_proc/poky/build/tmp-glibc/sysroots/x86_64-linux/usr --bindir=/jenhome/jenkins/jobs/LE910Cx_Multi_DAILY/workspace/build/apps_proc/poky/build/tmp-glibc/sysroots/x86_64-linux/usr/bin/arm-oe-linux-gnueabi --sbindir=/jenhome/jenkins/jobs/LE910Cx_Multi_DAILY/workspace/build/apps_proc/poky/build/tmp-glibc/sysroots/x86_64-linux/usr/bin/arm-oe-linux-gnueabi --libexecdir=/jenhome/jenkins/jobs/LE910Cx_Multi_DAILY/workspace/build/apps_proc/poky/build/tmp-glibc/sysroots/x86_64-linux/usr/libexec/arm-oe-linux-gnueabi --datadir=/jenhome/jenkins/jobs/LE910Cx_Multi_DAILY/workspace/build/apps_proc/poky/build/tmp-glibc/sysroots/x86_64-linux/usr/share --sysconfdir=/jenhome/jenkins/jobs/LE910Cx_Multi_DAILY/workspace/build/apps_proc/poky/build/tmp-glibc/sysroots/x86_64-linux/etc --sharedstatedir=/jenhome/jenkins/jobs/LE910Cx_Multi_DAILY/workspace/build/apps_proc/poky/build/tmp-glibc/sysroots/x86_64-linux/com --localstatedir=/jenhome/jenkins/jobs/LE910Cx_Multi_DAILY/workspace/build/apps_proc/poky/build/tmp-glibc/sysroots/x86_64-linux/var --libdir=/jenhome/jenkins/jobs/LE910Cx_Multi_DAILY/workspace/build/apps_proc/poky/build/tmp-glibc/sysroots/x86_64-linux/usr/lib/arm-oe-linux-gnueabi --includedir=/jenhome/jenkins/jobs/LE910Cx_Multi_DAILY/workspace/build/apps_proc/poky/build/tmp-glibc/sysroots/x86_64-linux/usr/include --oldincludedir=/jenhome/jenkins/jobs/LE910Cx_Multi_DAILY/workspace/build/apps_proc/poky/build/tmp-glibc/sysroots/x86_64-linux/usr/include --infodir=/jenhome/jenkins/jobs/LE910Cx_Multi_DAILY/workspace/build/apps_proc/poky/build/tmp-glibc/sysroots/x86_64-linux/usr/share/info --mandir=/jenhome/jenkins/jobs/LE910Cx_Multi_DAILY/workspace/build/apps_proc/poky/build/tmp-glibc/sysroots/x86_64-linux/usr/share/man --disable-silent-rules --disable-dependency-tracking --with-libtool-sysroot=/jenhome/jenkins/jobs/LE910Cx_Multi_DAILY/workspace/build/apps_proc/poky/build/tmp-glibc/sysroots/x86_64-linux --enable-clocale=generic --with-gnu-ld --enable-shared --enable-languages=c,c++ --enable-threads=posix --disable-multilib --enable-c99 --enable-long-long --enable-symvers=gnu --enable-libstdcxx-pch --program-prefix=arm-oe-linux-gnueabi- --without-local-prefix --enable-target-optspace --enable-lto --enable-libssp --disable-bootstrap --disable-libmudflap --with-system-zlib --with-linker-hash-style=gnu --enable-linker-build-id --with-ppl=no --with-cloog=no --enable-checking=release --enable-cheaders=c_global --with-gxx-include-dir=/not/exist/usr/include/c++/4.9.3 --with-sysroot=/not/exist --with-build-sysroot=/jenhome/jenkins/jobs/LE910Cx_Multi_DAILY/workspace/build/apps_proc/poky/build/tmp-glibc/sysroots/mdm9607 --enable-poison-system-directories --with-mpfr=/jenhome/jenkins/jobs/LE910Cx_Multi_DAILY/workspace/build/apps_proc/poky/build/tmp-glibc/sysroots/x86_64-linux/usr --with-system-zlib --disable-nls --with-arch=armv7-a'
gcc_cv_as='/jenhome/jenkins/jobs/LE910Cx_Multi_DAILY/workspace/build/apps_proc/poky/build/tmp-glibc/sysroots/x86_64-linux/usr/bin/arm-oe-linux-gnueabi/arm-oe-linux-gnueabi-as'
gcc_cv_ld='/jenhome/jenkins/jobs/LE910Cx_Multi_DAILY/workspace/build/apps_proc/poky/build/tmp-glibc/sysroots/x86_64-linux/usr/bin/arm-oe-linux-gnueabi/arm-oe-linux-gnueabi-ld'
gcc_cv_nm='/jenhome/jenkins/jobs/LE910Cx_Multi_DAILY/workspace/build/apps_proc/poky/build/tmp-glibc/sysroots/x86_64-linux/usr/bin/arm-oe-linux-gnueabi/arm-oe-linux-gnueabi-nm'
gcc_cv_objdump='/jenhome/jenkins/jobs/LE910Cx_Multi_DAILY/workspace/build/apps_proc/poky/build/tmp-glibc/sysroots/x86_64-linux/usr/bin/arm-oe-linux-gnueabi/arm-oe-linux-gnueabi-objdump'
gcc_cv_readelf='/usr/bin/readelf'
gcc_gxx_include_dir='/usr/include/c++/4.9.3'
gcc_gxx_include_dir_add_sysroot='1'
gcc_tooldir='$(libsubdir)/$(libsubdir_to_prefix)$(target_noncanonical)'
have_mktemp_command='yes'
host='x86_64-pc-linux-gnu'
host_alias='x86_64-linux'
host_cpu='x86_64'
host_exeext=''
host_os='linux-gnu'
host_subdir='.'
host_vendor='pc'
host_xm_defines=''
host_xm_file_list=' auto-host.h $(srcdir)/../include/ansidecl.h'
host_xm_include_list=' auto-host.h ansidecl.h'
htmldir='${docdir}'
includedir='/jenhome/jenkins/jobs/LE910Cx_Multi_DAILY/workspace/build/apps_proc/poky/build/tmp-glibc/sysroots/x86_64-linux/usr/include'
infodir='/jenhome/jenkins/jobs/LE910Cx_Multi_DAILY/workspace/build/apps_proc/poky/build/tmp-glibc/sysroots/x86_64-linux/usr/share/info'
inhibit_libc='false'
install=''
lang_opt_files=' /jenhome/jenkins/jobs/LE910Cx_Multi_DAILY/workspace/build/apps_proc/poky/build/tmp-glibc/work-shared/gcc-4.9.3-r0/gcc-4.9.3/gcc/ada/gcc-interface/lang.opt /jenhome/jenkins/jobs/LE910Cx_Multi_DAILY/workspace/build/apps_proc/poky/build/tmp-glibc/work-shared/gcc-4.9.3-r0/gcc-4.9.3/gcc/fortran/lang.opt /jenhome/jenkins/jobs/LE910Cx_Multi_DAILY/workspace/build/apps_proc/poky/build/tmp-glibc/work-shared/gcc-4.9.3-r0/gcc-4.9.3/gcc/go/lang.opt /jenhome/jenkins/jobs/LE910Cx_Multi_DAILY/workspace/build/apps_proc/poky/build/tmp-glibc/work-shared/gcc-4.9.3-r0/gcc-4.9.3/gcc/java/lang.opt /jenhome/jenkins/jobs/LE910Cx_Multi_DAILY/workspace/build/apps_proc/poky/build/tmp-glibc/work-shared/gcc-4.9.3-r0/gcc-4.9.3/gcc/lto/lang.opt'
lang_specs_files=' /jenhome/jenkins/jobs/LE910Cx_Multi_DAILY/workspace/build/apps_proc/poky/build/tmp-glibc/work-shared/gcc-4.9.3-r0/gcc-4.9.3/gcc/cp/lang-specs.h /jenhome/jenkins/jobs/LE910Cx_Multi_DAILY/workspace/build/apps_proc/poky/build/tmp-glibc/work-shared/gcc-4.9.3-r0/gcc-4.9.3/gcc/lto/lang-specs.h'
lang_tree_files=' /jenhome/jenkins/jobs/LE910Cx_Multi_DAILY/workspace/build/apps_proc/poky/build/tmp-glibc/work-shared/gcc-4.9.3-r0/gcc-4.9.3/gcc/ada/gcc-interface/ada-tree.def /jenhome/jenkins/jobs/LE910Cx_Multi_DAILY/workspace/build/apps_proc/poky/build/tmp-glibc/work-shared/gcc-4.9.3-r0/gcc-4.9.3/gcc/cp/cp-tree.def /jenhome/jenkins/jobs/LE910Cx_Multi_DAILY/workspace/build/apps_proc/poky/build/tmp-glibc/work-shared/gcc-4.9.3-r0/gcc-4.9.3/gcc/java/java-tree.def /jenhome/jenkins/jobs/LE910Cx_Multi_DAILY/workspace/build/apps_proc/poky/build/tmp-glibc/work-shared/gcc-4.9.3-r0/gcc-4.9.3/gcc/objc/objc-tree.def'
libdir='/jenhome/jenkins/jobs/LE910Cx_Multi_DAILY/workspace/build/apps_proc/poky/build/tmp-glibc/sysroots/x86_64-linux/usr/lib/arm-oe-linux-gnueabi'
libexecdir='/jenhome/jenkins/jobs/LE910Cx_Multi_DAILY/workspace/build/apps_proc/poky/build/tmp-glibc/sysroots/x86_64-linux/usr/libexec/arm-oe-linux-gnueabi'
libgcc_visibility='yes'
local_prefix='/usr/local'
localedir='${datarootdir}/locale'
localstatedir='/jenhome/jenkins/jobs/LE910Cx_Multi_DAILY/workspace/build/apps_proc/poky/build/tmp-glibc/sysroots/x86_64-linux/var'
loose_warn='-W -Wall -Wno-narrowing -Wwrite-strings -Wcast-qual'
make_compare_target='gnucompare'
mandir='/jenhome/jenkins/jobs/LE910Cx_Multi_DAILY/workspace/build/apps_proc/poky/build/tmp-glibc/sysroots/x86_64-linux/usr/share/man'
manext='.1'
md_file='arm/arm.md'
nocommon_flag=''
noexception_flags='-fno-exceptions -fno-rtti -fasynchronous-unwind-tables'
objc_boehm_gc=''
objdir='.libs'
objext='o'
oldincludedir='/jenhome/jenkins/jobs/LE910Cx_Multi_DAILY/workspace/build/apps_proc/poky/build/tmp-glibc/sysroots/x86_64-linux/usr/include'
out_file='arm/arm.c'
out_host_hook_obj='host-linux.o'
out_object_file='arm.o'
pdfdir='${docdir}'
pluginlibs='-rdynamic -ldl'
prefix='/jenhome/jenkins/jobs/LE910Cx_Multi_DAILY/workspace/build/apps_proc/poky/build/tmp-glibc/sysroots/x86_64-linux/usr'
program_transform_name='s&^&arm-oe-linux-gnueabi-&'
psdir='${docdir}'
ranlib_flags=''
sbindir='/jenhome/jenkins/jobs/LE910Cx_Multi_DAILY/workspace/build/apps_proc/poky/build/tmp-glibc/sysroots/x86_64-linux/usr/bin/arm-oe-linux-gnueabi'
sharedstatedir='/jenhome/jenkins/jobs/LE910Cx_Multi_DAILY/workspace/build/apps_proc/poky/build/tmp-glibc/sysroots/x86_64-linux/com'
srcdir='/jenhome/jenkins/jobs/LE910Cx_Multi_DAILY/workspace/build/apps_proc/poky/build/tmp-glibc/work-shared/gcc-4.9.3-r0/gcc-4.9.3/gcc'
strict_warn='-Wmissing-format-attribute -pedantic -Wno-long-long -Wno-variadic-macros -Wno-overlength-strings'
subdirs=' ada c cp fortran go java lto objc objcp'
sysconfdir='/jenhome/jenkins/jobs/LE910Cx_Multi_DAILY/workspace/build/apps_proc/poky/build/tmp-glibc/sysroots/x86_64-linux/etc'
target='arm-oe-linux-gnueabi'
target_alias='arm-oe-linux-gnueabi'
target_cpu='arm'
target_cpu_default='TARGET_CPU_generic'
target_noncanonical='arm-oe-linux-gnueabi'
target_os='linux-gnueabi'
target_subdir='arm-oe-linux-gnueabi'
target_vendor='oe'
tm_defines=' LIBC_GLIBC=1 LIBC_UCLIBC=2 LIBC_BIONIC=3 DEFAULT_LIBC=LIBC_GLIBC ANDROID_DEFAULT=0'
tm_file_list='options.h $(srcdir)/config/dbxelf.h $(srcdir)/config/elfos.h $(srcdir)/config/gnu-user.h $(srcdir)/config/linux.h $(srcdir)/config/linux-android.h $(srcdir)/config/glibc-stdint.h $(srcdir)/config/arm/elf.h $(srcdir)/config/arm/linux-gas.h $(srcdir)/config/arm/linux-elf.h $(srcdir)/config/arm/bpabi.h $(srcdir)/config/arm/linux-eabi.h $(srcdir)/config/arm/aout.h $(srcdir)/config/vxworks-dummy.h $(srcdir)/config/arm/arm.h $(srcdir)/config/initfini-array.h ./defaults.h'
tm_include_list='options.h insn-constants.h config/dbxelf.h config/elfos.h config/gnu-user.h config/linux.h config/linux-android.h config/glibc-stdint.h config/arm/elf.h config/arm/linux-gas.h config/arm/linux-elf.h config/arm/bpabi.h config/arm/linux-eabi.h config/arm/aout.h config/vxworks-dummy.h config/arm/arm.h config/initfini-array.h ./defaults.h'
tm_p_file_list=' $(srcdir)/config/arm/arm-protos.h $(srcdir)/config/arm/aarch-common-protos.h $(srcdir)/config/linux-protos.h tm-preds.h'
tm_p_include_list=' config/arm/arm-protos.h config/arm/aarch-common-protos.h config/linux-protos.h tm-preds.h'
tmake_file=' $(srcdir)/config/t-slibgcc $(srcdir)/config/t-linux $(srcdir)/config/t-glibc $(srcdir)/config/arm/t-arm $(srcdir)/config/arm/t-arm-elf $(srcdir)/config/arm/t-bpabi $(srcdir)/config/arm/t-linux-eabi'
use_gcc_stdint='wrap'
user_headers_inc_next_post=''
user_headers_inc_next_pre=''
valgrind_command=''
valgrind_path=''
valgrind_path_defines=''
warn_cflags='$(GCC_WARN_CFLAGS)'
warn_cxxflags='$(GCC_WARN_CXXFLAGS)'
with_cpu=''
with_float=''
xm_defines=''
xm_file_list=' auto-host.h $(srcdir)/../include/ansidecl.h'
xm_include_list=' auto-host.h ansidecl.h'
xmake_file=' $(srcdir)/config/x-linux'
zlibdir=''
zlibinc=''

## ------------------- ##
## File substitutions. ##
## ------------------- ##

language_hooks='Make-hooks'
option_includes='option-includes.mk'

## ----------- ##
## confdefs.h. ##
## ----------- ##

/* confdefs.h */
#define PACKAGE_NAME ""
#define PACKAGE_TARNAME ""
#define PACKAGE_VERSION ""
#define PACKAGE_STRING ""
#define PACKAGE_BUGREPORT ""
#define PACKAGE_URL ""
#define STDC_HEADERS 1
#define HAVE_SYS_TYPES_H 1
#define HAVE_SYS_STAT_H 1
#define HAVE_STDLIB_H 1
#define HAVE_STRING_H 1
#define HAVE_MEMORY_H 1
#define HAVE_STRINGS_H 1
#define HAVE_INTTYPES_H 1
#define HAVE_STDINT_H 1
#define HAVE_UNISTD_H 1
#define __EXTENSIONS__ 1
#define _ALL_SOURCE 1
#define _GNU_SOURCE 1
#define _POSIX_PTHREAD_SEMANTICS 1
#define _TANDEM_SOURCE 1
#define SIZEOF_VOID_P 8
#define SIZEOF_SHORT 2
#define SIZEOF_INT 4
#define SIZEOF_LONG 8
#define HAVE_LONG_LONG 1
#define SIZEOF_LONG_LONG 8
#define HAVE_LONG_LONG_INT 1
#define HAVE_INTMAX_T 1
#define HAVE_INTPTR_T 1
#define HAVE_UNSIGNED_LONG_LONG_INT 1
#define HAVE_UINTMAX_T 1
#define HAVE_UINTPTR_T 1
#define ENABLE_ASSERT_CHECKING 1
#define ENABLE_RUNTIME_CHECKING 1
#define GATHER_STATISTICS 0
#define ENABLE_DECIMAL_FLOAT 0
#define ENABLE_DECIMAL_BID_FORMAT 0
#define ENABLE_FIXED_POINT 1
#define STDC_HEADERS 1
#define TIME_WITH_SYS_TIME 1
#define STRING_WITH_STRINGS 1
#define HAVE_SYS_WAIT_H 1
#define GWINSZ_IN_SYS_IOCTL 1
#define HAVE_LIMITS_H 1
#define HAVE_STDDEF_H 1
#define HAVE_STRING_H 1
#define HAVE_STRINGS_H 1
#define HAVE_STDLIB_H 1
#define HAVE_TIME_H 1
#define HAVE_ICONV_H 1
#define HAVE_FCNTL_H 1
#define HAVE_UNISTD_H 1
#define HAVE_SYS_FILE_H 1
#define HAVE_SYS_TIME_H 1
#define HAVE_SYS_MMAN_H 1
#define HAVE_SYS_RESOURCE_H 1
#define HAVE_SYS_PARAM_H 1
#define HAVE_SYS_TIMES_H 1
#define HAVE_SYS_STAT_H 1
#define HAVE_MALLOC_H 1
#define HAVE_LANGINFO_H 1
#define HAVE_LOCALE_H 1
#define HAVE_WCHAR_H 1
#define HAVE_TR1_UNORDERED_MAP 1
#define HAVE_EXT_HASH_MAP 1
#define HAVE_INTTYPES_H 1
#define HAVE_TIMES 1
#define HAVE_CLOCK 1
#define HAVE_KILL 1
#define HAVE_GETRLIMIT 1
#define HAVE_SETRLIMIT 1
#define HAVE_ATOLL 1
#define HAVE_SYSCONF 1
#define HAVE_STRSIGNAL 1
#define HAVE_GETRUSAGE 1
#define HAVE_NL_LANGINFO 1
#define HAVE_GETTIMEOFDAY 1
#define HAVE_MBSTOWCS 1
#define HAVE_WCSWIDTH 1
#define HAVE_MMAP 1
#define HAVE_SETLOCALE 1
#define HAVE_CLEARERR_UNLOCKED 1
#define HAVE_FEOF_UNLOCKED 1
#define HAVE_FERROR_UNLOCKED 1
#define HAVE_FFLUSH_UNLOCKED 1
#define HAVE_FGETC_UNLOCKED 1
#define HAVE_FGETS_UNLOCKED 1
#define HAVE_FILENO_UNLOCKED 1
#define HAVE_FPUTC_UNLOCKED 1
#define HAVE_FPUTS_UNLOCKED 1
#define HAVE_FREAD_UNLOCKED 1
#define HAVE_FWRITE_UNLOCKED 1
#define HAVE_GETCHAR_UNLOCKED 1
#define HAVE_GETC_UNLOCKED 1
#define HAVE_PUTCHAR_UNLOCKED 1
#define HAVE_PUTC_UNLOCKED 1
#define HAVE_MADVISE 1
#define HAVE_WORKING_MBSTOWCS 1
#define HAVE_MMAP_FILE 1
#define HAVE_MMAP_DEV_ZERO 1
#define HAVE_MMAP_ANON 1
#define HAVE_FORK 1
#define HAVE_VFORK 1
#define HAVE_WORKING_VFORK 1
#define HAVE_WORKING_FORK 1
#define HAVE_ICONV 1
#define ICONV_CONST 
#define HAVE_LC_MESSAGES 1
#define HAVE_LANGINFO_CODESET 1
#define HAVE_DECL_GETENV 1
#define HAVE_DECL_ATOL 1
#define HAVE_DECL_ASPRINTF 1
#define HAVE_DECL_SBRK 1
#define HAVE_DECL_ABORT 1
#define HAVE_DECL_ATOF 1
#define HAVE_DECL_GETCWD 1
#define HAVE_DECL_GETWD 1
#define HAVE_DECL_STRSIGNAL 1
#define HAVE_DECL_STRSTR 1
#define HAVE_DECL_STPCPY 1
#define HAVE_DECL_STRVERSCMP 1
#define HAVE_DECL_ERRNO 1
#define HAVE_DECL_SNPRINTF 1
#define HAVE_DECL_VSNPRINTF 1
#define HAVE_DECL_VASPRINTF 1
#define HAVE_DECL_MALLOC 1
#define HAVE_DECL_REALLOC 1
#define HAVE_DECL_CALLOC 1
#define HAVE_DECL_FREE 1
#define HAVE_DECL_BASENAME 1
#define HAVE_DECL_GETOPT 0
#define HAVE_DECL_CLOCK 1
#define HAVE_DECL_GETPAGESIZE 1
#define HAVE_DECL_FFS 1
#define HAVE_DECL_CLEARERR_UNLOCKED 1
#define HAVE_DECL_FEOF_UNLOCKED 1
#define HAVE_DECL_FERROR_UNLOCKED 1
#define HAVE_DECL_FFLUSH_UNLOCKED 1
#define HAVE_DECL_FGETC_UNLOCKED 1
#define HAVE_DECL_FGETS_UNLOCKED 1
#define HAVE_DECL_FILENO_UNLOCKED 1
#define HAVE_DECL_FPRINTF_UNLOCKED 0
#define HAVE_DECL_FPUTC_UNLOCKED 1
#define HAVE_DECL_FPUTS_UNLOCKED 1
#define HAVE_DECL_FREAD_UNLOCKED 1
#define HAVE_DECL_FWRITE_UNLOCKED 1
#define HAVE_DECL_GETCHAR_UNLOCKED 1
#define HAVE_DECL_GETC_UNLOCKED 1
#define HAVE_DECL_PUTCHAR_UNLOCKED 1
#define HAVE_DECL_PUTC_UNLOCKED 1
#define HAVE_DECL_GETRLIMIT 1
#define HAVE_DECL_SETRLIMIT 1
#define HAVE_DECL_GETRUSAGE 1
#define HAVE_DECL_LDGETNAME 0
#define HAVE_DECL_TIMES 1
#define HAVE_DECL_SIGALTSTACK 1
#define HAVE_DECL_MADVISE 1
#define HAVE_STRUCT_TMS 1
#define HAVE_CLOCK_T 1
#define HOST_HAS_F_SETLKW 1
#define NEED_64BIT_HOST_WIDE_INT 1
#define HAVE_GNU_LD 1
#define HAVE_GNU_AS 1
#define DEFAULT_USE_CXA_ATEXIT 2
#define EXTRA_MODES_FILE "config/arm/arm-modes.def"
#define LTOPLUGINSONAME "liblto_plugin.so"
#define HAVE_DLFCN_H 1
#define LT_OBJDIR ".libs/"
#define PLUGIN_LD_SUFFIX "ld"
#define HAVE_GAS_BALIGN_AND_P2ALIGN 1
#define HAVE_GAS_MAX_SKIP_P2ALIGN 1
#define HAVE_GAS_SUBSECTION_ORDERING 1
#define HAVE_GAS_WEAK 1
#define HAVE_GAS_WEAKREF 1
#define HAVE_GNU_INDIRECT_FUNCTION 0
#define HAVE_GAS_HIDDEN 1
#define HAVE_LD_RO_RW_SECTION_MIXING 1
#define HAVE_AS_LEB128 1
#define HAVE_GAS_CFI_DIRECTIVE 1
#define HAVE_GAS_CFI_PERSONALITY_DIRECTIVE 1
#define HAVE_GAS_CFI_SECTIONS_DIRECTIVE 1
#define HAVE_GAS_SHF_MERGE 1
#define HAVE_COMDAT_GROUP 1
#define HAVE_GAS_DISCRIMINATOR 1
#define HAVE_AS_TLS 1
#define HAVE_LD_STATIC_DYNAMIC 1
#define LD_STATIC_OPTION "-Bstatic"
#define LD_DYNAMIC_OPTION "-Bdynamic"
#define HAVE_LD_DEMANGLE 1
#define HAVE_LTO_PLUGIN 2
#define HAVE_AS_DWARF2_DEBUG_LINE 1
#define HAVE_AS_GDWARF2_DEBUG_FLAG 1
#define HAVE_AS_GSTABS_DEBUG_FLAG 1
#define HAVE_AS_DEBUG_PREFIX_MAP 1
#define HAVE_GAS_GNU_UNIQUE_OBJECT 1
#define HAVE_AS_LINE_ZERO 1
#define HAVE_LD_EH_FRAME_HDR 1
#define HAVE_LD_EH_FRAME_CIEV3 1
#define HAVE_LD_PIE 1
#define HAVE_LD_AS_NEEDED 1
#define LD_AS_NEEDED_OPTION "--as-needed"
#define LD_NO_AS_NEEDED_OPTION "--no-as-needed"
#define HAVE_LD_BUILDID 1
#define ENABLE_LD_BUILDID 1
#define HAVE_LD_SYSROOT 1
#define TARGET_LIBC_PROVIDES_SSP 1
#define ENABLE_LTO 1
#define ENABLE_LTO 1
#define ENABLE_LTO 1
#define ENABLE_LTO 1
#define ENABLE_LTO 1
#define ENABLE_LTO 1
#define ENABLE_LTO 1
#define ENABLE_LTO 1
#define ENABLE_LTO 1
#define ENABLE_POISON_SYSTEM_DIRECTORIES 1
#define ENABLE_PLUGIN 1
#define ENABLE_LIBQUADMATH_SUPPORT 1
#define LINKER_HASH_STYLE "gnu"

configure: exit 0
